,release_year,budget,runtime,is_sequel,director_name,director_popularity,lead_actor1,lead_actor1_popularity,primary_genre,genre2,studio_1,studio_2,brand_name,mpaa_rating,release_month,is_holiday_release,Distributor,First_Week_Income,First_Week_Profit
0,2009,40000000,111,0,Mira Nair,1.3916,Hilary Swank,2.281,Adventure,Drama,AE Electra Productions,Fox Searchlight Pictures,General,PG,10,0,Fox Searchlight Pictures,5305832.0,-34694168.0
1,2009,237000000,162,1,James Cameron,4.3403,Sam Worthington,4.0107,Action,Adventure,Dune Entertainment,Lightstorm Entertainment,Avatar,PG-13,12,1,Twentieth Century Fox,137094051.0,-99905949.0
2,2009,60000000,100,0,Henry Selick,1.6349,Dakota Fanning,7.9341,Animation,Family,LAIKA,Pandemonium,General,PG,2,0,Focus Features,20235921.0,-39764079.0
3,2009,175000000,96,0,Pete Docter,1.348,Ed Asner,1.4701,Animation,Comedy,Pixar,,General,PG,5,0,Walt Disney Studios Motion Pictures,93072435.0,-81927565.0
4,2009,70000000,153,0,Quentin Tarantino,3.8346,Brad Pitt,9.031,Drama,Thriller,Universal Pictures,The Weinstein Company,General,R,8,0,The Weinstein Company,53703427.0,-16296573.0
5,2009,40000000,108,0,Anne Fletcher,0.6359,Sandra Bullock,7.9497,Comedy,Romance,Touchstone Pictures,Mandeville Films,General,PG-13,6,0,Walt Disney Studios Motion Pictures,50595503.0,10595503.0
6,2009,35000000,100,1,Todd Phillips,0.923,Bradley Cooper,3.143,Comedy,,Legendary Pictures,Green Hat Films,The Hangover,R,6,0,Warner Bros.,71974102.0,36974102.0
7,2009,105000000,98,0,Ron Clements,0.6673,Anika Noni Rose,2.0802,Animation,Romance,Walt Disney Animation Studios,,General,G,12,1,Walt Disney Studios Motion Pictures,1444860.0,-103555140.0
8,2009,16000000,93,0,Lasse Hallström,1.3838,Richard Gere,4.7385,Drama,Family,Scion Films,Stage 6 Films,General,G,6,0,,,
9,2009,40000000,99,0,James McTeigue,0.5862,Rain,1.546,Action,Adventure,Legendary Pictures,Dark Castle Entertainment,General,R,9,0,Warner Bros.,23127980.0,-16872020.0
10,2009,100000000,90,1,Christopher Miller,0.59,Bill Hader,1.79,Animation,Comedy,Sony Pictures Animation,Columbia Pictures,Cloudy with a Chance of Meatballs,PG,9,0,Sony Pictures Releasing,35435752.0,-64564248.0
11,2009,50000000,121,0,Alex Proyas,0.9095,Nicolas Cage,6.3482,Action,Mystery,Summit Entertainment,Escape Artists,General,PG-13,3,0,Summit Entertainment,31515012.0,-18484988.0
12,2009,200000000,158,0,Roland Emmerich,0.8237,John Cusack,2.3427,Action,Adventure,Columbia Pictures,Centropolis Entertainment,General,PG-13,10,0,Sony Pictures Releasing,81721057.0,-118278943.0
13,2009,7500000,95,0,Marc Webb,0.7434,Joseph Gordon-Levitt,3.7463,Comedy,Drama,Fox Searchlight Pictures,Watermark Pictures,General,PG-13,7,0,,,
14,2009,200000000,96,0,Robert Zemeckis,1.7739,Jim Carrey,6.4951,Animation,Family,Walt Disney Pictures,ImageMovers Digital,General,PG,11,1,Walt Disney Studios Motion Pictures,40963844.0,-159036156.0
15,2009,26000000,105,0,Jim Sheridan,0.6372,Tobey Maguire,4.2016,Drama,Thriller,Lionsgate,Relativity Media,General,R,12,1,Lionsgate,12798898.0,-13201102.0
16,2009,10000000,94,0,David Bowers,0.2114,Freddie Highmore,3.606,Animation,Action,Summit Entertainment,Imagi Animation Studios,General,PG,10,0,Summit Entertainment,7855767.0,-2144233.0
17,2009,15000000,92,0,Woody Allen,1.2222,Larry David,0.7924,Comedy,Romance,Wild Bunch,Gravier Productions,General,PG-13,6,0,,,
18,2009,15000000,90,0,Brian Koppelman,0.554,Michael Douglas,3.7231,Comedy,Drama,Paul Schiff Productions,Smartest Man Productions,General,R,9,0,Anchor Bay Films,132556.0,-14867444.0
19,2009,50000000,118,0,Tom Tykwer,0.7627,Clive Owen,2.9839,Action,Thriller,Studio Babelsberg,Atlas Entertainment,General,R,2,0,Sony Pictures Releasing,12567284.0,-37432716.0
20,2009,150000000,139,1,Ron Howard,2.9724,Tom Hanks,14.407,Thriller,Mystery,Columbia Pictures,Imagine Entertainment,Angels & Demons,PG-13,4,0,Sony Pictures Releasing,60110626.0,-89889374.0
21,2009,50000000,131,1,Chris Weitz,0.5979,Kristen Stewart,6.9117,Adventure,Fantasy,Summit Entertainment,Temple Hill Entertainment,The Twilight Saga,PG-13,11,1,Summit Entertainment,188077665.0,138077665.0
22,2009,30000000,112,0,Neill Blomkamp,0.5274,Sharlto Copley,2.0236,Science Fiction,,TriStar Pictures,Block / Hanson,General,R,8,0,TriStar Pictures,54590771.0,24590771.0
23,2009,20000000,122,1,Jaume Collet-Serra,0.7757,Vera Farmiga,6.1041,Horror,Thriller,Dark Castle Entertainment,Appian Way,Orphan,R,7,0,Warner Bros.,19541393.0,-458607.0
24,2009,8800000,89,0,Michael Staininger,0.0168,Wes Bentley,2.2596,Horror,,Jeff Most Productions,Lamplight Films,General,R,11,1,,,
25,2009,90000000,94,1,Carlos Saldanha,0.3712,Ray Romano,1.7068,Animation,Comedy,Blue Sky Studios,20th Century Fox Animation,Ice Age,PG,6,0,Twentieth Century Fox,80417460.0,-9582540.0
26,2009,5000000,91,1,Louis Morneau,0.2441,Nicki Aycox,1.8767,Crime,Thriller,JR Canada Productions,,Joy Ride 2,NR,1,0,,,
27,2009,10000000,94,0,Keoni Waxman,0.3217,Steven Seagal,3.1614,Action,Thriller,Steamroller Productions,Voltage Pictures,General,R,10,0,,,
28,2009,39000000,107,0,Robert Schwentke,0.7224,Eric Bana,3.4119,Drama,Romance,New Line Cinema,Plan B Entertainment,General,PG-13,8,0,Warner Bros.,27423249.0,-11576751.0
29,2009,1500000,97,0,Dean O'Flaherty,0.0958,Tahyna MacManus,0.8885,Drama,Mystery,Kojo Pictures,,General,R,8,0,,,
30,2009,16000000,107,0,Karyn Kusama,0.9013,Megan Fox,7.3324,Horror,Comedy,Fox Atomic,Dubiecki/Novick/Reitman Productions,General,R,9,0,Twentieth Century Fox,8805814.0,-7194186.0
31,2009,175000000,94,0,Rob Letterman,0.4577,Reese Witherspoon,3.5603,Animation,Family,DreamWorks Animation,,General,PG,3,0,,,
32,2009,80000000,89,0,Jonathan Mostow,0.4046,Bruce Willis,4.9534,Science Fiction,Action,Wintergreen Productions,Touchstone Pictures,General,PG-13,9,0,Walt Disney Studios Motion Pictures,19043080.0,-60956920.0
33,2009,6000000,92,0,Andrew Lancaster,0.1528,Geena Davis,2.4697,Comedy,Drama,Red Carpet Productions,,General,R,4,0,,,
34,2009,130000000,163,0,Zack Snyder,5.3725,Malin Åkerman,5.3916,Mystery,Action,Warner Bros. Pictures,Paramount Pictures,General,R,3,0,Warner Bros.,67934692.0,-62065308.0
35,2009,365000,90,0,Bo Zenga,0.1094,Steve Howey,2.2866,Comedy,,Insight Film Studios,,General,R,10,0,,,
36,2009,30000000,120,0,Ang Lee,1.4533,Demetri Martin,0.4844,Music,Comedy,Focus Features,Ang Lee Productions,General,R,8,0,Focus Features,4066569.0,-25933431.0
37,2009,200000000,115,1,McG,0.7213,Christian Bale,6.5434,Action,Science Fiction,The Halcyon Company,Moritz Borman Productions,Terminator Salvation,PG-13,5,0,Warner Bros.,71859503.0,-128140497.0
38,2009,45000000,104,0,MJ Bassett,0.8165,James Purefoy,1.9308,Adventure,Fantasy,Davis Films,Czech Anglo Pictures,General,R,12,1,,,
39,2009,30000000,99,0,Sam Raimi,1.8116,Alison Lohman,1.4707,Horror,Thriller,Universal Pictures,Ghost House Pictures,General,PG-13,5,0,Universal Pictures,21192680.0,-8807320.0
40,2009,8000000,93,1,John Putch,0.3507,Bug Hall,1.3784,Comedy,,Capital Arts Entertainment,,American Pie Presents,R,12,1,,,
41,2009,10000000,92,0,Gilles Paquet-Brenner,0.2188,Mischa Barton,1.6016,Horror,Thriller,experiences films,Forecast Pictures,General,R,2,0,,,
42,2009,16000000,87,0,David S. Goyer,0.632,Odette Annable,4.39,Horror,Thriller,Rogue Pictures,Platinum Dunes,General,PG-13,1,0,Universal Pictures,23239155.0,7239155.0
43,2009,27000000,109,0,Christian Alvart,0.3243,Renée Zellweger,3.2988,Horror,Mystery,Paramount Vantage,Misher Films,General,R,8,0,Paramount Vantage,6969700.0,-20030300.0
44,2009,3000000,91,1,Declan O'Brien,0.2312,Tom Frederic,0.5803,Horror,Thriller,Constantin Film,Summit Entertainment,Wrong Turn 3,NR,10,0,,,
45,2009,3400000,90,1,Marcus Dunstan,0.6507,Josh Stewart,1.6261,Horror,Thriller,Imaginarium Entertainment Group,Fortress Features,The Collector,R,7,0,Freestyle Releasing,5075540.0,1675540.0
46,2009,1500000,96,0,Julie Davis,0.4761,Leelee Sobieski,3.0351,Comedy,,North by Northwest Entertainment,Cinamour Entertainment,General,NR,1,0,,,
47,2009,53000000,109,0,F. Gary Gray,0.577,Jamie Foxx,3.0171,Drama,Crime,The Film Department,Evil Twins,General,R,10,0,Overture Films,27604815.0,-25395185.0
48,2009,35000000,102,0,Peter Chelsom,0.206,Miley Cyrus,1.8464,Comedy,Drama,It's a Laugh Productions,Millar Gough Ink,General,G,4,0,Walt Disney Studios Motion Pictures,43467822.0,8467822.0
49,2009,29000000,129,0,John Lee Hancock,0.5985,Sandra Bullock,7.9497,Drama,,Alcon Entertainment,Netter Productions,General,PG-13,11,1,Warner Bros.,60127477.0,31127477.0
50,2009,10000000,110,0,Lee Daniels,0.3974,Gabourey Sidibe,0.9715,Drama,,Smokewood Entertainment Group,Lee Daniels Entertainment,General,R,11,1,Lionsgate,2824552.0,-7175448.0
51,2009,30000000,89,0,Gary Winick,0.6696,Kate Hudson,4.3898,Comedy,Romance,Fox 2000 Pictures,Regency Enterprises,General,PG,1,0,Twentieth Century Fox,25827125.0,-4172875.0
52,2009,8000000,92,0,Mike Judge,2.1584,Jason Bateman,6.0826,Comedy,,Miramax,,General,R,9,0,Miramax,6438409.0,-1561591.0
53,2009,1200000,90,0,David Michael Latt,0.206,Brittany Murphy,3.2247,TV Movie,Action,The Asylum,,General,PG-13,10,0,,,
54,2009,10000000,91,1,Andrew Morahan,0.1601,JJ Feild,1.5729,Drama,,Impala,Milkshake Films,Goal III,NR,6,0,,,
55,2009,20000000,96,1,Mark Neveldine,0.378,Jason Statham,18.2824,Action,Thriller,Lionsgate,Lakeshore Entertainment,Crank,R,4,0,Lionsgate,9117573.0,-10882427.0
56,2009,300000,85,0,Pearry Reginald Teo,0.3387,Layton Matthews,0.0853,Horror,,Compound B,Eslinger Joyce Entertainment,General,NR,10,0,,,
57,2009,5000000,100,0,Nicholaus Goossen,0.095,Drew Seeley,1.0038,Mystery,Horror,Minds Eye Entertainment,Scary Madison Productions,General,R,2,0,,,
58,2009,2900000,85,0,Scott Sanders,0.3751,Michael Jai White,5.316,Comedy,Action,Six Point Harness,Destination Films,General,R,10,0,Apparition,188518.0,-2711482.0
59,2009,40000000,87,0,Wes Anderson,2.2128,George Clooney,5.2692,Adventure,Animation,Regency Enterprises,Indian Paintbrush,General,PG,10,0,Twentieth Century Fox,358536.0,-39641464.0
60,2009,23600000,87,1,Ruben Fleischer,1.0433,Jesse Eisenberg,4.9929,Comedy,Horror,Columbia Pictures,Relativity Media,Zombieland,R,10,0,Sony Pictures Releasing,32801081.0,9201081.0
61,2009,65000000,136,0,Peter Jackson,2.4778,Saoirse Ronan,3.3042,Fantasy,Drama,WingNut Films,DreamWorks Pictures,General,PG-13,12,1,DreamWorks,155590.0,-64844410.0
62,2009,10000000,83,1,Isaac Florentine,0.4991,Scott Adkins,5.6607,Action,Crime,Nu Image,Millennium Media,Ninja,R,10,0,,,
63,2009,40000000,67,1,Alex Winter,3.2689,Ryan Kelley,1.242,Adventure,Action,Cartoon Network Studios,Trouper,Ben 10,PG,11,1,,,
64,2009,30000000,79,0,Shane Acker,0.1633,Elijah Wood,3.374,Action,Adventure,Tim Burton Productions,Relativity Media,General,PG-13,8,0,Focus Features,16336319.0,-13663681.0
65,2009,150000000,127,1,J.J. Abrams,1.4739,Chris Pine,3.2276,Science Fiction,Action,Paramount Pictures,Spyglass Entertainment,Star Trek,PG-13,5,0,Paramount Pictures,100610837.0,-49389163.0
66,2009,15000000,102,0,Udayan Prasad,0.3252,Maria Bello,4.0358,Drama,Romance,area japan,,General,PG-13,11,1,,,
67,2009,40000000,101,0,Dominic Sena,0.2801,Kate Beckinsale,10.0026,Action,Crime,Dark Castle Entertainment,Warner Bros. Pictures,General,R,9,0,Warner Bros.,6422590.0,-33577410.0
68,2009,20000000,102,0,Burr Steers,0.7344,Zac Efron,7.3795,Comedy,Fantasy,New Line Cinema,Offspring Entertainment,General,PG-13,3,0,Warner Bros.,28304838.0,8304838.0
69,2009,20000000,91,0,Will Gluck,0.5104,Nicholas D'Agosto,1.1944,Comedy,,Weinstock Productions,Screen Gems,General,PG-13,2,0,Screen Gems,6337210.0,-13662790.0
70,2009,75000000,88,1,Betty Thomas,0.5085,Zachary Levi,1.9849,Comedy,Family,Fox 2000 Pictures,Bagdasarian Productions,Alvin and the Chipmunks,PG,12,1,Twentieth Century Fox,100217975.0,25217975.0
71,2009,22000000,108,1,Renny Harlin,1.0392,John Cena,4.3502,Action,Thriller,The Mark Gordon Company,Midnight Sun Pictures,12 Rounds,PG-13,3,0,Twentieth Century Fox,6721861.0,-15278139.0
72,2009,6000200,94,1,Jon Harris,0.2332,Shauna Macdonald,0.5611,Adventure,Horror,Pathe,Celador Films,The Descent,R,10,0,,,
73,2009,30000000,115,0,Richard Kelly,0.4413,Cameron Diaz,4.8864,Thriller,Science Fiction,MRC,Radar Pictures,General,PG-13,10,0,Warner Bros.,10021254.0,-19978746.0
74,2009,35000000,92,1,Patrick Tatopoulos,0.2708,Rhona Mitra,3.6971,Fantasy,Action,Screen Gems,Lakeshore Entertainment,Underworld,R,1,0,Screen Gems,25584474.0,-9415526.0
75,2009,45000000,86,0,John Schultz,0.2263,Carter Jenkins,0.7714,Adventure,Comedy,Regency Enterprises,Josephson Entertainment,General,PG,7,0,Twentieth Century Fox,12292893.0,-32707107.0
76,2009,90000000,129,1,Guy Ritchie,2.8818,Robert Downey Jr.,7.311,Action,Adventure,Warner Bros. Pictures,Village Roadshow Pictures,Sherlock Holmes,PG-13,12,1,Warner Bros.,102102956.0,12102956.0
77,2009,5000000,87,0,Stephen Herek,0.2956,Ellen Muth,0.8042,Drama,Fantasy,Metro-Goldwyn-Mayer,,General,R,2,0,,,
78,2009,40000000,104,0,P.J. Hogan,0.4938,Isla Fisher,6.4655,Comedy,Romance,Touchstone Pictures,Jerry Bruckheimer Films,General,PG,2,0,Walt Disney Studios Motion Pictures,20635271.0,-19364729.0
79,2009,100000000,106,0,Tony Scott,1.6894,Denzel Washington,6.0583,Crime,Thriller,Escape Artists,Columbia Pictures,General,R,6,0,,,
80,2009,60000000,97,0,Harold Ramis,1.6647,Jack Black,5.4901,Comedy,Adventure,Columbia Pictures,Apatow Productions,General,PG-13,6,0,Sony Pictures Releasing,26507116.0,-33492884.0
81,2009,100000000,101,0,Spike Jonze,0.9379,Max Records,0.9171,Fantasy,Drama,Warner Bros. Pictures,Legendary Pictures,General,PG,10,0,Warner Bros.,39539575.0,-60460425.0
82,2009,4000000,82,0,Clare Kilner,0.2312,Jenna Dewan,2.4027,Comedy,,Domain Entertainment Michigan,,General,R,10,0,,,
83,2009,15000000,113,0,Dennis Iliadis,0.831,Tony Goldwyn,2.1782,Crime,Thriller,Rogue Pictures,Film Afrika,General,R,3,0,Universal Pictures,18126260.0,3126260.0
84,2009,3500000,101,0,Peter Stebbings,1.2866,Woody Harrelson,6.0845,Drama,Action,Alliance Films,Darius Films,General,R,9,0,,,
85,2009,7000000,112,0,Scott Cooper,1.0419,Jeff Bridges,3.8008,Drama,Music,Fox Searchlight Pictures,Informant Media,General,R,12,1,Fox Searchlight Pictures,132143.0,-6867857.0
86,2009,60000000,109,0,Joe Wright,1.8202,Robert Downey Jr.,7.311,Drama,Music,DreamWorks Pictures,Universal Pictures,General,PG-13,4,0,DreamWorks,12508138.0,-47491862.0
87,2009,175000000,118,1,Stephen Sommers,0.8777,Adewale Akinnuoye-Agbaje,1.3982,Adventure,Action,Paramount Pictures,Spyglass Entertainment,G.I. Joe,PG-13,8,0,Paramount Pictures,76253188.0,-98746812.0
88,2009,25000000,113,0,Wayne Kramer,0.548,Harrison Ford,6.6538,Crime,Drama,Movie Prose,C.O. Films,General,R,2,0,The Weinstein Company,104131.0,-24895869.0
89,2009,41000000,105,0,John Hamburg,0.414,Paul Rudd,3.0344,Comedy,Romance,The Montecito Picture Company,De Line Pictures,General,R,3,0,DreamWorks,24406773.0,-16593227.0
90,2009,58000000,103,0,Marc Lawrence,0.3039,Hugh Grant,2.3643,Comedy,Drama,Banter,Relativity Media,General,PG-13,12,1,Sony Pictures Releasing,10600185.0,-47399815.0
91,2009,40000000,82,1,David R. Ellis,0.4706,Bobby Campo,1.0005,Horror,Mystery,Parallel Zide,New Line Cinema,The Final Destination,R,8,0,Warner Bros.,35139997.0,-4860003.0
92,2009,10000000,89,0,Lara Shapiro,0.3941,Lindsay Lohan,3.0292,Comedy,,Grand Army Entertainment,Latitude Films,General,PG-13,6,0,,,
93,2009,50000000,98,1,Andy Fickman,0.3789,Dwayne Johnson,5.6007,Adventure,Family,Walt Disney Pictures,Gunn Films,Race to Witch Mountain,PG,3,0,Walt Disney Studios Motion Pictures,31710552.0,-18289448.0
94,2009,60000000,125,0,Tony Gilroy,1.2256,Julia Roberts,6.2251,Romance,Comedy,Medienproduktion Poseidon Filmgesellschaft,Universal Pictures,General,PG-13,3,0,Universal Pictures,18082380.0,-41917620.0
95,2009,40000000,123,0,Nora Ephron,0.3472,Meryl Streep,3.1563,Romance,Drama,Columbia Pictures,Easy There Tiger Productions,General,PG-13,8,0,Sony Pictures Releasing,31284468.0,-8715532.0
96,2009,5100000,104,0,Jonas Pate,0.3673,Kevin Spacey,2.3992,Comedy,Drama,Ithaka Entertainment,Ignite Entertainment,General,R,7,0,Roadside Attractions,23856.0,-5076144.0
97,2009,35000000,105,0,Jean-Marc Vallée,0.3654,Emily Blunt,19.2777,Drama,History,GK Films,Mandate International,General,PG,3,0,Apparition,198982.0,-34801018.0
98,2009,40000000,129,0,Ken Kwapis,0.2197,Ginnifer Goodwin,6.9886,Comedy,Romance,Flower Films,Warner Bros. Pictures,General,PG-13,2,0,Warner Bros.,35468468.0,-4531532.0
99,2009,100000000,140,0,Michael Mann,1.3612,Johnny Depp,6.5752,Crime,History,Universal Pictures,Relativity Media,General,R,7,0,Universal Pictures,47059130.0,-52940870.0
100,2009,70000000,92,1,Harald Zwart,0.364,Steve Martin,1.8793,Comedy,Mystery,Metro-Goldwyn-Mayer,Columbia Pictures,The Pink Panther,PG,2,0,Sony Pictures Releasing,13320994.0,-56679006.0
101,2009,4500000,92,0,Tibor Takács,0.4563,Christian Slater,3.6077,Action,Comedy,Nu Image,Lies and Deceptions Productions,General,R,8,0,,,
102,2009,60000000,127,0,Kevin Macdonald,0.2889,Russell Crowe,4.5456,Thriller,Crime,Andell Entertainment,Universal Pictures,General,PG-13,4,0,Universal Pictures,18233005.0,-41766995.0
103,2009,70000000,127,0,Alejandro Amenábar,1.4173,Rachel Weisz,4.2009,Adventure,Drama,Mod Producciones,Himenóptero,General,PG-13,5,0,,,
104,2009,625000,101,0,Steven Hentges,0.0214,Lori Heuring,0.5455,Horror,,5 States,Global Empire Studios,General,R,5,0,,,
105,2009,9000000,104,0,Tim Blake Nelson,1.4378,Edward Norton,5.062,Comedy,Crime,Leaves Productions,Nu Image,General,R,9,0,,,
106,2009,25000000,83,0,Damien Dante Wayans,0.7958,Shoshana Bush,0.6606,Music,Comedy,Paramount Pictures,MTV Films,General,PG-13,5,0,Paramount Pictures,14341271.0,-10658729.0
107,2009,150000000,105,1,Shawn Levy,2.0627,Ben Stiller,3.8913,Adventure,Fantasy,21 Laps Entertainment,1492 Pictures,Night at the Museum,PG,5,0,Twentieth Century Fox,79796400.0,-70203600.0
108,2009,17000000,95,0,Donald Petrie,0.7226,Nia Vardalos,0.9517,Comedy,Romance,Fox Searchlight Pictures,26 Films,General,PG-13,6,0,Fox Searchlight Pictures,4661283.0,-12338717.0
109,2009,3700000,93,0,Ben Ramsey,0.4231,Michael Jai White,5.316,Action,Crime,Remarkable Films,Michael Mailer Films,General,R,2,0,,,
110,2009,35000000,100,0,Thor Freudenthal,0.3207,Emma Roberts,5.8354,Comedy,Family,DreamWorks Pictures,Nickelodeon Movies,General,PG,1,0,DreamWorks,24594815.0,-10405185.0
111,2009,12500000,118,0,William Dear,0.2617,Jake T. Austin,1.0247,Drama,Family,HighRoad Entertainment,Prelude Pictures,General,PG,11,1,IndustryWorks Pictures,353000.0,-12147000.0
112,2009,75000000,146,0,Judd Apatow,1.3011,Adam Sandler,4.1529,Comedy,Drama,Universal Pictures,Columbia Pictures,General,R,7,0,Universal Pictures,32551320.0,-42448680.0
113,2009,4500000,104,0,Agnieszka Wojtowicz-Vosloo,0.1157,Christina Ricci,3.4723,Drama,Horror,Lleju Productions,Harbor Light Entertainment,General,R,11,1,Anchor Bay Films,83182.0,-4416818.0
114,2009,18000000,109,0,Brandon Camp,0.641,Aaron Eckhart,3.0806,Drama,Romance,Stuber Pictures,Universal Pictures,General,PG-13,9,0,Universal Pictures,10400730.0,-7599270.0
115,2009,10000000,93,0,Adam Gierasch,0.6139,Monica Keena,1.903,Horror,Action,Project 8 Films,Cold Fusion Media Group,General,R,8,0,,,
116,2009,3800000,95,0,Dagur Kári,0.139,Brian Cox,3.074,Drama,Comedy,Nimbus Film,Forensic Films,General,R,9,0,,,
117,2009,20000000,101,0,Nelson McCormick,0.2113,Dylan Walsh,1.6727,Horror,Thriller,Screen Gems,Maverick Films,General,PG-13,10,0,Screen Gems,13851683.0,-6148317.0
118,2009,1300000,103,0,Tyler Oliver,0.0071,Carly Schroeder,0.9368,Drama,Horror,Capstone Entertainment Group,Vindicated Pictures,General,R,10,0,,,
119,2009,19000000,97,0,Marcus Nispel,0.7579,Travis Van Winkle,1.4602,Horror,Thriller,New Line Cinema,Paramount Pictures,General,R,2,0,Warner Bros.,47177191.0,28177191.0
120,2009,6000000,82,0,Chris Moore,0.1794,Don McManus,0.9476,Horror,Thriller,Bender-Spink Inc.,,General,NR,10,0,,,
121,2009,20000000,88,0,Nimród Antal,0.5944,Matt Dillon,2.5661,Action,Crime,Screen Gems,Stars Road Entertainment,General,PG-13,12,1,Screen Gems,8246521.0,-11753479.0
122,2009,25000,90,0,Joseph Guzman,0.0865,Cheryl Lyone,0.6289,Horror,Thriller,Freak Show Entertainment,,General,NR,9,0,,,
123,2009,7000000,106,0,Ethan Coen,0.7866,Michael Stuhlbarg,2.7618,Comedy,Drama,Focus Features,StudioCanal,General,R,10,0,Focus Features,351986.0,-6648014.0
124,2009,60000000,111,0,Kenny Ortega,0.7374,Michael Jackson,1.3018,Music,Documentary,Columbia Pictures,AEG Live,General,PG,10,0,Sony Pictures Releasing,39571833.0,-20428167.0
125,2009,6000000,90,1,Alex Zamm,0.5415,Kyla Pratt,1.4109,Comedy,Family,20th Century Fox Home Entertainment,,Dr. Dolittle,PG,4,0,,,
126,2009,150000000,88,0,Hoyt Yeatman,0.4257,Sam Rockwell,3.1889,Family,Fantasy,Walt Disney Pictures,Jerry Bruckheimer Films,General,PG,7,0,Walt Disney Studios Motion Pictures,49403423.0,-100596577.0
127,2009,9800000,107,0,Greg Mottola,0.4481,Jesse Eisenberg,4.9929,Comedy,Drama,Miramax,This is that,General,R,4,0,Miramax,8017291.0,-1782709.0
128,2009,350000,92,0,Dana Heinz Perry,0.1244,Evan Scott Perry,0.0214,Documentary,,Perry Films,,General,NR,9,0,,,
129,2009,18000000,107,0,Kevin Tancharoen,0.1699,Kay Panabaker,1.0174,Music,Comedy,Lakeshore Entertainment,Metro-Goldwyn-Mayer,General,PG,9,0,Metro-Goldwyn-Mayer (MGM),11880236.0,-6119764.0
130,2009,15000000,99,0,Phil Traill,0.1276,Bradley Cooper,3.143,Comedy,,Dune Entertainment III,Fortis Films,General,PG-13,8,0,Twentieth Century Fox,16012385.0,1012385.0
131,2009,3000000,84,0,Benny Boom,0.2107,Yasmin Deliz,0.1779,Action,Comedy,Melee Entertainment,Next Day Air Productions,General,R,2,0,Summit Entertainment,5368343.0,2368343.0
132,2009,10000000,102,1,Peter Cornwell,0.5866,Virginia Madsen,1.8503,Thriller,Horror,Integrated Films,Lionsgate,The Haunting in Connecticut,PG-13,3,0,Lionsgate,27689633.0,17689633.0
133,2009,42000000,83,0,Larry Charles,0.4502,Sacha Baron Cohen,2.0651,Comedy,,MRC,Everyman Pictures,General,R,7,0,Universal Pictures,41215090.0,-784910.0
134,2009,22000000,108,0,Steven Soderbergh,1.2462,Matt Damon,15.403,Drama,Comedy,Warner Bros. Pictures,Participant,General,R,9,0,Warner Bros.,14076861.0,-7923139.0
135,2009,10000000,89,0,Jared Hess,1.1654,Michael Angarano,1.9696,Comedy,Science Fiction,Fox Searchlight Pictures,Rip Cord Productions,General,PG-13,9,0,Fox Searchlight Pictures,17718.0,-9982282.0
136,2009,700000,94,0,Andrew Prendergast,0.239,Dwayne Adway,0.6197,TV Movie,Horror,CineTel Films,,General,NR,2,0,,,
137,2009,6000000,129,0,Stephen Poliakoff,0.1801,Romola Garai,1.5418,War,Drama,Screen East Content Investment Fund,BBC Film,General,R,11,1,,,
138,2009,26000000,91,1,Steve Carr,0.9732,Kevin James,4.0728,Action,Adventure,Hey Eddie,Columbia Pictures,Paul Blart,PG,1,0,Sony Pictures Releasing,43300198.0,17300198.0
139,2009,7000000,106,0,Bob Gosse,0.459,Matt Czuchry,2.6235,Comedy,,Darko Entertainment,Rudius Films,General,R,9,0,Freestyle Releasing,540638.0,-6459362.0
140,2009,12000000,93,0,Gordon Chan,0.7153,Monique Ganderton,0.9436,Action,Thriller,Micott & Basara K.K.,Inferno International,General,NR,11,1,,,
141,2009,9000000,93,0,Richard Crudo,0.1312,Steven Seagal,3.1614,Horror,Action,Steamroller Productions,Castel Film,General,R,2,0,,,
142,2009,50000000,95,0,Mark Neveldine,0.378,Gerard Butler,8.5815,Action,Thriller,Lionsgate,Lakeshore Entertainment,General,R,9,0,Lionsgate,12968598.0,-37031402.0
143,2009,38000000,96,0,Robert Luketic,0.7913,Katherine Heigl,3.6931,Comedy,Romance,Lakeshore Entertainment,Relativity Media,General,R,7,0,Sony Pictures Releasing,41481408.0,3481408.0
144,2009,7500000,95,0,James Cotten,0.0717,Ray Liotta,2.4284,Action,Crime,Project One Films,Baja Films Internacional,General,R,5,0,,,
145,2009,9000000,103,0,Emily Young,0.113,Sarah Michelle Gellar,2.4191,Drama,Romance,Velvet Steamroller Entertainment,Future Films,General,R,5,0,,,
146,2009,10000000,98,0,Olatunde Osunsanmi,0.4791,Milla Jovovich,5.8775,Mystery,Science Fiction,Universal Pictures,Gold Circle Films,General,PG-13,11,1,Universal Pictures,15844295.0,5844295.0
147,2009,1500000,88,0,Morgan J. Freeman,0.505,Mischa Barton,1.6016,Horror,Thriller,Paper Street Films,Animus Films,General,R,7,0,,,
148,2009,40000000,109,0,Paul Weitz,0.9314,Chris Massoglia,0.7472,Adventure,Fantasy,Universal Pictures,Relativity Media,General,PG-13,10,0,Universal Pictures,7711790.0,-32288210.0
149,2009,70000000,113,0,Peter Billingsley,0.799,Vince Vaughn,2.0753,Comedy,Romance,Stuber Pictures,Universal Pictures,General,PG-13,9,0,Universal Pictures,45390345.0,-24609655.0
150,2009,85000000,121,0,Nancy Meyers,0.8855,Meryl Streep,3.1563,Comedy,Romance,Waverly Films,Scott Rudin Productions,General,R,12,1,Universal Pictures,40375875.0,-44624125.0
151,2009,20000000,128,0,Michael Moore,0.8929,Michael Moore,0.8929,Documentary,History,The Weinstein Company,Paramount Vantage,General,R,9,0,Overture Films,350300.0,-19649700.0
152,2009,12000000,104,0,Michael Sucsy,0.3304,Drew Barrymore,3.0101,History,Drama,Specialty Films,Locomotive,General,PG,6,0,,,
153,2009,21000000,99,0,Kirk Jones,0.675,Robert De Niro,6.5125,Drama,,Miramax,Hollywood Gang Productions,General,PG-13,12,1,Miramax,5133667.0,-15866333.0
154,2009,8000000,120,0,Sandra Nettelbeck,0.1568,Ashley Judd,3.2188,Drama,,Insight Film Studios,Egoli Tossell Film,General,NR,11,1,,,
155,2009,2000000,87,0,Uwe Boll,0.6282,Edward Furlong,2.1721,Crime,Drama,KSM Film,Event Film Distribution,General,NR,6,0,,,
156,2009,3000000,92,1,Sebastian Gutierrez,0.2929,Carla Gugino,4.8104,Comedy,Drama,Gato Negro Films,,Women in Trouble,R,11,1,,,
157,2009,10000000,89,0,Jeff Beesley,0.8241,Christian Slater,3.6077,Crime,Thriller,Minds Eye Entertainment,Film Bridge International,General,R,7,0,,,
158,2009,24000000,94,0,Grant Heslov,0.8288,George Clooney,5.2692,Comedy,War,Ruby Films,BBC Film,General,R,10,0,Overture Films,17176297.0,-6823703.0
159,2009,80000000,118,0,Rob Marshall,0.6187,Daniel Day-Lewis,1.5748,Drama,Music,Relativity Media,The Weinstein Company,General,PG-13,12,1,The Weinstein Company,378072.0,-79621928.0
160,2009,30000000,85,0,James Wong,0.9195,Justin Chatwin,2.2499,Action,Adventure,World Film Magic,Dune Entertainment,General,PG,3,0,Twentieth Century Fox,6249620.0,-23750380.0
161,2009,33000000,108,0,Christian Alvart,0.3243,Ben Foster,1.3539,Action,Horror,Impact Pictures,Studio Babelsberg,General,R,9,0,Overture Films,5895780.0,-27104220.0
162,2009,5000000,97,1,Duncan Jones,1.0372,Sam Rockwell,3.1889,Science Fiction,Drama,Lunar Industries,Liberty Films,Moon,R,6,0,,,
163,2009,20000000,90,0,Jonas Åkerlund,0.6754,Dennis Quaid,3.3957,Crime,Drama,Mandate Pictures,Platinum Dunes,General,R,2,0,,,
164,2009,30000000,109,0,Nick Cassavetes,1.0084,Cameron Diaz,4.8864,Drama,,Mark Johnson Productions,Gran Via Productions,General,PG-13,6,0,Warner Bros.,20730255.0,-9269745.0
165,2009,3000000,88,0,Conor McPherson,0.577,Ciarán Hinds,2.8228,Drama,Horror,Treasure Entertainment,RTÉ,General,R,4,0,,,
166,2009,10000000,90,0,Jason Connery,1.2825,Cuba Gooding Jr.,1.7096,Action,Horror,Ice Cold Productions,Empyreal Entertainment,General,R,5,0,,,
167,2009,1000000,98,0,Dan Eckman,0.1035,Donald Glover,1.212,Comedy,Crime,Derrick Comedy Productions,Offhollywood Digital,General,R,8,0,Roadside Attractions,9756.0,-990244.0
168,2009,15000000,96,0,Russell Mulcahy,0.4079,Thomas Jane,2.8827,Crime,Action,Martini Films,North by Northwest Entertainment,General,R,1,0,,,
169,2009,19000000,113,1,Tyler Perry,2.1061,Tyler Perry,2.1061,Drama,Comedy,Lions Gate Films,,I Can Do Bad All By Myself,PG-13,9,0,,,
170,2009,2000000,79,1,John Gulager,0.6654,Johanna Putnam,0.1942,Horror,Action,Neo Art & Logic,LivePlanet,Feast III,R,2,0,,,
171,2009,1700000,77,0,Steven Soderbergh,1.2462,Sasha Grey,19.511,Drama,,Magnolia Pictures,2929 Productions,General,R,5,0,,,
172,2009,3700000,103,0,Richard Clabaugh,0.0789,Adrian Paul,0.8747,Action,Adventure,Crimson Wolf Productions,,General,R,4,0,,,
173,2009,5000000,94,0,Ernie Barbarash,0.5029,Cuba Gooding Jr.,1.7096,Science Fiction,Adventure,Motion Picture Corporation of America,Insight Film Studios,General,R,11,1,,,
174,2009,6500000,113,0,Oren Moverman,0.2294,Ben Foster,1.3539,Drama,Romance,Oscilloscope,,General,R,11,1,,,
175,2009,15000000,127,0,Francis Ford Coppola,1.3812,Vincent Gallo,0.88,Drama,,American Zoetrope,Zoetropa Argentina,General,R,6,0,American Zoetrope,51437.0,-14948563.0
176,2009,4000000,103,1,Chris Fisher,0.4858,Daveigh Chase,1.0409,Thriller,Crime,Newmarket Capital Group,Adam Fields Productions,S. Darko,R,4,0,,,
177,2009,11000000,90,1,Kevin Greutert,0.8303,Tobin Bell,1.9156,Horror,Thriller,Lionsgate,Twisted Pictures,Saw VI,R,10,0,Lionsgate,17263955.0,6263955.0
178,2009,6000000,100,1,Harvey Glazer,0.299,Jonathan Bennett,1.7051,Comedy,Romance,Tapestry Films,Starz Media,Van Wilder,R,6,0,,,
179,2009,6000000,99,0,Shana Feste,0.709,Pierce Brosnan,4.1488,Drama,,Barbarian Films,Oceana Media Finance,General,R,2,0,,,
180,2009,60000000,134,0,Clint Eastwood,4.2252,Morgan Freeman,9.2254,Drama,History,Warner Bros. Pictures,Spyglass Entertainment,General,PG-13,12,1,Warner Bros.,11674785.0,-48325215.0
181,2009,12300000,84,0,Ryan Shiraki,0.0689,Amy Poehler,1.6278,Comedy,,Code Entertainment,,General,R,5,0,,,
182,2009,10000000,90,0,Julio DePietro,0.0764,Alexis Bledel,2.7701,Comedy,Romance,Whitest Pouring Films,Belladonna Productions,General,R,4,0,Roadside Attractions,43232.0,-9956768.0
183,2009,10000000,98,0,Jeff F. King,0.5076,Steven Seagal,3.1614,Action,Adventure,Steamroller Productions,Insight Film Studios,General,R,5,0,,,
184,2009,600000,90,0,C. Thomas Howell,2.4933,C. Thomas Howell,2.4933,Action,Fantasy,The Asylum,,General,NR,7,0,,,
185,2009,1000000,88,0,Nicholas Jasenovec,0.7046,Charlyne Yi,1.5134,Comedy,Drama,Unknown,,General,PG-13,8,0,Overture Films,345886.0,-654114.0
186,2009,5000000,84,0,Paul Solet,0.242,Jordan Ladd,1.0128,Horror,Thriller,ArieScope Pictures,Dark Eye Entertainment,General,R,8,0,Anchor Bay Films,8297.0,-4991703.0
187,2009,10000000,108,0,Richard Loncraine,0.215,Renée Zellweger,3.2988,Comedy,Drama,Herrick Entertainment,,General,PG-13,8,0,Freestyle Releasing,85989.0,-9914011.0
188,2009,10000000,97,0,Tom Hooper,0.4419,Michael Sheen,1.7149,Drama,History,BBC Film,Screen Yorkshire,General,R,3,0,,,
189,2009,200000000,150,1,Michael Bay,12.8671,Shia LaBeouf,4.797,Science Fiction,Action,DreamWorks Pictures,Paramount Pictures,Transformers,PG-13,6,0,DreamWorks,228441219.0,28441219.0
190,2009,18000000,89,0,Miguel Arteta,0.395,Michael Cera,3.672,Comedy,Romance,Dimension Films,Permut Presentations,General,R,9,0,Dimension Films,9139032.0,-8860968.0
191,2009,3000000,98,0,Nia Vardalos,0.9517,Nia Vardalos,0.9517,Comedy,Romance,I Hate Vday Productions,ICB Entertainment Finance,General,PG-13,6,0,,,
192,2009,500000,120,0,Brian Baugh,0.5821,Randy Wayne,0.4745,Drama,,New Song Pictures,Outreach Films,General,PG-13,11,1,The Samuel Goldwyn Company,1836498.0,1336498.0
193,2009,3500000,84,0,Enda McCallion,0.0684,Laura Breckenridge,0.8374,Horror,,Thats Hollywood,Maverick Films,General,R,1,0,Open Road Films (II),6783057.0,3283057.0
194,2009,20000000,91,0,Peter Hewitt,0.5018,Morgan Freeman,9.2254,Comedy,Crime,Dog Pond Productions,Yan Film Group,General,PG-13,5,0,,,
195,2009,17000000,98,0,Sam Mendes,1.2818,John Krasinski,6.0673,Drama,Comedy,Focus Features,Big Beach,General,R,6,0,Focus Features,196820.0,-16803180.0
196,2009,38000000,111,0,Paul McGuigan,0.3336,Chris Evans,4.899,Science Fiction,Action,Summit Entertainment,Icon Productions,General,PG-13,2,0,Summit Entertainment,12394428.0,-25605572.0
197,2009,7000000,100,0,Tom Ford,0.4636,Colin Firth,3.4876,Drama,Romance,Fade To Black,Depth of Field,General,R,12,1,The Weinstein Company,332350.0,-6667650.0
198,2009,15000000,101,0,Patrick Lussier,0.5597,Jensen Ackles,5.4222,Horror,Thriller,Lionsgate,,General,R,1,0,Lionsgate,27674736.0,12674736.0
199,2009,25000000,104,0,Mimi Leder,0.659,Morgan Freeman,9.2254,Action,Thriller,Revelations Entertainment,Millennium Media,General,R,1,0,,,
200,2009,3900000,90,0,Kyle Newman,0.1984,Sam Huntington,1.2441,Adventure,Comedy,The Weinstein Company,Third Rail Releasing,General,PG-13,2,0,The Weinstein Company,220427.0,-3679573.0
201,2009,500000,106,0,Nathan Hope,0.1428,Anna Kendrick,4.3959,Crime,Drama,Lost Toys,,General,R,1,0,,,
202,2009,7500000,93,1,David Mickey Evans,0.9026,Josh Flitter,0.8403,Comedy,Family,Morgan Creek Entertainment,Four Aces Productions,Ace Ventura Jr,PG,3,0,,,
203,2009,4500000,84,0,Paul Hoen,0.3179,Emily Osment,2.5389,Comedy,Adventure,Salty Pictures,Walt Disney Television,General,G,2,0,,,
204,2009,7000000,125,0,Rodrigo García,0.2975,Naomi Watts,2.8305,Drama,Romance,Mockingbird Pictures,Everest Entertainment,General,R,11,1,,,
205,2009,32000000,111,0,John Hillcoat,0.4388,Viggo Mortensen,2.9793,Adventure,Drama,Dimension Films,2929 Productions,General,R,11,1,Dimension Films,2305145.0,-29694855.0
206,2009,25000000,110,0,Jason Reitman,1.1694,George Clooney,5.2692,Drama,Romance,Paramount Pictures,DreamWorks Pictures,General,R,12,1,Paramount Pictures,1588283.0,-23411717.0
207,2009,15000000,89,0,Vicky Jenson,0.6688,Alexis Bledel,2.7701,Comedy,Drama,The Montecito Picture Company,Dune Entertainment,General,PG-13,8,0,Twentieth Century Fox,3839975.0,-11160025.0
208,2009,4700000,100,0,Atom Egoyan,0.2893,Devon Bostick,3.199,Drama,Romance,Serendipity Point Films,ARP Sélection,General,NR,4,0,,,
209,2009,100000000,102,0,Brad Silberling,0.7744,Will Ferrell,2.198,Adventure,Science Fiction,Universal Pictures,Relativity Media,General,PG-13,6,0,Universal Pictures,25826520.0,-74173480.0
210,2009,250000,91,0,Robert D. Siegel,0.2084,Patton Oswalt,1.3375,Comedy,Drama,Big Fan,First Independent Pictures,General,R,2,0,,,
211,2009,8000000,102,0,Dmitry Kiselev,0.2558,Grigoriy Dobrygin,0.7147,Science Fiction,Action,Bazelevs,Tabbak,General,NR,12,1,,,
212,2009,10000000,77,0,Rob Zombie,0.9084,Tom Papa,0.3496,Animation,Action,Starz Media,Anchor Bay Films,General,R,9,0,,,
213,2009,250000,106,0,Jamin Winans,0.0286,Christopher Soren Kelly,0.3105,Action,Fantasy,Double Edge Films,,General,NR,1,0,,,
214,2009,5000000,90,0,Katherine Dieckmann,0.0756,Uma Thurman,8.3886,Comedy,Drama,John Wells Productions,,General,PG-13,1,0,Freestyle Releasing,69264.0,-4930736.0
215,2009,8000000,97,0,Jonas Elmer,0.1302,Renée Zellweger,3.2988,Comedy,Romance,The Safran Company,Gold Circle Films,General,PG,1,0,Lionsgate,8628291.0,628291.0
216,2009,800000,100,0,J Blakeson,0.6326,Gemma Arterton,3.2462,Crime,Drama,CinemaNX,Isle of Man Film,General,R,9,0,Anchor Bay Films,56461.0,-743539.0
217,2009,8000000,94,1,Jesse V. Johnson,0.6198,Ross McCall,1.5554,Crime,Drama,OddLot Entertainment,,Green Street Hooligans,R,3,0,,,
218,2009,40000000,89,0,Robert Rodriguez,2.0538,Jimmy Bennett,0.7231,Family,Fantasy,Troublemaker Studios,Image Nation Abu Dhabi,General,PG,8,0,Warner Bros.,8695352.0,-31304648.0
219,2009,4000000,102,0,Jeff F. King,0.5076,Steve Austin,1.0302,Action,Thriller,NGN Fighter Productions,NGN Productions,General,R,10,0,,,
220,2009,18500000,100,0,Ricky Gervais,1.9747,Ricky Gervais,1.9747,Comedy,Fantasy,MRC,1821 Pictures,General,PG-13,10,0,Warner Bros.,8956605.0,-9543395.0
221,2009,10000000,99,0,Bobcat Goldthwait,1.1099,Robin Williams,2.8299,Comedy,Drama,Magnolia Pictures,Darko Entertainment,General,R,8,0,,,
222,2009,5000000,90,1,Toby Wilkins,0.1038,Johanna Braddy,1.7801,Mystery,Horror,Stage 6 Films,Ghost House Pictures,The Grudge,R,5,0,,,
223,2009,20000000,108,0,Steve Shill,0.3476,Idris Elba,5.7282,Drama,Thriller,Screen Gems,Sony Pictures,General,PG-13,2,0,Screen Gems,34802334.0,14802334.0
224,2009,6500000,88,0,Álvaro de Armiñán,0.0557,Mike Vogel,1.1009,Horror,Thriller,Open Pictures,Alchemedia Films,General,R,9,0,,,
225,2009,10000000,105,1,Rob Zombie,0.9084,Malcolm McDowell,2.9321,Horror,,Dimension Films,Spectacle Entertainment Group,Halloween,R,8,0,Dimension Films,20055892.0,10055892.0
226,2009,7000000,123,0,Richard Dutcher,0.1734,Ving Rhames,2.9747,Horror,Thriller,Main Street Movie Company,,General,NR,2,0,,,
227,2009,18000000,102,0,Chris Columbus,2.1327,Hayden Panettiere,3.3717,Comedy,Romance,Fox Atomic,1492 Pictures,General,PG-13,7,0,Twentieth Century Fox,7596376.0,-10403624.0
228,2009,12000000,92,0,Michael Cuesta,0.2473,Josh Lucas,2.3408,Drama,Horror,Artina Films,Oceana Media Finance,General,NR,4,0,,,
229,2009,25000000,117,0,Bruce Beresford,0.5397,Amanda Schull,2.4175,Drama,Romance,Great Scott Productions Pty. Ltd.,,General,PG,10,0,,,
230,2009,3500000,101,1,Mike Clattenburg,0.4037,John Paul Tremblay,0.8213,Comedy,Crime,Trailer Park Productions,Topsail Entertainment,Trailer Park Boys,R,9,0,,,
231,2009,22000000,105,0,George Gallo,0.5377,Luke Wilson,1.4664,Drama,Comedy,Paramount Pictures,Mallick Media,General,R,5,0,Paramount Vantage,543216.0,-21456784.0
232,2009,37500000,115,0,Mark Waters,0.531,Matthew McConaughey,9.2816,Romance,Comedy,Jon Shestack Productions,New Line Cinema,General,PG-13,5,0,Warner Bros.,19796245.0,-17703755.0
233,2009,25000000,122,0,Werner Herzog,0.9606,Nicolas Cage,6.3482,Drama,Crime,Pressman Film,Saturn Films,General,R,9,0,,,
234,2009,8000000,118,1,Troy Duffy,0.1253,Sean Patrick Flanery,1.3983,Action,Thriller,Stage 6 Films,Chris Brinker Productions,The Boondock Saints II,R,11,1,Apparition,816531.0,-7183469.0
235,2009,3000000,102,0,Danny Lerner,2.6356,Olga Kurylenko,4.5424,Drama,Thriller,Bleiberg Entertainment,"Moving Pictures, DPI",General,R,12,1,,,
236,2009,3000000,83,0,Frank Sabatella,0.1461,Nate Dushku,0.1119,Horror,Thriller,Sideshow Pictures,Chaos Squared,General,R,10,0,,,
237,2009,50000000,97,0,Andrzej Bartkowiak,0.4877,Kristin Kreuk,3.6153,Action,Adventure,Hyde Park Entertainment,20th Century Fox,General,PG-13,2,0,Twentieth Century Fox,5767269.0,-44232731.0
238,2009,5000000,87,1,Ti West,0.6824,Rider Strong,0.8208,Horror,,Morningstar Films,Carr Miller Entertainment,Cabin Fever 2,R,8,0,,,
239,2009,14000000,98,0,David Twohy,0.3823,Steve Zahn,3.1901,Thriller,Mystery,Tooley Productions,Rogue,General,R,6,0,Universal Pictures,8700235.0,-5299765.0
240,2009,18000000,86,0,Jody Hill,0.77,Seth Rogen,6.1304,Comedy,Crime,Legendary Pictures,De Line Pictures,General,R,4,0,Warner Bros.,14637300.0,-3362700.0
241,2009,8000000,95,0,Brian Herzlinger,0.2864,Heather Graham,2.8395,Comedy,Romance,A Plus Entertainment,Big Shot Productions,General,R,6,0,,,
242,2009,55000000,107,0,Karey Kirkpatrick,0.4212,Eddie Murphy,4.9959,Family,Comedy,Internationale Filmproduktion Stella-del-Sud Third,Paramount Pictures,General,PG,6,0,Paramount Pictures,8251378.0,-46748622.0
243,2009,15000000,111,0,Drew Barrymore,3.0101,Elliot Page,5.5678,Drama,,Dune Entertainment,Mandate Pictures,General,PG-13,4,0,Fox Searchlight Pictures,5966058.0,-9033942.0
244,2009,6000000,101,0,Vic Sarin,0.2089,Connie Nielsen,4.46,Family,Drama,Sepia Films,Octagon Films,General,PG,10,0,,,
245,2009,2500000,100,0,Jon Gunn,0.985,Mira Sorvino,2.1415,Drama,,lucky crow films,Downes Brothers Entertainment,General,PG-13,2,0,,,
246,2009,3500000,75,0,Lauren Montgomery,0.6709,Christopher Meloni,1.4036,Action,Adventure,DC,Warner Bros. Animation,General,PG-13,7,0,,,
247,2009,35000000,88,0,Walt Becker,0.1354,John Travolta,3.7668,Comedy,Family,Walt Disney Pictures,Tapestry Films,General,PG,11,1,Walt Disney Studios Motion Pictures,25770487.0,-9229513.0
248,2009,17500000,102,1,Tyler Perry,2.1061,Tyler Perry,2.1061,Comedy,Crime,Tyler Perry Studios,,Madea Goes to Jail,PG-13,2,0,Lionsgate,48349622.0,30849622.0
249,2009,100000,25,0,Chandler Tuttle,0.0453,James Cosmo,1.3204,Action,Science Fiction,Moving Picture Institute,,General,NR,5,0,,,
250,2009,25000000,105,0,Peter Hyams,0.5139,Jesse Metcalfe,1.7671,Thriller,,Aramid Entertainment,Autonomous Films,General,PG-13,2,0,Anchor Bay Films,24082.0,-24975918.0
251,2009,6000000,104,0,Raymond De Felitta,0.3399,Andy Garcia,3.0822,Drama,Comedy,Filmsmith Productions,CineSon Entertainment,General,PG-13,3,0,Anchor Bay Films,43673.0,-5956327.0
252,2009,20000000,111,0,Todd Graff,0.7939,Aly Michalka,1.3595,Comedy,Drama,Summit Entertainment,Walden Media,General,PG,8,0,Summit Entertainment,3576709.0,-16423291.0
253,2009,12500000,101,1,Stewart Hendler,0.2077,Briana Evigan,1.3497,Horror,Mystery,Karz Entertainment,Summit Entertainment,Sorority Row,R,9,0,Summit Entertainment,6380984.0,-6119016.0
254,2009,10000000,80,0,Josef Rusnak,0.3421,Bijou Phillips,1.0067,Horror,Science Fiction,Alive Productions,Amicus Entertainment,General,R,8,0,,,
255,2009,7500000,100,0,Lone Scherfig,0.2684,Carey Mulligan,2.8127,Drama,Romance,BBC Film,Wildgaze Films,General,PG-13,10,0,,,
256,2009,8000000,95,0,Scott Mann,0.4765,Ving Rhames,2.9747,Horror,Action,Sherwood Schwartz Productions,Storitel,General,R,5,0,,,
257,2009,6000000,93,0,Zach Cregger,1.0632,Zach Cregger,1.0632,Comedy,Romance,The Jacobson Company,Fox Atomic,General,R,3,0,Fox Searchlight Pictures,3456944.0,-2543056.0
258,2009,6000000,90,0,Danny Lerner,2.6356,Dolph Lundgren,4.9853,Action,Adventure,Unknown,,General,NR,4,0,,,
259,2009,6500000,94,0,Keoni Waxman,0.3217,Steven Seagal,3.1614,Crime,Action,My Own Worst Enemy,Steamroller Productions,General,NR,12,1,,,
260,2009,6300000,96,1,Ellory Elkayem,0.2711,Oliver James,1.3461,Action,Adventure,Paramount Famous Productions,,Without a Paddle,PG-13,1,0,,,
261,2009,85000000,107,1,Justin Lin,0.7866,Vin Diesel,9.8318,Action,Crime,dentsu,Universal Pictures,Fast & Furious,PG-13,4,0,Universal Pictures,89259190.0,4259190.0
262,2009,2000000,97,0,Anders Anderson,0.0453,Jon Hamm,4.2569,Crime,Drama,Boy in the Box,Capitol Films,General,R,10,0,,,
263,2009,10000000,89,0,Neal Brennan,0.2305,Jeremy Piven,3.2525,Comedy,,Kevin Messick Productions,Paramount Vantage,General,R,5,0,Paramount Vantage,8537431.0,-1462569.0
264,2009,4300000,90,0,Rachel Ward,2.1139,Ben Mendelsohn,2.8384,Drama,,Beautiful Kate Productions,Doll Australia,General,R,8,0,,,
265,2009,150000000,107,1,Gavin Hood,0.7646,Hugh Jackman,5.2825,Adventure,Action,The Donners' Company,Seed Productions,X-Men Origins,PG-13,4,0,Twentieth Century Fox,102624147.0,-47375853.0
266,2009,22000000,86,0,Anthony Waller,0.4749,Adrian Paul,0.8747,Horror,Mystery,A-Mark Entertainment,,General,R,10,0,,,
267,2009,20000,86,0,Dominic Perez,0.0,Gail Cadden,0.0071,Horror,Thriller,Go Show Media,,General,R,6,0,,,
268,2010,160000000,148,0,Christopher Nolan,7.3643,Leonardo DiCaprio,7.7581,Action,Science Fiction,Legendary Pictures,Syncopy,General,PG-13,7,0,Warner Bros.,100158412.0,-59841588.0
269,2010,200000000,124,1,Jon Favreau,3.4142,Robert Downey Jr.,7.311,Adventure,Action,Marvel Studios,Fairview Entertainment,Iron Man,PG-13,4,0,Paramount Pictures,159159871.0,-40840129.0
270,2010,260000000,100,1,Byron Howard,2.0656,Mandy Moore,2.0438,Animation,Family,Walt Disney Animation Studios,Walt Disney Pictures,Tangled,PG,11,1,Walt Disney Studios Motion Pictures,72174989.0,-187825011.0
271,2010,80000000,138,0,Martin Scorsese,3.0015,Leonardo DiCaprio,7.7581,Drama,Thriller,Paramount Pictures,Phoenix Pictures,General,R,2,0,Paramount Pictures,47549663.0,-32450337.0
272,2010,200000000,108,1,Tim Burton,2.9308,Mia Wasikowska,2.8525,Family,Fantasy,Walt Disney Pictures,Roth Films,Alice in Wonderland,PG,3,0,Walt Disney Studios Motion Pictures,146625356.0,-53374644.0
273,2010,40000000,107,1,Nimród Antal,0.5944,Adrien Brody,3.9002,Science Fiction,Action,Davis Entertainment,20th Century Fox,Predators,R,7,0,Twentieth Century Fox,33284041.0,-6715959.0
274,2010,200000000,102,1,Lee Unkrich,0.6706,Tom Hanks,14.407,Animation,Family,Pixar,,Toy Story,G,6,0,Walt Disney Studios Motion Pictures,141036487.0,-58963513.0
275,2010,165000000,98,1,Dean DeBlois,0.9633,Jay Baruchel,3.0487,Fantasy,Adventure,DreamWorks Animation,,How to Train Your Dragon,PG,3,0,DreamWorks,186611167.0,21611167.0
276,2010,130000000,96,1,Tom McGrath,0.6733,Will Ferrell,2.198,Animation,Action,DreamWorks Animation,Pacific Data Images,Megamind,PG,10,0,DreamWorks,59702174.0,-70297826.0
277,2010,38000000,110,0,Ethan Coen,0.7866,Jeff Bridges,3.8008,Drama,Adventure,Scott Rudin Productions,Mike Zoss Productions,General,PG-13,12,1,Paramount Pictures,49341221.0,11341221.0
278,2010,165000000,93,1,Mike Mitchell,0.7056,Mike Myers,2.8606,Comedy,Adventure,DreamWorks Animation,,Shrek Forever After,PG,5,0,DreamWorks,89750351.0,-75249649.0
279,2010,69000000,95,1,Pierre Coffin,0.6692,Steve Carell,4.2116,Family,Comedy,Illumination,Universal Pictures,Despicable Me,PG,7,0,Universal Pictures,85630895.0,16630895.0
280,2010,80000000,102,1,Dennis Dugan,0.8356,Adam Sandler,4.1529,Comedy,,Columbia Pictures,Relativity Media,Grown Ups,PG-13,6,0,Sony Pictures Releasing,58581515.0,-21418485.0
281,2010,2000000,98,0,Chris Shadley,0.0822,Melissa Joan Hart,1.2705,Crime,Horror,Louisiana Media Productions,Hartbreak Films,General,R,3,0,,,
282,2010,2000000,108,1,Steven R. Monroe,0.8107,Sarah Butler,1.8828,Thriller,Crime,Anchor Bay Films,CineTel Films,I Spit on Your Grave,R,6,0,Anchor Bay Films,48808.0,-1951192.0
283,2010,50000000,88,0,Tom Dey,0.5513,Owen Wilson,4.1783,Family,Comedy,Dune Entertainment,Davis Entertainment,General,PG,6,0,Twentieth Century Fox,16278836.0,-33721164.0
284,2010,1000000,112,0,Derek Cianfrance,0.2983,Ryan Gosling,7.8717,Drama,Romance,Cottage Industries,Incentive Filmed Entertainment,General,R,12,1,The Weinstein Company,367529.0,-632471.0
285,2010,125000000,106,1,Louis Leterrier,0.9558,Sam Worthington,4.0107,Adventure,Fantasy,The Zanuck Company,Legendary Pictures,Clash of the Titans,PG-13,3,0,Warner Bros.,80938310.0,-44061690.0
286,2010,170000000,126,1,Joseph Kosinski,1.6843,Garrett Hedlund,2.7938,Adventure,Action,Walt Disney Pictures,Sean Bailey Productions,TRON,PG,12,1,,,
287,2010,15000000,92,1,Thor Freudenthal,0.3207,Zachary Gordon,2.1037,Comedy,Family,Dayday Films,Color Force,Diary of a Wimpy Kid,PG,3,0,Twentieth Century Fox,25776429.0,10776429.0
288,2010,40000000,121,1,David Fincher,2.0014,Jesse Eisenberg,4.9929,Drama,,Columbia Pictures,Relativity Media,The Social Network,PG-13,10,0,Sony Pictures Releasing,30569170.0,-9430830.0
289,2010,95000000,118,1,Chris Columbus,2.1327,Logan Lerman,6.8261,Adventure,Fantasy,1492 Pictures,Sunswept Entertainment,Percy Jackson & the Olympians,PG,2,0,Twentieth Century Fox,41553214.0,-53446786.0
290,2010,58000000,111,1,Robert Schwentke,0.7224,Bruce Willis,4.9534,Action,Adventure,di Bonaventura Pictures,DC,RED,PG-13,10,0,Summit Entertainment,28483269.0,-29516731.0
291,2010,8000000,93,0,Will Gluck,0.5104,Emma Stone,8.3629,Comedy,,Screen Gems,Olive Bridge Entertainment,General,PG-13,9,0,Screen Gems,22113718.0,14113718.0
292,2010,3000000,90,0,Peter Atencio,0.1453,William Forsythe,0.7557,Action,Horror,OffSpring Productions,Workshop Films 2,General,NR,10,0,,,
293,2010,143000,103,0,Tim Story,1.0149,Forest Whitaker,3.417,Drama,,Dimension Films,The Story Company,General,PG-13,2,0,,,
294,2010,25000000,108,0,Lasse Hallström,1.3838,Amanda Seyfried,7.4833,Drama,Romance,Screen Gems,Relativity Media,General,PG-13,2,0,Screen Gems,37877572.0,12877572.0
295,2010,68000000,124,1,David Slade,0.5438,Kristen Stewart,6.9117,Adventure,Fantasy,Summit Entertainment,Temple Hill Entertainment,The Twilight Saga,PG-13,6,0,Summit Entertainment,13258246.0,-54741754.0
296,2010,40000000,140,1,Harald Zwart,0.364,Jaden Smith,5.2658,Action,Adventure,Jerry Weintraub Productions,Columbia Pictures,The Karate Kid,PG,6,0,Sony Pictures Releasing,67661679.0,27661679.0
297,2010,3000000,96,1,Isaac Florentine,0.4991,Scott Adkins,5.6607,Action,Thriller,Undisputed 3 Productions,Nu Image,Undisputed III,R,4,0,,,
298,2010,20000000,104,0,Anton Corbijn,0.3361,George Clooney,5.2692,Crime,Drama,Twins Financing,This is that,General,R,8,0,Focus Features,20879376.0,879376.0
299,2010,19000000,100,0,Anand Tucker,0.2145,Amy Adams,5.3101,Romance,Comedy,Birnbaum/Barber Productions,Universal Pictures,General,PG,1,0,Universal Pictures,11701170.0,-7298830.0
300,2010,80000000,118,0,Albert Hughes,0.4498,Denzel Washington,6.0583,Action,Thriller,Alcon Entertainment,Silver Pictures,General,R,1,0,Warner Bros.,45003223.0,-34996777.0
301,2010,20000000,98,0,Michael Spierig,0.688,Ethan Hawke,8.4233,Action,Fantasy,Lionsgate,Pictures in Paradise,General,R,1,0,Lionsgate,19188401.0,-811599.0
302,2010,13000000,109,0,Darren Aronofsky,1.0906,Natalie Portman,5.7498,Drama,Thriller,Fox Searchlight Pictures,Cross Creek Pictures,General,R,12,1,Fox Searchlight Pictures,2279174.0,-10720826.0
303,2010,10000000,88,0,John Carpenter,1.4924,Amber Heard,2.7849,Horror,Mystery,FilmNation Entertainment,Premiere Picture,General,R,9,0,,,
304,2010,30000000,112,0,Edward Zwick,0.8714,Jake Gyllenhaal,7.9386,Drama,Comedy,Fox 2000 Pictures,Regency Enterprises,General,R,11,1,Twentieth Century Fox,15459216.0,-14540784.0
305,2010,30000000,105,0,Gary Winick,0.6696,Amanda Seyfried,7.4833,Comedy,Drama,Summit Entertainment,Applehead Pictures,General,PG,5,0,Summit Entertainment,18326241.0,-11673759.0
306,2010,24000000,88,1,Alexandre Aja,0.4412,Elisabeth Shue,5.4856,Comedy,Horror,Atmosphere Entertainment MM,Chako Film Company,Piranha 3D,R,8,0,Dimension Films,13964011.0,-10035989.0
307,2010,35000000,109,1,Susanna White,0.4271,Emma Thompson,6.8841,Comedy,Fantasy,Three Strange Angels,Relativity Media,Nanny McPhee and the Big Bang,PG,3,0,,,
308,2010,500,85,1,Anthony Fankhauser,0.8074,Rachel Riley,0.4989,Horror,Mystery,The Asylum,,8213,NR,9,0,,,
309,2010,100000000,107,0,Adam McKay,1.2573,Will Ferrell,2.198,Comedy,Action,Columbia Pictures,Gary Sanchez Productions,General,PG-13,8,0,Sony Pictures Releasing,52543321.0,-47456679.0
310,2010,28000000,118,1,Matthew Vaughn,0.8725,Aaron Taylor-Johnson,4.0339,Action,Crime,Marv,Plan B Entertainment,Kick-Ass,R,3,0,Lionsgate,25365824.0,-2634176.0
311,2010,37000000,125,0,Ben Affleck,10.0095,Ben Affleck,10.0095,Crime,Drama,Legendary Pictures,GK Films,General,R,9,0,Warner Bros.,33086901.0,-3913099.0
312,2010,25000000,97,0,Sylvain White,0.2711,Jeffrey Dean Morgan,6.9416,Action,Adventure,Dark Castle Entertainment,Weed Road Pictures,General,PG-13,4,0,Warner Bros.,12125310.0,-12874690.0
313,2010,80000000,103,1,Sylvester Stallone,9.4362,Sylvester Stallone,9.4362,Thriller,Adventure,Nimar Studios,Rogue Marble,The Expendables,R,8,0,Lionsgate,48389085.0,-31610915.0
314,2010,30000000,107,0,Kevin Smith,1.34,Bruce Willis,4.9534,Action,Comedy,Marc Platt Productions,,General,R,2,0,Warner Bros.,23215299.0,-6784701.0
315,2010,48000000,101,1,Michael Lembeck,0.7622,Dwayne Johnson,5.6007,Comedy,Family,Dune Entertainment,Dune Entertainment III,Tooth Fairy,PG,1,0,Twentieth Century Fox,16106278.0,-31893722.0
316,2010,47000000,82,0,Jimmy Hayward,0.9225,Josh Brolin,5.5472,Action,Western,Warner Bros. Pictures,Legendary Pictures,General,PG-13,6,0,Warner Bros.,6672949.0,-40327051.0
317,2010,110000000,117,0,Joe Carnahan,0.538,Liam Neeson,7.5562,Action,Comedy,Phoenix Film Partners,Dune Entertainment,General,PG-13,6,0,Twentieth Century Fox,31373885.0,-78626115.0
318,2010,150000000,109,0,Jon Turteltaub,0.9367,Nicolas Cage,6.3482,Fantasy,Adventure,Walt Disney Pictures,Jerry Bruckheimer Films,General,PG,7,0,Walt Disney Studios Motion Pictures,29170550.0,-120829450.0
319,2010,80000000,117,0,Martin Campbell,1.3519,Mel Gibson,4.9984,Crime,Drama,Icon Productions,GK Films,General,R,1,0,Warner Bros.,22092480.0,-57907520.0
320,2010,2500000,90,1,Catherine Cyran,0.8862,Kam Heskin,0.7671,Comedy,Romance,Swingin' Productions,M1 Films,The Prince & Me 4,NR,3,0,,,
321,2010,25000000,124,0,Guy Moshe,0.1549,Josh Hartnett,3.5761,Thriller,Action,Picturesque Films,Outpost Studios,General,R,9,0,,,
322,2010,117000000,109,0,James Mangold,0.8538,Tom Cruise,8.76,Action,Comedy,Pink Machine,Tree Line Films,General,PG-13,6,0,,,
323,2010,100000000,147,1,Michael Patrick King,0.2962,Sarah Jessica Parker,2.0186,Comedy,Drama,Village Roadshow Pictures,New Line Cinema,Sex and the City,R,5,0,Warner Bros.,57716811.0,-42283189.0
324,2010,75000000,100,0,Robert Luketic,0.7913,Ashton Kutcher,4.0466,Action,Comedy,Katalyst Films,Lionsgate,General,PG-13,6,0,Lionsgate,22253617.0,-52746383.0
325,2010,5800000,112,0,Christopher Landon,0.9686,Zoe Saldaña,4.7089,Comedy,Thriller,Films In Motion,,General,R,4,0,,,
326,2010,25000000,105,0,Luc Besson,2.1133,Louise Bourgoin,1.1988,Fantasy,Adventure,EuropaCorp,Apipoulaï Prod,General,NR,4,0,,,
327,2010,155000000,113,1,Michael Apted,0.4236,Georgie Henley,1.8629,Adventure,Family,Fox 2000 Pictures,Walden Media,The Chronicles of Narnia,PG,12,1,Twentieth Century Fox,30363575.0,-124636425.0
328,2010,100000000,98,0,Tony Scott,1.6894,Denzel Washington,6.0583,Action,Thriller,20th Century Fox,Dune Entertainment,General,PG-13,11,1,Twentieth Century Fox,28861914.0,-71138086.0
329,2010,15000000,97,0,Gregor Jordan,0.2703,Samuel L. Jackson,9.6371,Drama,Thriller,Senator Entertainment,Lleju Productions,General,R,5,0,,,
330,2010,20000000,113,0,John Madden,0.5875,Helen Mirren,4.6272,Drama,Thriller,Pioneer Pictures,Miramax,General,R,9,0,Focus Features,15691226.0,-4308774.0
331,2010,6400000,113,0,Jacob Tierney,0.4238,Jay Baruchel,3.0487,Comedy,,Park Ex Pictures,,General,NR,5,0,,,
332,2010,85000000,113,0,Edgar Wright,2.3907,Michael Cera,3.672,Action,Comedy,Marc Platt Productions,Big Talk Studios,General,PG-13,8,0,Universal Pictures,15696285.0,-69303715.0
333,2010,17000000,99,0,Erik White,0.0802,Shad Moss,1.3453,Comedy,,Sweepstake Productions,Cube Vision,General,PG-13,8,0,Warner Bros.,13430338.0,-3569662.0
334,2010,20000000,104,0,Jim Field Smith,0.3025,Jay Baruchel,3.0487,Romance,Comedy,Paramount Pictures,DreamWorks Pictures,General,R,3,0,Paramount Pictures,13938811.0,-6061189.0
335,2010,30000000,133,0,Paul Haggis,0.6336,Russell Crowe,4.5456,Romance,Drama,Hwy61,Lionsgate,General,PG-13,11,1,Lionsgate,9708949.0,-20291051.0
336,2010,2000000,103,1,Stevan Mena,0.1074,Michael Biehn,1.3874,Crime,Horror,Anchor Bay Films,,Bereavement,R,7,0,Crimson Films,26723.0,-1973277.0
337,2010,65000,99,0,Lena Dunham,0.9062,Lena Dunham,0.9062,Romance,Comedy,Tiny Ponies,,General,NR,11,1,,,
338,2010,20000000,105,0,Andy Fickman,0.3789,Kristen Bell,3.8039,Comedy,Romance,Oops Doughnuts Productions,Touchstone Pictures,General,PG,9,0,Walt Disney Studios Motion Pictures,10885067.0,-9114933.0
339,2010,10000000,80,0,John Erick Dowdle,0.6901,Chris Messina,1.5029,Horror,Mystery,Universal Pictures,MRC,General,PG-13,9,0,Universal Pictures,15253465.0,5253465.0
340,2010,3000000,110,0,Patrick Doughtie,0.2045,Tanner Maguire,0.2111,Drama,Family,Mercy Creek Entretainment,,General,PG,4,0,Vivendi Entertainment,1400250.0,-1599750.0
341,2010,200000000,140,0,Ridley Scott,2.3966,Russell Crowe,4.5456,Action,Adventure,Imagine Entertainment,Relativity Media,General,PG-13,5,0,Universal Pictures,63292871.0,-136707129.0
342,2010,55000000,119,0,Steve Antin,0.3271,Cher,0.5119,Drama,Romance,Screen Gems,Bedford Falls Productions,General,PG-13,11,1,Screen Gems,19208232.0,-35791768.0
343,2010,19000000,101,0,Will Speck,0.2293,Jennifer Aniston,5.0543,Comedy,Romance,Mandate Pictures,Echo Films,General,PG-13,5,0,Miramax,11826528.0,-7173472.0
344,2010,150000000,103,0,M. Night Shyamalan,2.3284,Noah Ringer,0.5363,Action,Adventure,Paramount Pictures,Nickelodeon Movies,General,PG,6,0,Paramount Pictures,21204763.0,-128795237.0
345,2010,44000000,99,0,Burr Steers,0.7344,Zac Efron,7.3795,Drama,Romance,Marc Platt Productions,Universal Pictures,General,PG-13,7,0,Universal Pictures,18796130.0,-25203870.0
346,2010,1000000,93,0,Joey Stewart,0.1048,Marc Donato,0.3383,Thriller,Horror,Agora Entertainment,,General,R,1,0,,,
347,2010,3500000,79,1,Lauren Montgomery,0.6709,Tim Daly,1.1626,Science Fiction,Action,Warner Premiere,Warner Bros. Animation,Superman/Batman,PG-13,9,0,,,
348,2010,60000000,133,0,Ryan Murphy,2.7286,Julia Roberts,6.2251,Drama,Romance,Red Om Films,Columbia Pictures,General,PG-13,8,0,Sony Pictures Releasing,35102916.0,-24897084.0
349,2010,14000000,89,0,Rob Reiner,1.5415,Madeline Carroll,1.6116,Romance,Drama,Reiner / Greisman Productions,Castle Rock Entertainment,General,PG,8,0,Warner Bros.,329204.0,-13670796.0
350,2010,7000000,108,0,Robert Pulcini,0.2394,Kevin Kline,3.1947,Comedy,,Wild Bunch,Likely Story,General,R,8,0,,,
351,2010,22000000,108,0,Doug Liman,0.8618,Naomi Watts,2.8305,Drama,Thriller,River Road Entertainment,Participant,General,PG-13,5,0,Summit Entertainment,898986.0,-21101014.0
352,2010,16000000,113,0,Allen Coulter,0.378,Robert Pattinson,5.3095,Drama,Romance,Summit Entertainment,,General,PG-13,3,0,Summit Entertainment,10666428.0,-5333572.0
353,2010,4000000,83,1,Clay Weiner,0.562,Lucas Cruikshank,0.8345,Comedy,Family,Derf Films,Varsity Pictures,FRED,PG,12,1,,,
354,2010,112000000,85,0,Rob Letterman,0.4577,Jack Black,5.4901,Family,Comedy,Dune Entertainment,Davis Entertainment,General,PG,12,1,Twentieth Century Fox,21121717.0,-90878283.0
355,2010,7000000,108,0,Stephen Milburn Anderson,0.1064,Sean Bean,4.0607,Crime,Thriller,Immortal Thoughts,Three Good Men,General,R,3,0,Roadside Attractions,26918.0,-6973082.0
356,2010,12000000,111,0,Neil Jordan,0.475,Colin Farrell,5.3528,Drama,Romance,Start Motion Pictures,Wayfare Entertainment,General,PG-13,3,0,,,
357,2010,35000000,95,0,Samuel Bayer,0.3629,Rooney Mara,2.1802,Horror,Mystery,Platinum Dunes,New Line Cinema,General,R,4,0,Warner Bros.,39360171.0,4360171.0
358,2010,110000000,100,0,Phillip Noyce,0.574,Angelina Jolie,14.7538,Action,Mystery,Wintergreen Productions,Columbia Pictures,General,PG-13,7,0,Sony Pictures Releasing,51562356.0,-58437644.0
359,2010,10000000,99,0,John Stalberg Jr.,0.2743,Adrien Brody,3.9002,Comedy,,Parallel Media,FlipZide,General,R,6,0,Anchor Bay Films,133095.0,-9866905.0
360,2010,40000000,110,0,Andy Tennant,0.7588,Gerard Butler,8.5815,Action,Comedy,Original Film,Relativity Media,General,PG-13,3,0,Sony Pictures Releasing,26411702.0,-13588298.0
361,2010,20000000,107,0,Julie Anne Robinson,0.9655,Miley Cyrus,1.8464,Drama,Family,Touchstone Pictures,HopeTown Entertainment,General,PG,3,0,Walt Disney Studios Motion Pictures,29462321.0,9462321.0
362,2010,27000000,103,0,Stuart Beattie,0.6484,Caitlin Stasey,0.8866,Action,Adventure,Omnilab Media,Ambience Entertainment,General,R,8,0,Freestyle Releasing,4936.0,-26995064.0
363,2010,12500000,107,0,Tony Goldwyn,2.1782,Hilary Swank,2.281,Drama,,Pantheon Entertainment Corporation,Omega Entertainment,General,R,10,0,,,
364,2010,2500000,96,0,James Gunn,3.2228,Rainn Wilson,2.1299,Comedy,Action,This is that,Ambush Entertainment,General,R,11,1,,,
365,2010,4000000,90,0,Abe Sylvia,0.7339,Juno Temple,4.886,Drama,Comedy,Ideal Partners,The Weinstein Company,General,R,9,0,The Weinstein Company,29007.0,-3970993.0
366,2010,35000000,123,0,Randall Wallace,0.3697,Diane Lane,5.1845,Drama,,Walt Disney Pictures,Fast Track Productions,General,PG,8,0,Walt Disney Studios Motion Pictures,18014055.0,-16985945.0
367,2010,8000000,98,0,Jonathan Lynn,0.3484,Bill Nighy,3.1957,Action,Comedy,Regent Capital,Magic Light Pictures,General,PG-13,6,0,Freestyle Releasing,33288.0,-7966712.0
368,2010,5000000,98,0,Andrew Shortell,0.0143,Sara Foster,0.7527,Horror,Mystery,International Production Company,Green Card Pictures,General,R,5,0,,,
369,2010,4500000,97,1,Todd Solondz,0.2695,Shirley Henderson,3.9431,Comedy,Drama,Werc Werk Works,,Life During Wartime,R,4,0,,,
370,2010,200000000,116,0,Mike Newell,0.6201,Jake Gyllenhaal,7.9386,Adventure,Fantasy,Walt Disney Pictures,Jerry Bruckheimer Films,General,PG-13,5,0,Walt Disney Studios Motion Pictures,45602590.0,-154397410.0
371,2010,32000000,102,0,Nanette Burstein,0.1985,Drew Barrymore,3.0101,Comedy,Drama,New Line Cinema,Offspring Entertainment,General,R,8,0,Warner Bros.,10164100.0,-21835900.0
372,2010,25000000,108,0,Wes Craven,0.6285,Max Thieriot,2.408,Horror,Mystery,Rogue,Relativity Media,General,R,10,0,Universal Pictures,8745285.0,-16254715.0
373,2010,40000000,109,0,Nicholas Stoller,0.5501,Jonah Hill,2.4314,Adventure,Comedy,Apatow Productions,Universal Pictures,General,R,6,0,Universal Pictures,26458315.0,-13541685.0
374,2010,20000000,111,0,Julie Taymor,0.2359,Helen Mirren,4.6272,Drama,Fantasy,Touchstone Pictures,Miramax,General,PG-13,9,0,Miramax,63390.0,-19936610.0
375,2010,32000000,111,0,Miguel Sapochnik,0.4051,Jude Law,4.5652,Action,Science Fiction,Relativity Media,Stuber Pictures,General,R,3,0,Universal Pictures,8294215.0,-23705785.0
376,2010,22000000,98,0,Woody Allen,1.2222,Antonio Banderas,5.077,Comedy,Drama,Versátil Cinema,Gravier Productions,General,R,9,0,,,
377,2010,70000000,133,1,Oliver Stone,4.0771,Michael Douglas,3.7231,Drama,Crime,Pressman Film,Dune Entertainment III,Wall Street,PG-13,9,0,Twentieth Century Fox,25775851.0,-44224149.0
378,2010,2300000,98,0,Keoni Waxman,0.3217,Steve Austin,1.0302,Action,Adventure,NGN Productions,Nasser Entertainment Group,General,R,10,0,,,
379,2010,100000000,115,0,Paul Greengrass,1.2285,Matt Damon,15.403,War,Action,Universal Pictures,StudioCanal,General,R,3,0,Universal Pictures,18739030.0,-81260970.0
380,2010,15000000,103,0,Elizabeth Allen Rosenbaum,0.3966,Joey King,8.0795,Comedy,Family,Dune Entertainment,Di Novi Pictures,General,G,7,0,Twentieth Century Fox,12664691.0,-2335309.0
381,2010,20000000,82,1,Aaron Seltzer,0.316,Jenn Proske,0.4794,Comedy,Fantasy,Road Rebel,Regency Enterprises,Vampires Suck,PG-13,8,0,Twentieth Century Fox,21033528.0,1033528.0
382,2010,28000000,94,0,Brian Levant,0.3695,Jackie Chan,21.0428,Action,Comedy,Spy Next Door,Relativity Media,General,PG,1,0,Lionsgate,13960115.0,-14039885.0
383,2010,1000000,89,0,Rachel Lee Goldenberg,0.8701,Ben Syder,0.0748,Fantasy,Horror,The Asylum,,General,NR,1,0,Warner Bros.,102102956.0,101102956.0
384,2010,10500000,105,1,Robert Rodriguez,2.0538,Danny Trejo,3.2121,Action,Comedy,Overnight Films,Troublemaker Studios,Machete,R,9,0,Twentieth Century Fox,16622589.0,6122589.0
385,2010,5000000,92,0,Brian Trenchard-Smith,0.5895,Michael Shanks,1.1802,Science Fiction,Action,F G Film Productions,Premiere Bobine,General,NR,8,0,,,
386,2010,42000000,100,0,Lee Seung-moo,0.0429,Jang Dong-gun,1.2586,Adventure,Fantasy,SCS Entertainment,Sidus,General,R,12,1,Relativity Media,3976806.0,-38023194.0
387,2010,3500000,106,0,Lisa Cholodenko,0.1586,Julianne Moore,5.586,Comedy,Drama,Focus Features,Mandalay Vision,General,R,7,0,Focus Features,749507.0,-2750493.0
388,2010,7000000,100,1,Roel Reiné,0.5346,Luke Goss,1.5182,Action,Thriller,Moonlighting Films,CC Capital Arts Entertainment SRL,Death Race,R,11,1,,,
389,2010,21000000,92,0,Neil LaBute,0.3345,Chris Rock,1.9764,Comedy,,Parabolic Pictures,Wonderful Films,General,R,4,0,Metro-Goldwyn-Mayer (MGM),22305928.0,1305928.0
390,2010,55000000,88,0,Shawn Levy,2.0627,Steve Carell,4.2116,Comedy,Action,Dune Entertainment,21 Laps Entertainment,General,PG-13,4,0,Twentieth Century Fox,31946761.0,-23053239.0
391,2010,120000000,121,0,James L. Brooks,0.9875,Reese Witherspoon,3.5603,Comedy,Drama,Columbia Pictures,Gracie Films,General,PG-13,12,1,Sony Pictures Releasing,11452622.0,-108547378.0
392,2010,9500000,104,0,David Schwimmer,1.6624,Clive Owen,2.9839,Crime,Drama,Dark Harbor Stories,Nu Image,General,R,9,0,Republic Pictures,342752.0,-9157248.0
393,2010,17000000,132,0,Antoine Fuqua,0.6658,Richard Gere,4.7385,Crime,Drama,Nu Image,Langley Productions,General,R,3,0,Overture Films,17061472.0,61472.0
394,2010,20000000,116,0,Matt Reeves,0.9672,Kodi Smit-McPhee,1.5802,Drama,Horror,Hammer Film Productions,EFTI,General,R,10,0,Overture Films,6723801.0,-13276199.0
395,2010,36000000,101,1,Steve Pink,0.5919,John Cusack,2.3427,Science Fiction,Comedy,Metro-Goldwyn-Mayer,New Crime Productions,Hot Tub Time Machine,R,3,0,Metro-Goldwyn-Mayer (MGM),19839497.0,-16160503.0
396,2010,85000000,82,1,Brad Peyton,0.3599,James Marsden,2.833,Family,Adventure,Village Roadshow Pictures,Polymorphic Pictures,Cats & Dogs,PG,7,0,Warner Bros.,19526150.0,-65473850.0
397,2010,300000,90,0,Gabriel Cowan,0.1144,Mircea Monroe,1.3216,Horror,Science Fiction,New Artists Alliance,,General,NR,1,0,,,
398,2010,1500000,90,0,Lucy Walker,0.1238,Vik Muniz,0.0357,Documentary,,O2 Filmes,Almega Projects,General,NR,1,0,,,
399,2010,25000000,99,0,Troy Nixey,0.13,Katie Holmes,3.9596,Fantasy,Horror,Miramax,Necropia Entertainment,General,R,11,1,FilmDistrict,11440189.0,-13559811.0
400,2010,13000000,109,0,Michael Winterbottom,0.5063,Casey Affleck,3.1493,Crime,Drama,Revolution Films,Indion Entertainment Group,General,R,2,0,,,
401,2010,24000000,98,0,George Tillman Jr.,0.3631,Dwayne Johnson,5.6007,Crime,Drama,Castle Rock Entertainment,State Street Pictures,General,R,11,1,CBS Films,13279683.0,-10720317.0
402,2010,31000000,106,0,Tom Vaughan,0.2562,Brendan Fraser,3.7853,Drama,,Double Feature Films,CBS Films,General,PG,1,0,CBS Films,7826311.0,-23173689.0
403,2010,2000000,86,0,Dan Garcia,0.2827,David James Elliott,0.8856,Horror,Thriller,Dan Garcia Productions,DMG Holdings,General,NR,9,0,,,
404,2010,65000000,95,0,Todd Phillips,0.923,Robert Downey Jr.,7.311,Comedy,Drama,Legendary Pictures,Green Hat Films,General,R,11,1,Warner Bros.,43478266.0,-21521734.0
405,2010,450000,14,0,Colin Levy,0.4765,Halina Reijn,0.6262,Animation,Fantasy,Blender Foundation,,General,PG,9,0,,,
406,2010,35000000,106,0,Alan Poul,0.2559,Jennifer Lopez,3.938,Comedy,Romance,Escape Artists,CBS Films,General,PG-13,4,0,,,
407,2010,18000000,94,0,Danny Boyle,1.36,James Franco,4.3541,Adventure,Drama,Fox Searchlight Pictures,Pathé,General,R,11,1,Fox Searchlight Pictures,372989.0,-17627011.0
408,2010,2500000,85,1,Adam Green,0.1433,Danielle Harris,1.4176,Horror,Comedy,ArieScope Pictures,Dark Sky Films,Hatchet,R,10,0,,,
409,2010,1800000,87,1,Daniel Stamm,0.1694,Patrick Fabian,1.8252,Horror,Thriller,Strike Entertainment,StudioCanal,The Last Exorcism,PG-13,8,0,Lionsgate,24772384.0,22972384.0
410,2010,2000000,120,0,Huck Botko,0.2689,Matt Bennett,0.3904,Comedy,,Gary Sanchez Productions,Principato-Young Entertainment,General,R,9,0,Sony Pictures Releasing,456048.0,-1543952.0
411,2010,500000,92,0,Kevin Hamedani,0.1279,Janette Armand,0.0362,Horror,,Typecast Pictures,,General,NR,1,0,,,
412,2010,5000000,84,0,Rob Epstein,0.3407,James Franco,4.3541,Drama,,Rabbit Bandini Productions,Werc Werk Works,General,R,8,0,,,
413,2010,2000000,88,0,Michael Feifer,0.771,Emmanuelle Vaugier,2.4371,Comedy,Family,Hybrid,ARO Entertainment,General,G,11,1,,,
414,2010,1300000,82,0,Craig Moss,0.241,Bryan Callen,0.8439,Comedy,,Silver Nitrate,,General,R,6,0,,,
415,2010,500000,93,0,Nicholas Tomnay,0.8232,David Hyde Pierce,1.4753,Comedy,Thriller,Splendid Film,,General,R,7,0,,,
416,2010,26000000,100,0,Scott Stewart,0.1973,Paul Bettany,3.0499,Action,Fantasy,Screen Gems,Bold Films,General,R,1,0,Screen Gems,21846411.0,-4153589.0
417,2010,8000000,102,0,Anna Boden,0.1997,Keir Gilchrist,1.3081,Comedy,Drama,Focus Features,Wayfare Entertainment,General,PG-13,10,0,Focus Features,2781706.0,-5218294.0
418,2010,20000000,121,1,Tyler Perry,2.1061,Tyler Perry,2.1061,Comedy,Romance,Lions Gate Films,Tyler Perry Studios,Why Did I Get Married Too?,PG-13,4,0,Lionsgate,37519660.0,17519660.0
419,2010,50000000,105,0,Mikael Håfström,0.4435,John Cusack,2.3427,Drama,Thriller,Living Films,Phoenix Pictures,General,R,6,0,,,
420,2010,2000000,101,0,Debra Granik,0.2089,Jennifer Lawrence,5.6721,Drama,Mystery,Anonymous Content,Winter's Bone Productions,General,R,6,0,Roadside Attractions,111980.0,-1888020.0
421,2010,150000000,103,0,Joe Johnston,1.2227,Benicio del Toro,3.8168,Horror,,Universal Pictures,Relativity Media,General,R,2,0,Universal Pictures,40468625.0,-109531375.0
422,2010,2000000,91,0,Werner Herzog,0.9606,Michael Shannon,3.5204,Crime,Drama,Absurda,Paper Street Films,General,R,7,0,,,
423,2010,1600000,100,0,Olivier Dahan,0.3748,Renée Zellweger,3.2988,Comedy,Drama,Légende Films,Od Shots,General,NR,4,0,,,
424,2010,17000000,90,1,Kevin Greutert,0.8303,Tobin Bell,1.9156,Horror,Crime,Lionsgate,Twisted Pictures,Saw 3D,R,10,0,Lionsgate,28900708.0,11900708.0
425,2010,80000000,97,0,Zack Snyder,5.3725,Jim Sturgess,1.1333,Animation,Adventure,Warner Bros. Pictures,Village Roadshow Pictures,General,PG,7,0,Warner Bros.,19191869.0,-60808131.0
426,2010,8000000,97,0,Sofia Coppola,2.5363,Stephen Dorff,2.3108,Drama,,Focus Features,Pathé,General,R,9,0,Focus Features,230002.0,-7769998.0
427,2010,4600000,117,0,Noel Clarke,0.9267,Emma Roberts,5.8354,Action,Thriller,Veneration Music,Unstoppable Entertainment,General,NR,6,0,,,
428,2010,30000000,107,1,Jon M. Chu,2.3895,Sharni Vinson,0.7889,Drama,Romance,Touchstone Pictures,Summit Entertainment,Step Up 3D,PG-13,8,0,Walt Disney Studios Motion Pictures,22939221.0,-7060779.0
429,2010,30000000,92,1,Dwight H. Little,0.4523,Jonathan Patrick Foo,0.7648,Crime,Drama,Namco,Crystal Sky Pictures,Tekken,R,3,0,,,
430,2010,2400000,93,0,Mark McQueen,0.1289,MyAnna Buring,1.9603,Horror,Action,HMR Films,Intandem Films,General,NR,8,0,,,
431,2010,100000000,98,1,Paul Weitz,0.9314,Robert De Niro,6.5125,Comedy,Romance,Universal Pictures,Paramount Pictures,Little Fockers,PG-13,12,1,Universal Pictures,61278680.0,-38721320.0
432,2010,5000000,89,0,Eli Craig,0.3471,Tyler Labine,1.1468,Comedy,Horror,Eden Rock Media,Gynormous Pictures,General,R,1,0,,,
433,2010,20000000,91,0,Gela Babluani,0.3162,Sam Riley,1.0122,Drama,Thriller,Anchor Bay Films,Overnight Films,General,R,3,0,,,
434,2010,52000000,125,0,Garry Marshall,0.608,Bradley Cooper,3.143,Comedy,Romance,Karz Entertainment,New Line Cinema,General,PG-13,2,0,Warner Bros.,63135312.0,11135312.0
435,2010,7000000,106,0,Spencer Susser,0.5223,Joseph Gordon-Levitt,3.7463,Drama,,Handsomecharlie Films,American Work,General,R,1,0,Wrekin Hill Entertainment,36000.0,-6964000.0
436,2010,100000000,103,0,Florian Henckel von Donnersmarck,0.3081,Johnny Depp,6.5752,Action,Thriller,GK Films,Spyglass Entertainment,General,PG-13,12,1,Sony Pictures Releasing,22091233.0,-77908767.0
437,2010,10000,93,1,James Nguyen,0.8693,Alan Bagh,0.3501,Romance,Horror,Moviehead Pictures,,Birdemic,NR,2,0,,,
438,2010,3000000,91,1,Tod Williams,0.3124,Sprague Grayden,1.2316,Horror,Mystery,Paramount Pictures,Blumhouse Productions,Paranormal Activity,R,10,0,Paramount Pictures,49157865.0,46157865.0
439,2010,10000000,90,0,Jorma Taccone,0.8098,Will Forte,1.9039,Action,Comedy,Universal Studios,Relativity Media,General,R,5,0,Universal Pictures,5650335.0,-4349665.0
440,2010,1300000,79,0,Johannes Roberts,0.3291,David Schofield,0.8647,Horror,Thriller,Black Robe,Gatlin Pictures,General,R,9,0,,,
441,2010,3000000,92,0,Eric Forsberg,0.7042,Paul Logan,0.4595,Action,Adventure,The Asylum,,General,R,4,0,,,
442,2010,25000000,107,0,Noah Baumbach,1.1125,Ben Stiller,3.8913,Comedy,Drama,Focus Features,Scott Rudin Productions,General,R,3,0,Focus Features,178988.0,-24821012.0
443,2010,500000,86,1,Tim Sullivan,0.1515,Bill Moseley,0.8015,Comedy,Horror,Unknown,,2001 Maniacs,R,7,0,,,
444,2010,15000000,117,0,Shana Feste,0.709,Gwyneth Paltrow,2.6334,Drama,Romance,Maguire Entertainment,Screen Gems,General,PG-13,12,1,Screen Gems,60731.0,-14939269.0
445,2010,69000000,114,0,Jay Roach,0.7561,Paul Rudd,3.0344,Comedy,,Everyman Pictures,Parkes+MacDonald Production,General,PG-13,7,0,DreamWorks,36245552.0,-32754448.0
446,2010,10000000,92,0,Brad Anderson,0.5873,Hayden Christensen,8.2574,Mystery,Horror,Herrick Entertainment,Circle of Confusion,General,R,9,0,,,
447,2010,10000000,100,0,Baltasar Kormákur,0.5055,Dermot Mulroney,4.4129,Drama,Action,26 Films,,General,R,8,0,,,
448,2010,2500000,93,0,Justin Jones,0.0852,Jenna Craig,0.5377,Science Fiction,TV Movie,Rolize GmbH & Co.,Bullet Films,General,NR,2,0,,,
449,2010,3000000,93,0,Rachel Grady,0.0639,Zoe Sloane,0.0757,Documentary,,Chad Troutwine Films,Green Film Company,General,PG-13,10,0,,,
450,2010,25000000,116,0,David O. Russell,0.5148,Mark Wahlberg,13.7743,Drama,,The Weinstein Company,Relativity Media,General,R,12,1,Paramount Pictures,433935.0,-24566065.0
451,2010,250000,90,0,John Dunson,0.0071,Ashlee Hewitt,0.092,Fantasy,Drama,Frame Of Mind Entertainment,,General,G,4,0,,,
452,2010,20000000,101,0,Breck Eisner,0.3683,Timothy Olyphant,4.1699,Mystery,Horror,Penn Station Entertainment,Participant,General,R,2,0,Overture Films,20393313.0,393313.0
453,2010,30000000,98,0,Don Roos,0.1874,Natalie Portman,5.7498,Drama,,Handsomecharlie Films,Marc Platt Productions,General,R,10,0,Twentieth Century Fox,33145472.0,3145472.0
454,2010,4400000,81,1,Dario Piana,0.0848,Corey Feldman,3.2189,Horror,Action,ApolloMovie Beteiligungs,Thunder Road,Lost Boys,R,5,0,,,
455,2010,22000000,105,0,John Curran,0.4811,Robert De Niro,6.5125,Drama,Thriller,Stone Productions,Mimran Schur Pictures,General,R,10,0,Overture Films,113141.0,-21886859.0
456,2010,500000,100,0,Andy Mitton,0.1882,Michael Laurino,0.4774,Horror,Thriller,Points North Film,Ten Ninety One,General,R,1,0,,,
457,2010,30000000,133,0,Peter Weir,1.3075,Ed Harris,3.2568,Drama,Adventure,Exclusive Media,National Geographic Films,General,PG-13,11,1,Newmarket Films,15028277.0,-14971723.0
458,2010,40000000,107,0,Roger Michell,0.3598,Rachel McAdams,5.1567,Drama,Comedy,Bad Robot,Goldcrest,General,PG-13,11,1,Paramount Pictures,13322872.0,-26677128.0
459,2010,3800000,84,0,Hue Rhodes,0.0445,Steve Buscemi,3.9324,Comedy,,Unknown,,General,R,1,0,,,
460,2010,14000000,97,1,John Hyams,0.5859,Jean-Claude Van Damme,7.5435,Adventure,Action,Foresight Unlimited,Signature Entertainment,Universal Soldier,R,2,0,,,
461,2010,14000000,96,0,Atom Egoyan,0.2893,Amanda Seyfried,7.4833,Drama,Thriller,StudioCanal,The Montecito Picture Company,General,R,2,0,,,
462,2010,15000000,104,0,John Wells,0.9057,Ben Affleck,10.0095,Drama,,Battle Mountain Films,Spring Creek Pictures,General,R,10,0,The Weinstein Company,838971.0,-14161029.0
463,2010,3600000,110,0,John Alan Simon,0.1807,Shea Whigham,2.1581,Drama,Thriller,Discovery Productions,,General,R,2,0,Freestyle Releasing,8282.0,-3591718.0
464,2010,12000000,108,0,Malcolm Venville,0.1981,Keanu Reeves,11.5062,Crime,Comedy,Company Films,,General,R,1,0,,,
465,2010,38000000,114,0,Greg Berlanti,0.7794,Katherine Heigl,3.6931,Comedy,Romance,Josephson Entertainment,Gold Circle Films,General,PG-13,10,0,,,
466,2010,20000000,88,1,Anthony Bell,0.1743,Justin Long,2.9257,Animation,Family,Lionsgate,Crest Animation,Alpha and Omega,PG,7,0,Lionsgate,10429673.0,-9570327.0
467,2010,700000,103,0,Aaron Schneider,0.2127,Robert Duvall,3.0719,Drama,Mystery,K5 International,Zanuck Independent,General,PG-13,7,0,,,
468,2010,10000000,81,0,Jessy Terrero,0.2085,50 Cent,1.8257,Action,Crime,Cheetah Vision,Hannibal Pictures,General,R,7,0,,,
469,2010,2500000,93,1,Griff Furst,0.4997,Colin Ferguson,1.1753,Horror,Action,Curmudgeon Films,Stage 6 Films,Lake Placid,R,10,0,,,
470,2010,7000000,91,0,Jay Duplass,1.0269,John C. Reilly,2.4497,Comedy,Drama,Fox Searchlight Pictures,Duplass Brothers Productions,General,R,6,0,Fox Searchlight Pictures,226737.0,-6773263.0
471,2010,2000000,87,0,Jacob Chase,0.3115,Marja-Lewis Ryan,0.1112,Comedy,Drama,Cinescape Productions,6140 Productions,General,NR,1,0,,,
472,2010,10000000,89,0,William Phillips,0.3803,Paul Gross,0.4539,Drama,Action,Alliance Films,Rhombus Media,General,NR,4,0,,,
473,2010,21800000,96,0,Paul T. Scheuring,0.536,Adrien Brody,3.9002,Thriller,Drama,Stage 6 Films,Inferno Entertainment,General,R,7,0,,,
474,2010,32000000,107,0,John Luessenhop,0.5504,Matt Dillon,2.5661,Action,Crime,Rainforest Entertainment,Screen Gems,General,PG-13,8,0,Screen Gems,26450825.0,-5549175.0
475,2010,13000000,98,0,Glenn Ficarra,0.3557,Jim Carrey,6.4951,Comedy,Crime,EuropaCorp,Mad Chance,General,R,2,0,Roadside Attractions,151123.0,-12848877.0
476,2010,5000000,96,0,Deon Taylor,0.2614,Nikki Reed,2.3743,Horror,Thriller,Tiger Tail Entertainment,Deon Taylor Enterprises,General,R,10,0,,,
477,2010,10000000,79,1,Uwe Boll,0.6282,Natassia Malthe,0.8243,Action,Adventure,Boll Kino Beteiligungs GmbH & Co. KG,Brightlight Pictures,BloodRayne,R,6,0,,,
478,2010,10500000,92,1,Colin Strause,0.2637,Eric Balfour,1.7337,Science Fiction,Action,RAT Entertainment,Rogue Pictures,Skyline,PG-13,11,1,Universal Pictures,14211775.0,3711775.0
479,2010,500000,88,0,Scott Wheeler,1.4888,Jack Cullison,0.344,Comedy,,The Asylum,,General,R,10,0,,,
480,2010,3500000,90,0,John V. Soto,0.1259,Travis Fimmel,5.508,Horror,Thriller,Filmscope Entertainment,,General,R,6,0,,,
481,2010,55000000,91,0,Mark Steven Johnson,1.2199,Kristen Bell,3.8039,Comedy,Fantasy,Krasnoff / Foster Entertainment,Touchstone Pictures,General,PG-13,1,0,Walt Disney Studios Motion Pictures,15395605.0,-39604395.0
482,2010,8000000,86,1,P.J. Pesce,0.3375,Tom Berenger,2.03,Action,Comedy,Universal Studios Home Entertainment,Always Split Aces Productions,Smokin' Aces 2,R,1,0,,,
483,2010,3000000,99,0,George VanBuskirk,0.6771,Will Denton,0.4293,Horror,Thriller,Unknown,,General,R,8,0,,,
484,2010,500000,87,0,Trey Stokes,0.1795,Barry Bostwick,1.5351,Action,Adventure,The Asylum,,General,NR,11,1,,,
485,2010,6500000,102,0,Ian Sharp,0.279,Ray Winstone,2.0535,Action,Drama,T.H.E. Films,Phoenix Wiley Productions,General,R,5,0,,,
486,2010,50000000,129,0,Clint Eastwood,4.2252,Matt Damon,15.403,Drama,Fantasy,Warner Bros. Pictures,Amblin Entertainment,General,PG-13,10,0,Warner Bros.,315357.0,-49684643.0
487,2010,500000,94,1,Gareth Edwards,0.4276,Scoot McNairy,1.2582,Drama,Thriller,Vertigo Films,Protagonist Pictures,Monsters,R,6,0,,,
488,2010,10000000,92,0,John Doyle,0.3657,Colin Firth,3.4876,Drama,Romance,1984 Private Defense Contractors,,General,PG,10,0,,,
489,2010,7000000,93,0,Massy Tadjedin,0.0818,Keira Knightley,7.9194,Drama,Romance,Gaumont,Nick Wechsler Productions,General,R,11,1,,,
490,2010,21000000,134,0,Tyler Perry,2.1061,Kimberly Elise,1.1329,Drama,,Tyler Perry Studios,34th Street Films,General,R,11,1,Lionsgate,24170188.0,3170188.0
491,2010,30000000,134,0,Richard J. Lewis,0.3793,Paul Giamatti,3.3344,Comedy,Drama,Serendipity Point Films,Fandango,General,R,10,0,,,
492,2010,80000000,80,0,Eric Brevig,0.1471,Dan Aykroyd,2.108,Comedy,Family,Sunswept Entertainment,De Line Pictures,General,PG,12,1,Warner Bros.,28014839.0,-51985161.0
493,2010,12500000,108,0,George Hickenlooper,0.1765,Kevin Spacey,2.3992,Comedy,Crime,Vortex Words + Pictures,Hannibal Pictures,General,R,9,0,,,
494,2010,5000000,98,0,Keith Bearden,0.0418,Kim Cattrall,1.9601,Comedy,Drama,Unknown,,General,R,6,0,Anchor Bay Films,10169.0,-4989831.0
495,2010,2000000,109,0,Charles Ferguson,0.0718,Matt Damon,15.403,Documentary,Crime,Sony Pictures,,General,PG-13,10,0,,,
496,2010,100000,90,1,Christopher Ray,0.8556,Jaleel White,1.0013,Action,Horror,The Asylum,,Mega Shark vs. Crocosaurus,NR,12,1,,,
497,2010,3000000,90,0,Nicole Holofcener,0.6568,Catherine Keener,2.5508,Comedy,Drama,Likely Story,,General,R,4,0,,,
498,2010,10000000,98,0,Lauro David Chartrand-DelValle,0.3551,Steven Seagal,3.1614,Action,,Steamroller Productions,Voltage Pictures,General,NR,10,0,,,
499,2010,5000000,91,0,John Cameron Mitchell,0.6452,Nicole Kidman,8.5751,Drama,,Olympus Pictures,OddLot Entertainment,General,PG-13,12,1,Lionsgate,80839.0,-4919161.0
500,2010,30000,87,0,Henry Joost,0.3802,Nēv Schulman,0.2722,Documentary,,Hit the Ground Running Films,Supermarché,General,PG-13,9,0,Rogue Pictures,358700.0,328700.0
501,2010,35000000,92,0,Roger Kumble,0.5033,Brendan Fraser,3.7853,Family,Comedy,Robert Simonds Productions,,General,PG,4,0,Summit Entertainment,7621957.0,-27378043.0
502,2010,10000000,96,0,Derrick Borte,0.1183,David Duchovny,2.0201,Comedy,Drama,Echo Lake Entertainment,Premiere Picture,General,R,4,0,Roadside Attractions,694751.0,-9305249.0
503,2010,4000000,90,1,George A. Romero,0.4779,Alan van Sprang,0.8433,Horror,Comedy,Blank of the Dead Productions,Devonshire Productions,Survival of the Dead,R,5,0,,,
504,2010,22000000,112,0,Björn Stein,0.3551,Julianne Moore,5.586,Horror,Mystery,NALA Films,Maraci/Edelstein Films,General,R,3,0,,,
505,2010,425000,90,0,Sandy Collora,0.1068,"Isaac C. Singleton, Jr.",0.2819,Science Fiction,Thriller,NBV Productions,Montauk Films,General,NR,5,0,,,
506,2010,11000000,112,0,Darren Lynn Bousman,0.9837,Rebecca De Mornay,3.1144,Crime,Horror,LightTower Entertainment,Widget Films,General,R,9,0,Open Road Films (II),11719690.0,719690.0
507,2010,14000000,103,0,Rick Famuyiwa,0.272,Forest Whitaker,3.417,Comedy,,Pointe Studios,Fox Searchlight Pictures,General,PG-13,3,0,Fox Searchlight Pictures,9868507.0,-4131493.0
508,2010,60000,83,0,Damien Chazelle,1.1285,Jason Palmer,0.0357,Drama,Music,Varilight Films,Olive Productions,General,NR,3,0,,,
509,2010,12000000,119,0,Mahsun Kırmızıgül,0.5685,Haluk Bilginer,1.6631,Drama,,IM Global,,General,R,3,0,,,
510,2010,10000000,107,0,Floria Sigismondi,0.4763,Kristen Stewart,6.9117,Music,Drama,Linson Entertainment,River Road Entertainment,General,R,3,0,Apparition,1125452.0,-8874548.0
511,2010,650000,98,1,Jim Mickle,0.2934,Connor Paolo,1.7656,Drama,Horror,Glass Eye Pix,Belladonna Productions,Stake Land,R,9,0,,,
512,2010,2500000,89,0,John Murlowski,0.1809,Ashley Scott,1.7102,Comedy,Family,MarVista Entertainment,,General,NR,12,1,,,
513,2010,1400000,84,0,Daryn Tufts,0.6141,Alyssa Milano,4.1006,Romance,Comedy,fiftyfilms,Gravitas Ventures,General,PG,4,0,,,
514,2010,4500000,97,0,Galt Niederhoffer,0.422,Katie Holmes,3.9596,Drama,Romance,10th Hole Productions,Benaroya Pictures,General,PG-13,9,0,Four of a Kind Productions,55348.0,-4444652.0
515,2010,1500000,85,0,Jon Knautz,0.6921,Aaron Ashmore,2.5736,Horror,,Wesley Clover Media,Brookstreet Pictures,General,NR,10,0,,,
516,2010,400000,92,0,Mark Young,0.1023,Amber Benson,1.098,Crime,Mystery,Mark Young Films,Morningstar Films,General,NR,2,0,,,
517,2010,60000000,97,1,Paul W. S. Anderson,1.4428,Milla Jovovich,5.8775,Action,Adventure,Screen Gems,Constantin Film,Resident Evil,R,9,0,Screen Gems,33891366.0,-26108634.0
518,2011,379000000,136,1,Rob Marshall,0.6187,Johnny Depp,6.5752,Adventure,Action,Walt Disney Pictures,Jerry Bruckheimer Films,Pirates of the Caribbean,PG-13,5,0,Walt Disney Studios Motion Pictures,113595287.0,-265404713.0
519,2011,110000000,127,0,Shawn Levy,2.0627,Hugh Jackman,5.2825,Action,Science Fiction,DreamWorks Pictures,Reliance Entertainment,General,PG-13,9,0,Walt Disney Studios Motion Pictures,35439801.0,-74560199.0
520,2011,200000000,106,1,John Lasseter,0.8772,Larry the Cable Guy,0.4838,Animation,Family,Pixar,Walt Disney Pictures,Cars,G,6,0,Walt Disney Studios Motion Pictures,90930615.0,-109069385.0
521,2011,80000000,102,1,Todd Phillips,0.923,Bradley Cooper,3.143,Comedy,,Legendary Pictures,Green Hat Films,The Hangover Part,R,5,0,Warner Bros.,148915509.0,68915509.0
522,2011,110000000,117,1,Bill Condon,1.0483,Kristen Stewart,6.9117,Adventure,Fantasy,Summit Entertainment,Sunswept Entertainment,The Twilight Saga,PG-13,11,1,Summit Entertainment,179148435.0,69148435.0
523,2011,150000000,115,1,Kenneth Branagh,2.7277,Chris Hemsworth,7.7826,Adventure,Fantasy,Marvel Studios,Marvel Entertainment,Thor,PG-13,4,0,Paramount Pictures,84752317.0,-65247683.0
524,2011,25000000,146,0,Tate Taylor,0.7234,Emma Stone,8.3629,Drama,,1492 Pictures,Harbinger Pictures,General,PG-13,8,0,Walt Disney Studios Motion Pictures,44188652.0,19188652.0
525,2011,50000000,118,0,Glenn Ficarra,0.3557,Steve Carell,4.2116,Comedy,Drama,Warner Bros. Pictures,,General,PG-13,7,0,Warner Bros.,30085106.0,-19914894.0
526,2011,15000000,100,0,Nicolas Winding Refn,0.7459,Ryan Gosling,7.8717,Drama,Thriller,FilmDistrict,Bold Films,General,R,9,0,FilmDistrict,15653375.0,653375.0
527,2011,90000000,96,1,Carlos Saldanha,0.3712,Jesse Eisenberg,4.9929,Animation,Adventure,Blue Sky Studios,20th Century Fox Animation,Rio,G,4,0,Twentieth Century Fox,54483241.0,-35516759.0
528,2011,55000000,247,0,Quentin Tarantino,3.8346,Uma Thurman,8.3886,Action,Crime,Super Cool ManChu,Miramax,General,NR,3,0,,,
529,2011,200000000,114,0,Martin Campbell,1.3519,Ryan Reynolds,5.6859,Adventure,Action,DC Entertainment,De Line Pictures,General,PG-13,6,0,Warner Bros.,70961421.0,-129038579.0
530,2011,150000000,91,1,Jennifer Yuh Nelson,0.4609,Jack Black,5.4901,Animation,Family,DreamWorks Animation,,Kung Fu Panda,PG,5,0,DreamWorks,73117974.0,-76882026.0
531,2011,1500000,102,1,James Wan,1.9086,Patrick Wilson,2.9885,Horror,Thriller,Alliance Films,IM Global,Insidious,PG-13,3,0,FilmDistrict,17356588.0,15856588.0
532,2011,40000000,108,0,Olivier Megaton,0.8224,Zoe Saldaña,4.7089,Action,Thriller,A.J.O.Z. Films,EuropaCorp,General,PG-13,7,0,TriStar Pictures,14562122.0,-25437878.0
533,2011,82000000,110,0,Zack Snyder,5.3725,Emily Browning,4.2495,Action,Fantasy,Legendary Pictures,Lennox House Films,General,PG-13,3,0,Warner Bros.,23790715.0,-58209285.0
534,2011,15000000,107,0,Lone Scherfig,0.2684,Anne Hathaway,18.1883,Drama,Romance,Focus Features,Random House Films,General,PG-13,3,0,Focus Features,7273462.0,-7726538.0
535,2011,3000000,93,1,Declan O'Brien,0.2312,Jennifer Pudavick,0.7017,Horror,Thriller,Summit Entertainment,Constantin Film,Wrong Turn 4,R,10,0,,,
536,2011,80000000,117,0,Dennis Dugan,0.8356,Adam Sandler,4.1529,Comedy,Romance,Columbia Pictures,Happy Madison Productions,General,PG-13,2,0,Sony Pictures Releasing,42555964.0,-37444036.0
537,2011,145000000,133,1,Brad Bird,1.4167,Tom Cruise,8.76,Action,Thriller,Paramount Pictures,Bad Robot,Mission,PG-13,12,1,Paramount Pictures,31836461.0,-113163539.0
538,2011,1340000,78,0,Joe Smalley,0.0261,Josh Folan,0.1553,Horror,Thriller,Impaler Entertainment,Compound B,General,NR,9,0,,,
539,2011,40000000,109,0,Andrew Niccol,0.8005,Justin Timberlake,1.5375,Action,Thriller,New Regency Pictures,Strike Entertainment,General,PG-13,10,0,Twentieth Century Fox,4458277.0,-35541723.0
540,2011,135000000,112,0,Gore Verbinski,1.4002,Johnny Depp,6.5752,Animation,Comedy,Paramount Pictures,Blind Wink,General,PG,3,0,Paramount Pictures,45603254.0,-89396746.0
541,2011,5000000,120,0,Jeff Nichols,0.6699,Michael Shannon,3.5204,Thriller,Drama,Hydraulx,REI Capital,General,R,9,0,,,
542,2011,163000000,119,0,Jon Favreau,3.4142,Daniel Craig,4.4069,Action,Science Fiction,DreamWorks Pictures,Universal Pictures,General,PG-13,7,0,Universal Pictures,51620065.0,-111379935.0
543,2011,6000000,96,0,Michael Pavone,0.3189,John Cena,4.3502,Drama,Action,WWE Studios,,General,PG-13,10,0,,,
544,2011,30000000,111,0,Joe Wright,1.8202,Saoirse Ronan,3.3042,Action,Thriller,Holleran Company,Neunte Babelsberg Film,General,PG-13,4,0,Focus Features,16000312.0,-13999688.0
545,2011,50000000,112,0,J.J. Abrams,1.4739,Joel Courtney,0.8371,Thriller,Science Fiction,Paramount Pictures,Amblin Entertainment,General,PG-13,6,0,Paramount Pictures,50530789.0,530789.0
546,2011,170000000,126,0,Martin Scorsese,3.0015,Asa Butterfield,3.1554,Adventure,Drama,GK Films,Infinitum Nihil,General,PG,11,1,Paramount Pictures,16569208.0,-153430792.0
547,2011,20000000,109,0,Thomas Bezucha,0.5961,Selena Gomez,2.6112,Adventure,Comedy,Fox 2000 Pictures,Regency Enterprises,General,PG,7,0,Twentieth Century Fox,12324903.0,-7675097.0
548,2011,25000000,121,1,Jonathan English,0.801,James Purefoy,1.9308,Romance,Adventure,Perpetual Media Capital,Mythic International Entertainment,Ironclad,R,3,0,,,
549,2011,90000000,113,0,Marcus Nispel,0.7579,Jason Momoa,9.7049,Adventure,Fantasy,Dark Horse Entertainment,Nu Image,General,R,8,0,Lionsgate,13475575.0,-76524425.0
550,2011,75000000,87,1,Mike Mitchell,0.7056,Jason Lee,2.3204,Comedy,Fantasy,Fox 2000 Pictures,20th Century Fox,Alvin and the Chipmunks,G,12,1,Twentieth Century Fox,36940187.0,-38059813.0
551,2011,45000000,103,1,James Bobin,0.7809,Jason Segel,1.1144,Family,Comedy,Walt Disney Pictures,The Muppets Studio,The Muppets,PG,11,1,Walt Disney Studios Motion Pictures,43631444.0,-1368556.0
552,2011,30000000,98,0,Tom Hanks,14.407,Tom Hanks,14.407,Comedy,Romance,Playtone,Vendôme Production,General,PG-13,6,0,Universal Pictures,20261285.0,-9738715.0
553,2011,110000000,103,1,Raja Gosnell,0.4874,Hank Azaria,2.5021,Animation,Family,Columbia Pictures,Sony Pictures Animation,The Smurfs,PG,7,0,Sony Pictures Releasing,55201831.0,-54798169.0
554,2011,40000000,95,0,Dominic Sena,0.2801,Nicolas Cage,6.3482,Adventure,Fantasy,Atlas Entertainment,Relativity Media,General,PG-13,1,0,Relativity Media,13497739.0,-26502261.0
555,2011,50000000,134,0,Bennett Miller,0.4244,Brad Pitt,9.031,Drama,,Scott Rudin Productions,Michael De Luca Productions,General,PG-13,9,0,Sony Pictures Releasing,25968538.0,-24031462.0
556,2011,35000000,109,0,Will Gluck,0.5104,Justin Timberlake,1.5375,Romance,Comedy,Castle Rock Entertainment,Olive Bridge Entertainment,General,R,7,0,Screen Gems,28900281.0,-6099719.0
557,2011,17000000,98,0,Michael Brandt,0.891,Richard Gere,4.7385,Action,Drama,Industry Entertainment Partners,Image Nation Abu Dhabi,General,PG-13,10,0,Image Entertainment,38367.0,-16961633.0
558,2011,75000000,110,0,Paul W. S. Anderson,1.4428,Logan Lerman,6.8261,Adventure,Action,Summit Entertainment,Constantin Film,General,PG-13,8,0,Summit Entertainment,11339878.0,-63660122.0
559,2011,130000000,90,1,Chris Miller,0.7786,Antonio Banderas,5.077,Animation,Family,DreamWorks Animation,,Puss in Boots,PG,10,0,DreamWorks,42473038.0,-87526962.0
560,2011,500000,80,0,Jim Wynorski,0.9807,Brian Krause,1.7378,Horror,Science Fiction,Concorde-New Horizons,Factoria Corman,General,R,3,0,,,
561,2011,50000000,104,0,Patrick Lussier,0.5597,Nicolas Cage,6.3482,Fantasy,Thriller,Summit Entertainment,Saturn Films,General,R,2,0,Summit Entertainment,6878292.0,-43121708.0
562,2011,49900000,102,0,David Gordon Green,0.4867,Danny McBride,2.9104,Comedy,Fantasy,Universal Pictures,Stuber Pictures,General,R,4,0,Universal Pictures,12057765.0,-37842235.0
563,2011,1150000,91,1,Jerry Daigle,1.1673,Emily Donahoe,0.57,Comedy,,Flim Flam Films,Voodoo Pictures,National Lampoon's Dirty Movie,NR,2,0,,,
564,2011,66000000,146,0,Steven Spielberg,3.854,Jeremy Irvine,1.7752,War,History,DreamWorks Pictures,Reliance Entertainment,General,PG-13,12,1,Walt Disney Studios Motion Pictures,36352197.0,-29647803.0
565,2011,20000000,91,0,Antti J. Jokinen,0.6109,Hilary Swank,2.281,Thriller,Mystery,Hammer Film Productions,Exclusive Media,General,R,2,0,,,
566,2011,10000000,97,0,Sarah Smith,0.5709,James McAvoy,3.6316,Drama,Animation,Columbia Pictures,Sony Pictures Animation,General,PG,11,1,Sony Pictures Releasing,17180042.0,7180042.0
567,2011,93000000,105,1,Rupert Wyatt,0.2265,Andy Serkis,3.0658,Thriller,Action,Dune Entertainment,Chernin Entertainment,Rise of the Planet of the Apes,PG-13,8,0,Twentieth Century Fox,77375919.0,-15624081.0
568,2011,27000000,106,0,Neil Burger,1.1213,Bradley Cooper,3.143,Thriller,Mystery,Relativity Media,Virgin Produced,General,PG-13,3,0,Relativity Media,26055982.0,-944018.0
569,2011,35000000,112,0,Luke Greenfield,0.3348,Ginnifer Goodwin,6.9886,Comedy,Drama,Wild Ocean Films,Alcon Entertainment,General,PG-13,5,0,Warner Bros.,18646512.0,-16353488.0
570,2011,50000000,84,0,Jim Sheridan,0.6372,Daniel Craig,4.4069,Mystery,Drama,Cliffjack Motion Pictures,Morgan Creek Entertainment,General,PG-13,9,0,Universal Pictures,9991965.0,-40008035.0
571,2011,40000000,110,0,Jason Winer,0.2319,Russell Brand,1.1055,Comedy,Romance,Warner Bros. Pictures,MBST,General,PG-13,4,0,Warner Bros.,15408417.0,-24591583.0
572,2011,30000000,89,0,Chris Gorak,0.8457,Emile Hirsch,2.6127,Horror,Action,Regency Enterprises,Bazelevs,General,PG-13,12,1,Summit Entertainment,11672484.0,-18327516.0
573,2011,10000000,101,0,Matthew Chapman,0.219,Charlie Hunnam,8.3527,Drama,Thriller,Foresight Unlimited,VIP Media Group,General,R,5,0,,,
574,2011,17000000,94,0,Woody Allen,1.2222,Owen Wilson,4.1783,Fantasy,Comedy,Mediapro,Versátil Cinema,General,PG-13,5,0,Sony Pictures Classics,904974.0,-16095026.0
575,2011,30000000,113,0,Jaume Collet-Serra,0.7757,Liam Neeson,7.5562,Action,Mystery,Panda Productions,Dark Castle Entertainment,General,PG-13,2,0,Warner Bros.,30405168.0,405168.0
576,2011,21000000,91,0,Jodie Foster,5.9869,Mel Gibson,4.9984,Drama,,Anonymous Content,Summit Entertainment,General,PG-13,5,0,Summit Entertainment,150357.0,-20849643.0
577,2011,25000000,122,0,Robert Redford,2.6545,James McAvoy,3.6316,Crime,Drama,Wildwood Enterprises,The American Film Company,General,PG-13,4,0,Roadside Attractions,4702683.0,-20297317.0
578,2011,75000000,104,0,Brett Ratner,1.7302,Ben Stiller,3.8913,Action,Comedy,Universal Pictures,Relativity Media,General,PG-13,11,1,Universal Pictures,30691850.0,-44308150.0
579,2011,7000000,113,0,Lynne Ramsay,0.6828,Tilda Swinton,2.525,Drama,Thriller,BBC Film,Independent,General,R,9,0,,,
580,2011,25000000,114,0,Kevin Macdonald,0.2889,Channing Tatum,4.8758,Adventure,Drama,Prime Focus,Toledo Productions,General,PG-13,2,0,Focus Features,11507198.0,-13492802.0
581,2011,20000000,92,0,Jake Kasdan,0.8696,Cameron Diaz,4.8864,Comedy,,Columbia Pictures,Mosaic Media Group,General,R,5,0,Sony Pictures Releasing,45445971.0,25445971.0
582,2011,32500000,125,0,Paul Feig,0.9215,Kristen Wiig,2.6299,Comedy,Romance,Apatow Productions,Relativity Media,General,R,5,0,Universal Pictures,38459240.0,5959240.0
583,2011,18000000,112,0,Sean McNamara,0.747,AnnaSophia Robb,3.2848,Family,Drama,Enticing Entertainment,Island Film Group,General,PG,4,0,TriStar Pictures,12596627.0,-5403373.0
584,2011,40000000,104,0,Greg Mottola,0.4481,Simon Pegg,3.6485,Adventure,Comedy,Universal Pictures,Relativity Media,General,R,2,0,Universal Pictures,17104170.0,-22895830.0
585,2011,42000000,100,0,Catherine Hardwicke,0.5487,Amanda Seyfried,7.4833,Thriller,Drama,Appian Way,Random Films,General,PG-13,3,0,Warner Bros.,18707383.0,-23292617.0
586,2011,13000000,100,0,Juan Carlos Fresnadillo,0.4963,Clive Owen,2.9839,Thriller,Horror,Apaches Films,Universal Pictures International,General,R,9,0,,,
587,2011,140000000,124,1,Joe Johnston,1.2227,Chris Evans,4.899,Action,Adventure,Marvel Studios,Marvel Entertainment,Captain America,PG-13,7,0,Paramount Pictures,91867268.0,-48132732.0
588,2011,6000000,101,0,Ernie Barbarash,0.5029,Cuba Gooding Jr.,1.7096,Action,Thriller,Upload Films,,General,R,1,0,,,
589,2011,57000000,95,1,Mark Neveldine,0.378,Nicolas Cage,6.3482,Action,Fantasy,Columbia Pictures,Crystal Sky Pictures,Ghost Rider,PG-13,12,1,Sony Pictures Releasing,29032082.0,-27967918.0
590,2011,32000000,107,1,John Whitesell,0.2811,Martin Lawrence,3.8377,Crime,Comedy,Regency Enterprises,New Regency Pictures,Big Mommas,PG-13,2,0,Twentieth Century Fox,21024243.0,-10975757.0
591,2011,800000,84,0,Michael Biehn,1.3874,Michael Biehn,1.3874,Thriller,Action,Lotus Sound,BLT Productions,General,R,6,0,,,
592,2011,750000,85,0,Jennifer Siebel Newsom,0.4937,Katie Couric,0.2007,Documentary,,The Representation Project,,General,NR,1,0,,,
593,2011,63000000,95,0,Tim Hill,0.7342,Russell Brand,1.1055,Animation,Comedy,Universal Pictures,Illumination,General,PG,3,0,Universal Pictures,46456305.0,-16543695.0
594,2011,36000000,105,0,Bobby Farrelly,0.7258,Owen Wilson,4.1783,Comedy,Romance,New Line Cinema,Conundrum Entertainment,General,R,2,0,Warner Bros.,17985755.0,-18014245.0
595,2011,21000000,99,1,David Bowers,0.2114,Zachary Gordon,2.1037,Family,Comedy,Color Force,Dune Entertainment,Diary of a Wimpy Kid,PG,3,0,Twentieth Century Fox,28155346.0,7155346.0
596,2011,37000000,114,0,Mikael Håfström,0.4435,Anthony Hopkins,3.8278,Drama,Thriller,New Line Cinema,Contrafilm,General,PG-13,1,0,Warner Bros.,18112223.0,-18887777.0
597,2011,10000000,94,0,Jonah Loop,0.5742,Kellan Lutz,2.4834,Action,Thriller,Motion Picture Corporation of America,Fury Productions,General,R,10,0,,,
598,2011,50200000,106,0,George Nolfi,0.6533,Matt Damon,15.403,Science Fiction,Thriller,Universal Pictures,MRC,General,PG-13,3,0,Universal Pictures,26992260.0,-23207740.0
599,2011,1500000,90,0,Brian A. Miller,0.334,Dave Bautista,5.7719,Action,Thriller,Berkshire Axis Media,,General,R,7,0,,,
600,2011,66000000,116,0,Gary McKendry,0.4431,Jason Statham,18.2824,Action,Adventure,Open Road Films,Current Entertainment,General,R,9,0,Open Road Films (II),12584447.0,-53415553.0
601,2011,12500000,101,0,George Clooney,5.2692,Ryan Gosling,7.8717,Drama,,Appian Way,Crystal City Entertainment,General,R,10,0,Sony Pictures Releasing,14654389.0,2154389.0
602,2011,1100000,92,0,Lee Hirsch,0.0239,Unknown,0.0,Documentary,Drama,The Weinstein Company,"Bully Project, The",General,PG-13,4,0,The Weinstein Company,160410.0,-939590.0
603,2011,7000000,90,0,Julian Farino,0.5465,Leighton Meester,3.4446,Comedy,Romance,ATO Pictures,Likely Story,General,R,9,0,,,
604,2011,7000000,93,0,Aaron Harvey,0.1348,Bruce Willis,4.9534,Drama,Action,Sakonnet Capital Partners,Benaroya Pictures,General,R,12,1,,,
605,2011,80000000,102,0,Frank Coraci,0.4821,Kevin James,4.0728,Comedy,Romance,Broken Road Productions,Hey Eddie,General,PG,7,0,Sony Pictures Releasing,30052466.0,-49947534.0
606,2011,30000000,108,0,Alister Grierson,0.4504,Richard Roxburgh,1.5947,Action,Thriller,Universal Pictures,Relativity Media,General,R,2,0,Universal Pictures,12373370.0,-17626630.0
607,2011,32000000,93,0,Duncan Jones,1.0372,Jake Gyllenhaal,7.9386,Thriller,Science Fiction,The Mark Gordon Company,Summit Entertainment,General,PG-13,3,0,Summit Entertainment,19568633.0,-12431367.0
608,2011,40000000,91,1,Steven Quale,0.8542,Nicholas D'Agosto,1.1944,Horror,Mystery,Parallel Zide,New Line Cinema,Final Destination,R,8,0,Warner Bros.,24623220.0,-15376780.0
609,2011,70000,91,0,Mike Flanagan,1.6771,Katie Parker,1.566,Horror,Mystery,FallBack Plan Productions,Blue Dot Productions,General,R,3,0,,,
610,2011,6000000,88,1,Scott Spiegel,0.4016,Kip Pardue,1.0812,Horror,,RCR Media Group,Stage 6 Films,Hostel,R,12,1,,,
611,2011,36000000,84,1,Kelly Asbury,0.2814,James McAvoy,3.6316,Animation,Family,Touchstone Pictures,Starz Animation,Gnomeo & Juliet,G,1,0,Walt Disney Studios Motion Pictures,31020532.0,-4979468.0
612,2011,10000000,91,0,Prachya Pinkaew,0.5753,Kevin Bacon,4.4867,Action,Thriller,Swingin' Productions,Millennium Media,General,R,5,0,,,
613,2011,40000000,93,1,Simon West,0.9977,Jason Statham,18.2824,Action,Thriller,CBS Films,Chartoff-Winkler Productions,The Mechanic,R,1,0,CBS Films,14710266.0,-25289734.0
614,2011,45000000,120,0,Bruce Robinson,0.3378,Johnny Depp,6.5752,Comedy,Drama,FilmEngine,GK Films,General,R,10,0,FilmDistrict,7435734.0,-37564266.0
615,2011,25000000,107,0,Ivan Reitman,0.5347,Natalie Portman,5.7498,Comedy,Romance,Katalyst Films,The Montecito Picture Company,General,R,1,0,Paramount Pictures,26092075.0,1092075.0
616,2011,1000000,91,0,Miranda July,0.3296,Miranda July,0.3296,Drama,Fantasy,GNK Productions,The Match Factory,General,R,7,0,Roadside Attractions,44430.0,-955570.0
617,2011,15000000,119,0,Madonna,0.9344,Abbie Cornish,2.3319,Drama,Romance,Semtex Films,IM Global,General,R,9,0,The Weinstein Company,64147.0,-14935853.0
618,2011,3500000,108,0,J.C. Chandor,0.7804,Kevin Spacey,2.3992,Thriller,Drama,Before the Door Pictures,Washington Square Films,General,R,9,0,Roadside Attractions,608724.0,-2891276.0
619,2011,20000000,79,0,Sean McNamara,0.747,Dylan Sprouse,5.4289,Adventure,Comedy,It's a Laugh Productions,Bon Mot Productions,General,G,3,0,,,
620,2011,30000,96,0,David Robert Mitchell,0.8324,Claire Sloma,0.0461,Romance,Comedy,Roman Spring Pictures,,General,NR,7,0,,,
621,2011,40000000,111,1,Wes Craven,0.6285,David Arquette,1.4227,Horror,Mystery,Dimension Films,Outerbanks Entertainment,Scream,R,4,0,Dimension Films,24004263.0,-15995737.0
622,2011,8000000,100,0,Jonathan Levine,0.3281,Joseph Gordon-Levitt,3.7463,Comedy,Drama,Mandate Pictures,Point Grey Pictures,General,R,9,0,Summit Entertainment,11830372.0,3830372.0
623,2011,36000000,91,0,Joel Schumacher,0.6124,Nicolas Cage,6.3482,Thriller,,Nu Image,Millennium Media,General,R,10,0,,,
624,2011,1000000,89,0,Jose Montesinos,0.6926,Jeneta St. Clair,0.8129,Comedy,,The Asylum,,General,NR,7,0,Sony Pictures Releasing,25260.0,-974740.0
625,2011,90000000,158,1,David Fincher,2.0014,Daniel Craig,4.4069,Thriller,Crime,Columbia Pictures,Metro-Goldwyn-Mayer,The Girl with the Dragon Tattoo,R,12,1,Sony Pictures Releasing,32449413.0,-57550587.0
626,2011,60000000,87,0,Scott Stewart,0.1973,Paul Bettany,3.0499,Action,Fantasy,Michael De Luca Productions,Stars Road Entertainment,General,PG-13,5,0,Screen Gems,19083128.0,-40916872.0
627,2011,35000000,137,0,Clint Eastwood,4.2252,Leonardo DiCaprio,7.7581,Drama,Crime,Imagine Entertainment,Malpaso Productions,General,R,11,1,Warner Bros.,13192220.0,-21807780.0
628,2011,200000,88,0,Christopher Ray,0.8556,Cody Deal,0.3994,Adventure,Fantasy,The Asylum,,General,PG,5,0,,,
629,2011,23000000,93,0,Steven Soderbergh,1.2462,Gina Carano,5.3447,Action,Thriller,Relativity Media,Fís Éireann/Screen Ireland,General,NR,11,1,Relativity Media,11279202.0,-11720798.0
630,2011,25000000,140,0,Gavin O'Connor,0.603,Joel Edgerton,4.394,Drama,Action,Lionsgate,Mimran Schur Pictures,General,PG-13,9,0,Lionsgate,7142300.0,-17857700.0
631,2011,16000000,92,0,Christian E. Christiansen,0.2349,Leighton Meester,3.4446,Thriller,Drama,Screen Gems,Vertigo Entertainment,General,PG-13,2,0,Screen Gems,17652901.0,1652901.0
632,2011,79000000,91,0,Dennis Dugan,0.8356,Adam Sandler,4.1529,Comedy,Family,Broken Road Productions,Columbia Pictures,General,PG,11,1,Sony Pictures Releasing,29027906.0,-49972094.0
633,2011,5,92,1,Kriv Stenders,0.3196,Josh Lucas,2.3408,Drama,Comedy,Endymion Films,ScreenWest,Red Dog,NR,8,0,,,
634,2011,38000000,122,0,Francis Lawrence,1.872,Robert Pattinson,5.3095,Drama,Romance,Big Screen Productions,Fox 2000 Pictures,General,PG-13,4,0,Twentieth Century Fox,23137801.0,-14862199.0
635,2011,13000000,105,0,Jon M. Chu,2.3895,Justin Bieber,0.926,Music,Documentary,Insurge Pictures,Magical Elves,General,G,2,0,Paramount Pictures,34130202.0,21130202.0
636,2011,17000000,101,0,Tony Krantz,0.6772,Antonio Banderas,5.077,Action,Mystery,North by Northwest Entertainment,Flame Ventures,General,R,2,0,,,
637,2011,70000000,116,0,Jonathan Liebesman,0.3094,Aaron Eckhart,3.0806,Science Fiction,Action,Columbia Pictures,Relativity Media,General,PG-13,3,0,,,
638,2011,250000,90,0,Drake Doremus,0.2478,Anton Yelchin,1.0566,Drama,Romance,Paramount Vantage,Andrea Sperling Productions,General,PG-13,10,0,Paramount Vantage,177996.0,-72004.0
639,2011,130000000,107,0,Steven Spielberg,3.854,Jamie Bell,2.4783,Adventure,Animation,Paramount Pictures,Columbia Pictures,General,PG,10,0,Paramount Pictures,24501211.0,-105498789.0
640,2011,37000000,113,1,Charles Martin Smith,1.571,Winter The Dolphin,0.0907,Drama,Family,Arc Productions,Alcon Entertainment,Dolphin Tale,PG,9,0,Warner Bros.,23271377.0,-13728623.0
641,2011,4500000,96,1,Uwe Boll,0.6282,Dolph Lundgren,4.9853,Adventure,Fantasy,Event Film Distribution,Pistoleros,In the Name of the King 2,R,11,1,,,
642,2011,8000000,89,1,Benny Boom,0.2107,Gabriel Macht,2.9059,Action,Crime,Original Film,Stage 6 Films,S.W.A.T.,R,3,0,,,
643,2011,5000000,86,0,Gonzalo López-Gallego,0.3427,Ryan Robbins,0.8896,Horror,Thriller,Bazelevs,Dimension Films,General,PG-13,7,0,Dimension Films,12087954.0,7087954.0
644,2011,52000000,112,0,David Dobkin,0.3392,Jason Bateman,6.0826,Comedy,,Universal Pictures,Relativity Media,General,R,8,0,Universal Pictures,19532205.0,-32467795.0
645,2011,40000000,119,0,Brad Furman,0.6188,Matthew McConaughey,9.2816,Crime,Drama,Sidney Kimmel Entertainment,Lionsgate,General,R,3,0,Lionsgate,17967183.0,-22032817.0
646,2011,500000,86,0,Dee Rees,0.2603,Adepero Oduye,0.7103,Drama,,NorthStar Pictures,Sundial Pictures,General,NR,12,1,Focus Features,108303.0,-391697.0
647,2011,1600000,89,0,Carl Bessai,0.3446,Dustin Milligan,2.0379,Drama,Action,Rampart Films,Raven West Films,General,NR,4,0,,,
648,2011,125000000,129,1,Guy Ritchie,2.8818,Robert Downey Jr.,7.311,Adventure,Action,Village Roadshow Pictures,Silver Pictures,Sherlock Holmes,PG-13,11,1,Warner Bros.,58753622.0,-66246378.0
649,2011,55000000,94,0,Mark Waters,0.531,Jim Carrey,6.4951,Comedy,Family,Davis Entertainment,Dune Entertainment III,General,PG,6,0,Twentieth Century Fox,29147679.0,-25852321.0
650,2011,5000000,101,0,Michael Pavone,0.3189,Chase Ellison,0.7236,Drama,Family,WWE Studios,,General,PG,4,0,,,
651,2011,150000000,88,0,Simon Wells,0.3268,Seth Green,3.092,Adventure,Animation,Walt Disney Pictures,ImageMovers Digital,General,PG,3,0,Walt Disney Studios Motion Pictures,10083814.0,-139916186.0
652,2011,45202,95,1,Kevin Macdonald,0.2889,Cindy Baer,0.1,Documentary,Drama,Scott Free Productions,LG,Life in a Day,PG-13,1,0,,,
653,2011,1000000,81,0,K. Asher Levin,0.0897,Denise Richards,2.8338,Comedy,Drama,StoneBrook Entertainment,Lookout Films,General,R,4,0,,,
654,2011,120000000,119,0,Michel Gondry,0.6034,Seth Rogen,6.1304,Action,Crime,Original Film,Reliance Big Entertainment,General,PG-13,1,0,Sony Pictures Releasing,45341243.0,-74658757.0
655,2011,10000000,127,0,Angelina Jolie,14.7538,Zana Marjanović,0.2643,Drama,Romance,GK Films,,General,R,12,1,FilmDistrict,39663.0,-9960337.0
656,2011,6000000,93,0,Lance Daly,0.3506,Orlando Bloom,2.4458,Drama,Thriller,Viddywell,Code Red,General,PG-13,4,0,,,
657,2011,27000000,89,1,Robert Rodriguez,2.0538,Jessica Alba,7.4425,Family,Comedy,Dimension Films,,Spy Kids,PG,8,0,,,
658,2011,19000000,97,0,Michael Dowse,0.1306,Topher Grace,3.4136,Comedy,Drama,Rogue Pictures,Imagine Entertainment,General,R,3,0,Relativity Media,4618853.0,-14381147.0
659,2011,41000000,102,0,David Frankel,0.3675,Steve Martin,1.8793,Comedy,,Ingenious Media,Fox 2000 Pictures,General,PG,10,0,Twentieth Century Fox,4319378.0,-36680622.0
660,2011,4000000,88,0,Kevin Smith,1.34,Michael Parks,0.8949,Horror,Action,SModcast Pictures,NVSH Productions,General,R,8,0,SModcast Pictures,204230.0,-3795770.0
661,2011,1000000,129,0,Alex Kendrick,0.3981,Ken Bevel,0.3507,Drama,,TriStar Pictures,Provident Films,General,PG-13,9,0,TriStar Pictures,11292156.0,10292156.0
662,2011,500000,90,0,William Eubank,0.6061,Gunner Wright,0.5503,Drama,Science Fiction,National CineMedia,Angels & Airwaves,General,NR,2,0,Alchemy,29301.0,-470699.0
663,2011,3500000,84,0,Jay Oliva,0.3872,Nathan Fillion,4.4812,Action,Adventure,Warner Bros. Animation,Warner Premiere,General,PG,4,0,,,
664,2011,750000,101,0,Ti West,0.6824,Sara Paxton,2.1604,Horror,Thriller,Dark Sky Films,Glass Eye Pix,General,R,8,0,,,
665,2011,35000000,106,0,John Singleton,0.5701,Taylor Lautner,2.6379,Thriller,Action,Vertigo Entertainment,The Gotham Group,General,PG-13,9,0,Lionsgate,13489188.0,-21510812.0
666,2011,30000000,129,0,Marc Forster,0.3966,Gerard Butler,8.5815,Action,Thriller,Virgin Produced,Relativity Media,General,R,9,0,Relativity Media,58199.0,-29941801.0
667,2011,12000000,108,0,Oren Moverman,0.2294,Woody Harrelson,6.0845,Crime,Drama,Lightstream Pictures,Waypoint Entertainment,General,R,11,1,,,
668,2011,70000000,111,0,Ron Howard,2.9724,Vince Vaughn,2.0753,Comedy,Drama,Wild West Picture Show Productions,Imagine Entertainment,General,PG-13,1,0,Universal Pictures,23637335.0,-46362665.0
669,2011,7000000,113,1,Mike Elliott,0.1585,Sasha Jackson,0.7079,Adventure,Drama,Capital Arts Entertainment,Universal Studios Home Entertainment,Blue Crush,PG-13,6,0,,,
670,2011,6800000,100,0,Damian Lee,0.2421,Cuba Gooding Jr.,1.7096,Action,,Styx Productions,Zed Filmworks,General,R,4,0,,,
671,2011,300000,97,0,Jack Perez,0.4181,Kevin Corrigan,1.0444,Horror,Thriller,Level 10 Films,Battle of Ireland Films,General,R,4,0,,,
672,2011,5000000,91,0,Ryan Little,0.4769,Corey Sevier,0.9698,Adventure,Action,Unknown,,General,PG-13,3,0,,,
673,2011,20000000,97,1,Paul Johansson,1.0495,Taylor Schilling,1.279,Drama,Thriller,Harmon Kaslow & John Aglialoro Productions,,Atlas Shrugged,PG-13,4,0,Rocky Mountain Pictures,2215434.0,-17784566.0
674,2011,56000000,118,0,Garry Marshall,0.608,Hilary Swank,2.281,Comedy,Romance,New Line Cinema,Karz Entertainment,General,PG-13,12,1,Warner Bros.,17405754.0,-38594246.0
675,2011,35000000,98,1,Seth Gordon,0.7003,Jason Bateman,6.0826,Comedy,Crime,New Line Cinema,RAT Entertainment,Horrible Bosses,R,7,0,Warner Bros.,42372139.0,7372139.0
676,2011,15000000,90,0,Dito Montiel,0.5589,Channing Tatum,4.8758,Drama,Thriller,Millennium Media,Nu Image,General,NR,11,1,Anchor Bay Films,26187.0,-14973813.0
677,2011,2000000,86,0,Chris Kentis,0.6295,Elizabeth Olsen,9.7367,Horror,Mystery,Elle Driver,Tazora Films,General,R,1,0,Open Road Films (II),8491744.0,6491744.0
678,2011,50000000,109,0,D.J. Caruso,0.4507,Alex Pettyfer,2.2697,Action,Thriller,Touchstone Pictures,Bay Films,General,PG-13,2,0,Walt Disney Studios Motion Pictures,26707814.0,-23292186.0
679,2011,50000000,124,0,Cameron Crowe,0.9349,Matt Damon,15.403,Drama,Comedy,Dune Entertainment,Estrella Media,General,PG,11,1,Twentieth Century Fox,27028831.0,-22971169.0
680,2011,4000000,119,0,Sam Levinson,1.2932,Ellen Barkin,2.3028,Comedy,Drama,Filmula,Mandalay Pictures,General,R,11,1,,,
681,2011,20000000,106,0,Mark Mylod,0.5644,Anna Faris,3.6158,Comedy,Romance,Regency Enterprises,New Regency Pictures,General,R,9,0,Twentieth Century Fox,7256018.0,-12743982.0
682,2011,75000000,110,0,Tarsem Singh,1.0854,Henry Cavill,7.6605,Fantasy,Action,Relativity Media,Virgin Produced,General,R,11,1,Relativity Media,40727930.0,-34272070.0
683,2011,19000000,90,1,Todd Strauss-Schulson,0.1986,John Cho,1.4577,Comedy,,New Line Cinema,Mandate Pictures,A Very Harold & Kumar Christmas,R,11,1,Warner Bros.,17322382.0,-1677618.0
684,2011,750000,88,0,Colin Theys,0.1703,Grant Bowler,0.7383,Horror,Science Fiction,Synthetic Cinema International,Chiller Films,General,NR,12,1,,,
685,2011,6600000,112,0,Salim Akil,0.3064,Paula Patton,2.6589,Comedy,,Sony Pictures,TriStar Pictures,General,PG-13,5,0,TriStar Pictures,18693814.0,12093814.0
686,2011,60000000,106,0,Steven Soderbergh,1.2462,Marion Cotillard,4.3737,Drama,Thriller,Participant,Image Nation Abu Dhabi,General,PG-13,9,0,Warner Bros.,29712091.0,-30287909.0
687,2011,40000000,129,0,Stephen Daldry,0.7586,Tom Hanks,14.407,Drama,,Warner Bros. Pictures,Scott Rudin Productions,General,PG-13,12,1,Warner Bros.,267923.0,-39732077.0
688,2011,350000,75,1,Víctor García,0.342,Steven Brand,0.9145,Horror,Thriller,Neo Art & Logic,Puzzlebox Films,Hellraiser,R,10,0,,,
689,2011,7000000,88,0,Francis Ford Coppola,1.3812,Val Kilmer,1.7664,Mystery,Fantasy,American Zoetrope,,General,R,9,0,,,
690,2011,20000000,113,0,Renny Harlin,1.0392,Rupert Friend,3.1259,War,Drama,Dispictures,Rex Media,General,R,6,0,Anchor Bay Films,9310.0,-19990690.0
691,2011,2500000,85,1,Mike Disa,0.254,Christopher Judge,1.2078,Animation,Horror,Clemensen Capital,Starz Media,Dead Space,NR,1,0,,,
692,2011,3000000,99,1,Michael Jai White,5.316,Michael Jai White,5.316,Drama,Action,Stage 6 Films,,Never Back Down 2,R,9,0,,,
693,2011,24000000,113,0,Craig Brewer,0.928,Dennis Quaid,3.3957,Drama,Music,Weston Pictures,Dylan Sellers Productions,General,PG-13,10,0,,,
694,2011,1600000,88,1,Johannes Roberts,0.3291,Kacey Barnfield,0.851,Horror,Thriller,Parallel Films,Syfy,Roadkill,R,4,0,,,
695,2011,13000000,98,0,Giorgio Serafini,0.66,Wesley Snipes,3.0036,Adventure,Action,Philippe Martinez Productions,Perpetual Media Capital,General,R,3,0,,,
696,2011,14000000,150,0,Kenneth Lonergan,0.2002,Anna Paquin,1.6777,Drama,,Fox Searchlight Pictures,Camelot Pictures,General,R,9,0,Fox Searchlight Pictures,11821.0,-13988179.0
697,2011,8000000,113,0,Rodrigo García,0.2975,Glenn Close,2.7059,Drama,,Mockingbird Pictures,Trillium Productions,General,R,12,1,Roadside Attractions,987692.0,-7012308.0
698,2011,20000000,107,0,Kevin Munroe,0.1183,Brandon Routh,2.6688,Action,Comedy,Hyde Park Entertainment,platinum studios,General,PG-13,3,0,Freestyle Releasing,1011500.0,-18988500.0
699,2011,6400000,99,0,Simon Curtis,0.3302,Michelle Williams,3.8592,Drama,Romance,The Weinstein Company,BBC Film,General,PG-13,11,1,The Weinstein Company,2385243.0,-4014757.0
700,2011,5000000,105,0,Nathan Morlando,0.4268,Scott Speedman,2.0948,Crime,Drama,IFC FIlms,Myriad Pictures,General,NR,9,0,,,
701,2011,28000000,83,0,Ruben Fleischer,1.0433,Jesse Eisenberg,4.9929,Action,Adventure,Columbia Pictures,Red Hour,General,R,8,0,Sony Pictures Releasing,19461828.0,-8538172.0
702,2011,15774948,97,0,Elliott Lester,0.2009,Jason Statham,18.2824,Crime,Action,Lipsync Productions,Kushner/Wyman Productions,General,R,5,0,,,
703,2011,3200000,104,0,Mike Mills,0.8644,Ewan McGregor,3.3672,Drama,Romance,Parts & Labor,Olympus Pictures,General,R,6,0,Focus Features,210270.0,-2989730.0
704,2011,5000000,83,1,Ariel Schulman,0.3992,Katie Featherston,0.6264,Horror,Mystery,Paramount Pictures,Blumhouse Productions,Paranormal Activity,R,10,0,Paramount Pictures,62774654.0,57774654.0
705,2011,19100000,109,0,Lee Tamahori,0.8277,Dominic Cooper,2.3088,Drama,Action,Corrino Media Corporation,Corsan,General,R,2,0,Lionsgate,143715.0,-18956285.0
706,2011,3500000,76,0,Sam Liu,0.3564,James Denton,2.3711,Animation,Science Fiction,Warner Bros. Animation,DC,General,PG,1,0,,,
707,2011,2500000,86,0,Mike Sears,0.5169,Kellan Lutz,2.4834,Action,Drama,California Pictures,Family Productions,General,PG,12,1,,,
708,2011,4500000,94,0,Michael Polish,0.2563,Mark Polish,0.2543,Comedy,Romance,Initiate Productions,,General,PG-13,9,0,,,
709,2011,20000000,115,0,Alexander Payne,0.9863,George Clooney,5.2692,Comedy,Drama,Dune Entertainment,Fox Searchlight Pictures,General,R,9,0,Fox Searchlight Pictures,236598.0,-19763402.0
710,2011,5000000,87,0,Lawrence Silverstein,0.0627,Sean Faris,1.2049,Action,,Strategic Film Partners,Vitamin A Films,General,R,9,0,,,
711,2011,250000,99,0,Adam Brooks,0.5827,Adam Brooks,0.5827,Action,Comedy,Astron-6 Video International,Troma Entertainment,General,NR,6,0,,,
712,2011,30000000,63,0,Stephen J. Anderson,0.5141,Jim Cummings,1.1153,Animation,Family,Walt Disney Animation Studios,,General,G,4,0,Walt Disney Studios Motion Pictures,12432251.0,-17567749.0
713,2011,5000000,90,0,Jesse Peretz,0.7272,Paul Rudd,3.0344,Comedy,Drama,Big Beach,Likely Story,General,R,8,0,The Weinstein Company,10235344.0,5235344.0
714,2011,1000000,88,0,Adam Deacon,0.2723,Adam Deacon,0.2723,Comedy,,Gunslinger,Gateway Films,General,NR,3,0,,,
715,2011,20000000,85,0,Mike Gunther,0.7412,50 Cent,1.8257,Action,Crime,Grindstone Entertainment Group,Cheetah Vision,General,R,10,0,,,
716,2011,650000,88,0,Levan Bakhia,0.3362,Scout Taylor-Compton,0.9449,Horror,Thriller,Foley Walkers Studio,Sarke Studio,General,R,9,0,,,
717,2011,24000000,89,0,Douglas McGrath,0.6627,Sarah Jessica Parker,2.0186,Romance,Comedy,The Weinstein Company,,General,PG-13,9,0,The Weinstein Company,5966425.0,-18033575.0
718,2011,2000000,105,1,Patrick Durham,0.1095,Brian Austin Green,1.6007,Action,Fantasy,Morningstar Films,Truth and Soul Pictures Inc,Cross,R,5,0,,,
719,2011,30000000,106,1,Craig Gillespie,1.0897,Anton Yelchin,1.0566,Horror,Comedy,Gaeta / Rosenzweig Films,DreamWorks Pictures,Fright Night,R,8,0,Walt Disney Studios Motion Pictures,10778551.0,-19221449.0
720,2011,8000000,101,0,Ernie Barbarash,0.5029,Jean-Claude Van Damme,7.5435,Action,Crime,Mediapro Studios,Rodin Entertainment,General,R,7,0,,,
721,2011,930000,100,0,Kat Coiro,0.4492,Krysten Ritter,9.3687,Comedy,Drama,Dot Dot Dot Productions,Stardust Pictures,General,R,6,0,,,
722,2011,17000,106,0,Evan Glodell,0.2495,Evan Glodell,0.2495,Action,Drama,Coatwolf Productions,Oscilloscope,General,R,4,0,,,
723,2011,30000000,86,1,Mike Disa,0.254,Hayden Panettiere,3.3717,Comedy,Animation,Kanbar Entertainment,The Weinstein Company,Hoodwinked Too! Hood VS. Evil,PG,4,0,,,
724,2011,8000000,94,0,Mitch Glazer,0.313,Megan Fox,7.3324,Drama,Romance,Rebecca Wang Entertainment,,General,R,1,0,Image Entertainment,3669.0,-7996331.0
725,2011,2000000,109,0,Vera Farmiga,6.1041,Vera Farmiga,6.1041,Drama,Thriller,Unknown,,General,R,8,0,,,
726,2011,195000000,154,1,Michael Bay,12.8671,Shia LaBeouf,4.797,Action,Science Fiction,Paramount Pictures,di Bonaventura Pictures,Transformers,PG-13,6,0,DreamWorks,188588858.0,-6411142.0
727,2011,5000000,88,0,Phil Dornfeld,0.1212,Nicholas D'Agosto,1.1944,Comedy,,Terra Firma Films,Beacon Pictures,General,R,9,0,,,
728,2011,32000000,139,0,Terrence Malick,0.6816,Brad Pitt,9.031,Drama,Fantasy,River Road Entertainment,,General,PG-13,5,0,Fox Searchlight Pictures,631935.0,-31368065.0
729,2011,1000000,101,0,Sean Durkin,0.6245,Elizabeth Olsen,9.7367,Drama,Thriller,BorderLine Films,This is that,General,R,10,0,Fox Searchlight Pictures,14666.0,-985334.0
730,2011,1000000,107,0,Andrew Erwin,0.8564,Rachel Hendrix,0.4256,Drama,,Gravitas Ventures,Provident Films,General,PG-13,10,0,,,
731,2011,35000000,103,1,Matthijs van Heijningen Jr.,0.2948,Mary Elizabeth Winstead,5.1983,Horror,Science Fiction,Universal Pictures,Morgan Creek Entertainment,The Thing,R,10,0,Universal Pictures,10979345.0,-24020655.0
732,2011,10000000,97,0,Tom Brady,0.6784,Nick Swardson,1.4139,Comedy,,Columbia Pictures,Miles Deep Producitons,General,R,9,0,Sony Pictures Releasing,1936064.0,-8063936.0
733,2011,8400000,91,0,Adamo P. Cultraro,0.0589,Steve Austin,1.0302,Action,Thriller,NGN Productions,Caliber Media Company,General,R,12,1,,,
734,2011,3000000,93,0,Fred Andrews,0.048,Mehcad Brooks,1.2397,Horror,,The Bubble Factory,Lockjaw Productions,General,R,9,0,,,
735,2011,10000000,91,1,Robert Adetuyi,0.1431,Tyrone Marshall Brown,0.6711,Music,Drama,Inner City Films,Ontario Media Development Corporation,Beat the World,PG-13,6,0,,,
736,2011,10831173,106,0,Tom McCarthy,1.2804,Paul Giamatti,3.3344,Drama,Comedy,Next Wednesday Productions,Fox Searchlight Pictures,General,R,3,0,Fox Searchlight Pictures,207916.0,-10623257.0
737,2011,13000000,95,0,Eric Valette,0.7721,Shannon Beckner,0.6429,Horror,,Stallion Media,Studio 407,General,NR,1,0,,,
738,2011,5000000,97,0,Dan Rush,0.0977,Will Ferrell,2.198,Comedy,Drama,IM Global,Temple Hill Entertainment,General,R,5,0,Roadside Attractions,1099620.0,-3900380.0
739,2011,25000000,81,0,David Gordon Green,0.4867,Jonah Hill,2.4314,Comedy,,Michael De Luca Productions,Rough House Pictures,General,R,12,1,Twentieth Century Fox,13321306.0,-11678694.0
740,2011,250000,91,0,Travis Fort,0.0143,Patrick Labyorteaux,1.1612,Action,Adventure,The Asylum,,General,PG,6,0,,,
741,2011,20000000,91,0,John Schultz,0.2263,Jordana Beatty,0.1366,Comedy,Family,Relativity Media,Smokewood Entertainment,General,PG,6,0,Relativity Media,8925842.0,-11074158.0
742,2011,2000000,90,0,Steven C. Miller,0.2152,Lance Henriksen,2.016,Horror,TV Movie,After Dark Films,Bomar OOD,General,NR,3,0,,,
743,2011,1800000,84,0,W.D. Hogan,0.461,Hamza Adam,0.3419,Science Fiction,TV Movie,Third Planet Productions,,General,PG-13,5,0,,,
744,2011,500000,4,0,Leythum,0.0682,Maximiliano Hernández,0.5816,Adventure,Fantasy,Marvel Studios,Ebeling Group,General,PG-13,9,0,,,
745,2011,28000000,91,0,David R. Ellis,0.4706,Sara Paxton,2.1604,Thriller,Horror,Incentive Filmed Entertainment,Rogue Pictures,General,PG-13,9,0,,,
746,2011,5000000,89,0,Keith Scholey,0.1703,Samuel L. Jackson,9.6371,Documentary,Adventure,Disneynature,,General,G,4,0,Walt Disney Studios Motion Pictures,8265021.0,3265021.0
747,2011,8000000,104,0,Joe Nussbaum,0.126,Aimee Teegarden,1.2746,Comedy,Romance,Walt Disney Pictures,Rickshaw Productions,General,PG,4,0,Walt Disney Studios Motion Pictures,5375445.0,-2624555.0
748,2011,500000,4,0,Leythum,0.0682,Clark Gregg,1.3977,Science Fiction,Fantasy,Marvel Studios,,General,NR,10,0,,,
749,2011,2000000,85,0,Brian Crano,0.0991,Jason Ritter,1.1216,Comedy,Drama,Focus Features,,General,NR,3,0,,,
750,2011,3000000,86,0,Jason Eisener,0.1738,Rutger Hauer,1.4759,Crime,Action,Rhombus Media,Whizbang Films,General,NR,5,0,,,
751,2011,15000000,102,0,Julien Magnat,0.5485,Milla Jovovich,5.8775,Thriller,Crime,Minds Eye Entertainment,Forecast Pictures,General,R,10,0,,,
752,2011,17000000,86,0,Daniel Barnz,0.2025,Alex Pettyfer,2.2697,Romance,Fantasy,Storefront Films,CBS Films,General,PG-13,1,0,CBS Films,11890401.0,-5109599.0
753,2011,30000000,130,0,Roland Emmerich,0.8237,Jamie Campbell Bower,9.4581,Drama,History,Centropolis Entertainment,Columbia Pictures,General,PG-13,10,0,Sony Pictures Releasing,1450326.0,-28549674.0
754,2011,1000000,87,0,Jason Connery,1.2825,Rachel Miner,1.632,Science Fiction,Horror,After Dark Films,,General,R,2,0,,,
755,2011,20,83,0,Mark Rosman,0.2597,Camilla Luddington,1.6142,Drama,Romance,SevenOne International,Silverscreen Pictures,General,NR,4,0,,,
756,2011,4000000,102,0,Ron Fricke,1.2966,Ni Made Megahadi Pratiwi,0.0644,Documentary,,Magidson Films,Oscilloscope,General,PG-13,9,0,,,
757,2011,9000000,95,0,Anne Wheeler,0.277,Steve Austin,1.0302,Action,Family,NGN Productions,Caliber Media Company,General,NR,3,0,,,
758,2011,1000000,80,0,Sebastian Gutierrez,0.2929,Carla Gugino,4.8104,Comedy,,Shangri-La Entertainment,Gato Negro Films,General,R,3,0,,,
759,2011,25000000,106,1,John Stockwell,0.8485,Paz Vega,2.1063,Action,Comedy,Lleju Productions,,Cat Run,R,4,0,,,
760,2011,25000000,110,0,Rod Lurie,0.486,James Marsden,2.833,Drama,Thriller,Screen Gems,Battleplan Productions,General,R,9,0,Screen Gems,6783854.0,-18216146.0
761,2011,200000,101,0,David Evans ,1.5873,Michael Joiner,0.5034,Drama,,GraceWorks Pictures,,General,PG-13,2,0,The Samuel Goldwyn Company,1010000.0,810000.0
762,2011,17000000,105,0,Roger Donaldson,0.4108,Nicolas Cage,6.3482,Action,Drama,Endgame Entertainment,Maguire Entertainment,General,R,9,0,Anchor Bay Films,368100.0,-16631900.0
763,2011,500000,90,0,Mary Lambert,0.2214,Tiffany,0.4166,Action,Science Fiction,The Asylum,Syfy,General,NR,1,0,,,
764,2011,13000000,90,0,Dermot Mulroney,4.4129,Mandy Moore,2.0438,Comedy,Romance,Chydzik Media Group,120dB Films,General,PG-13,6,0,,,
765,2011,6000000,90,0,William Kaufman,0.6686,Cuba Gooding Jr.,1.7096,Action,Thriller,North by Northwest Entertainment,,General,R,4,0,,,
766,2011,100000,92,0,Mike Cahill,0.376,Brit Marling,0.7093,Drama,Science Fiction,Artists Public Domain,Fox Searchlight Pictures,General,PG-13,7,0,Fox Searchlight Pictures,112266.0,12266.0
767,2011,12000000,94,0,Jason Reitman,1.1694,Charlize Theron,5.0947,Comedy,Drama,Paramount Pictures,Mandate Pictures,General,R,11,1,Paramount Pictures,439924.0,-11560076.0
768,2011,4500000,81,1,Joel Soisson,0.3263,Kelen Coleman,0.8015,Horror,Thriller,Dimension Films,Gatlin Films,Children of the Corn,R,8,0,,,
769,2011,4000000,86,1,John Pogue,0.4798,Mercedes Mason,1.9444,Horror,Mystery,Andale Pictures,Third Street Pictures,Quarantine 2,R,6,0,,,
770,2011,300000,114,0,John Geddes,0.344,Stephen McHattie,1.5092,Drama,Horror,Foresight Features,Eggplant Picture & Sound,General,R,10,0,,,
771,2011,5000000,87,0,Rob Minkoff,0.692,Patrick Dempsey,2.8679,Mystery,Comedy,The Safran Company,Rising Star Productions,General,R,8,0,,,
772,2011,134005,104,0,Wayne Wang,0.5644,Li Bingbing,2.2216,Drama,History,IDG China Media,,General,PG-13,7,0,Fox Searchlight Pictures,210800.0,76795.0
773,2011,25000000,80,0,Roman Polanski,1.066,Jodie Foster,5.9869,Comedy,Drama,SBS Productions,Constantin Film,General,R,9,0,,,
774,2011,40000000,130,0,Jean-Jacques Annaud,0.6342,Mark Strong,2.5457,Adventure,Drama,France 2 Cinéma,Quinta Communications,General,R,12,1,,,
775,2011,125000000,131,1,Justin Lin,0.7866,Vin Diesel,9.8318,Action,Thriller,Original Film,Universal Pictures,Fast Five,PG-13,4,0,Universal Pictures,107333965.0,-17666035.0
776,2011,23000,91,0,Darryl Shaw,0.0596,Jeff Sinasac,0.513,Science Fiction,Horror,God in the Grass,,General,NR,8,0,,,
777,2011,125000,90,0,Lynn Shelton,0.3156,Emily Blunt,19.2777,Comedy,,Ada Films,,General,R,9,0,,,
778,2011,4000000,92,0,P.J. Pettiette,0.0871,Valerie Azlynn,0.7882,Horror,,Dixie Theatrical Corporation,,General,NR,9,0,,,
779,2011,9000000,84,0,Kevin Tancharoen,0.1699,Lea Michele,0.8346,Music,Documentary,Ryan Murphy Television,20th Century Fox,General,PG,8,0,,,
780,2011,1000000,100,0,Eduardo Sánchez,0.4225,Gretchen Lodge,0.5792,Horror,Thriller,Haxan Films,Amber Entertainment,General,R,9,0,Image Entertainment,16555.0,-983445.0
781,2011,25000000,106,1,Tyler Perry,2.1061,Tyler Perry,2.1061,Comedy,Drama,Lions Gate Films,,Madea's Big Happy Family,PG-13,4,0,Lionsgate,31030114.0,6030114.0
782,2011,10000000,98,0,Chris Weitz,0.5979,Demián Bichir,1.2455,Drama,,McLaughlin Films,Depth of Field,General,PG-13,6,0,Summit Entertainment,83670.0,-9916330.0
783,2011,5500000,96,0,George Ratliff,0.4438,Jennifer Connelly,6.1641,Comedy,Thriller,Mandalay Vision,10th Hole Productions,General,R,7,0,,,
784,2011,4000000,105,0,Jim Kohlberg,0.6816,J.K. Simmons,3.814,Drama,,Mr. Tamborine Man,Essential Pictures,General,PG,3,0,Roadside Attractions,101848.0,-3898152.0
785,2011,100000,21,0,Laurent Bernier,0.0523,Roger Craig Smith,0.9309,Animation,,Ubisoft,,General,NR,11,1,,,
786,2011,8000000,91,0,Gus Van Sant,1.121,Mia Wasikowska,2.8525,Drama,Romance,Columbia Pictures,Imagine Entertainment,General,PG-13,9,0,,,
787,2011,1000000,110,1,Mark Neale,0.0336,Ewan McGregor,3.3672,Documentary,,Media X International,,Fastest,NR,9,0,,,
788,2011,8000000,88,0,Geoffrey Fletcher,0.1194,Saoirse Ronan,3.3042,Thriller,Crime,Magic Violet,GreeneStreet Films,General,R,9,0,,,
789,2011,500000,94,0,J.T. Tepnapa,0.0551,Dennis Bateman,0.2814,Drama,Science Fiction,Blue Seraph Productions,,General,NR,4,0,,,
790,2011,7000000,112,0,Victor Ginzburg,0.3695,Mikhail Efremov,0.478,Comedy,Drama,Gorky Film Studios,Триграф,General,NR,4,0,,,
791,2011,160000000,132,1,Matthew Vaughn,0.8725,James McAvoy,3.6316,Action,Science Fiction,The Donners' Company,Bad Hat Harry Productions,X-Men,PG-13,6,0,Twentieth Century Fox,73894349.0,-86105651.0
792,2011,4200000,108,0,Sam Fischer,0.2756,Jonathan Bennett,1.7051,Action,Drama,Perspective Films,185 Trax,General,R,6,0,,,
793,2011,250000,62,0,Louis C.K.,0.763,Louis C.K.,0.763,Comedy,TV Movie,Pig Newton,Circus King Productions,General,NR,12,1,,,
794,2011,61733,13,0,Ruairi Robinson,0.109,Max Records,0.9171,Horror,Science Fiction,Unknown,,General,NR,3,0,,,
795,2011,70000,81,0,Eric England,0.1278,Colley Bailey,0.0143,Horror,Mystery,Dunn-Rite Productions,Southern Fried Films,General,NR,10,0,,,
796,2012,220000000,143,1,Joss Whedon,0.8249,Robert Downey Jr.,7.311,Science Fiction,Action,Marvel Studios,,The Avengers,PG-13,4,0,Walt Disney Studios Motion Pictures,270019373.0,50019373.0
797,2012,70000000,86,0,Chris Renaud,0.6278,Danny DeVito,2.9889,Animation,Family,Illumination,,General,PG,3,0,Universal Pictures,82878830.0,12878830.0
798,2012,100000000,165,0,Quentin Tarantino,3.8346,Jamie Foxx,3.0171,Drama,Western,The Weinstein Company,Columbia Pictures,General,R,12,1,The Weinstein Company,68605611.0,-31394389.0
799,2012,50000000,114,1,Jon Hurwitz,0.2541,Jason Biggs,2.1329,Comedy,,Universal Pictures,,American Reunion,R,4,0,Universal Pictures,29238725.0,-20761275.0
800,2012,250000000,169,1,Peter Jackson,2.4778,Martin Freeman,2.6819,Adventure,Fantasy,New Line Cinema,Metro-Goldwyn-Mayer,The Hobbit,PG-13,12,1,Warner Bros.,113152900.0,-136847100.0
801,2012,120000000,115,1,Bill Condon,1.0483,Kristen Stewart,6.9117,Adventure,Fantasy,Summit Entertainment,Temple Hill Entertainment,The Twilight Saga,PG-13,11,1,Lionsgate,183724670.0,63724670.0
802,2012,250000000,165,1,Christopher Nolan,7.3643,Christian Bale,6.5434,Action,Crime,Syncopy,Legendary Pictures,The Dark Knight,PG-13,7,0,Warner Bros.,225011359.0,-24988641.0
803,2012,215000000,136,1,Marc Webb,0.7434,Andrew Garfield,5.3592,Action,Adventure,Marvel Entertainment,Laura Ziskin Productions,The Amazing Spider-Man,PG-13,6,0,Sony Pictures Releasing,143728697.0,-71271303.0
804,2012,185000000,93,0,Mark Andrews,0.1978,Kelly Macdonald,2.4692,Animation,Adventure,Pixar,,General,PG,6,0,Walt Disney Studios Motion Pictures,97673691.0,-87326309.0
805,2012,165000000,101,1,Rich Moore,0.5752,John C. Reilly,2.4497,Family,Animation,Walt Disney Animation Studios,,Wreck-It Ralph,PG,11,1,Walt Disney Studios Motion Pictures,60634609.0,-104365391.0
806,2012,2500000,102,0,Stephen Elliott,0.7639,Ashley Grace,0.6014,Drama,,Enderby Entertainment,Gordon Bijelonic / Datari Turner Films,General,R,2,0,,,
807,2012,50000000,96,0,Pete Travis,0.4711,Karl Urban,4.4187,Action,Science Fiction,Rena Film,DNA Films,General,R,9,0,Lionsgate,8584607.0,-41415393.0
808,2012,145000000,97,0,Peter Ramsey,0.5518,Chris Pine,3.2276,Animation,Family,DreamWorks Animation,,General,PG,11,1,DreamWorks,34081350.0,-110918650.0
809,2012,250000000,132,0,Andrew Stanton,1.3372,Taylor Kitsch,3.0255,Action,Adventure,Walt Disney Pictures,,General,PG-13,3,0,Walt Disney Studios Motion Pictures,39657453.0,-210342547.0
810,2012,65000000,83,0,Larry Charles,0.4502,Sacha Baron Cohen,2.0651,Comedy,,Paramount Pictures,Berg Mandel Schaffer Productions,General,R,5,0,Paramount Pictures,28785272.0,-36214728.0
811,2012,13000000,103,0,Stephen Chbosky,0.5034,Logan Lerman,6.8261,Drama,,Mr. Mudd,,General,PG-13,9,0,Lionsgate,324839.0,-12675161.0
812,2012,15000000,84,0,Josh Trank,0.5032,Dane DeHaan,2.9849,Science Fiction,Drama,Dune Entertainment,Davis Entertainment,General,PG-13,2,0,Twentieth Century Fox,27867267.0,12867267.0
813,2012,50000000,107,1,Seth MacFarlane,2.6158,Mark Wahlberg,13.7743,Comedy,Fantasy,Universal Pictures,MRC,Ted,R,6,0,Universal Pictures,87647345.0,37647345.0
814,2012,85000000,91,1,Genndy Tartakovsky,0.5195,Adam Sandler,4.1529,Animation,Comedy,Columbia Pictures,Sony Pictures Animation,Hotel Transylvania,PG,9,0,Sony Pictures Releasing,49658532.0,-35341468.0
815,2012,45000000,91,1,Olivier Megaton,0.8224,Liam Neeson,7.5562,Action,Crime,EuropaCorp,Grive Productions,Taken,PG-13,9,0,Twentieth Century Fox,64258852.0,19258852.0
816,2012,45000000,113,0,J.A. Bayona,0.8521,Naomi Watts,2.8305,Drama,Thriller,Summit Entertainment,Apaches Films,General,PG-13,9,0,Lionsgate,300347.0,-44699653.0
817,2012,100000000,103,1,Simon West,0.9977,Sylvester Stallone,9.4362,Action,Adventure,Millennium Media,Lionsgate,The Expendables,R,8,0,Lionsgate,38813944.0,-61186056.0
818,2012,130000000,124,1,Ridley Scott,2.3966,Noomi Rapace,3.2718,Science Fiction,Adventure,Dune Entertainment,20th Century Fox,Prometheus,R,5,0,Twentieth Century Fox,68658127.0,-61341873.0
819,2012,25000000,109,0,Baltasar Kormákur,0.5055,Mark Wahlberg,13.7743,Thriller,Action,Universal Pictures,Relativity Media,General,R,1,0,Universal Pictures,33897920.0,8897920.0
820,2012,3000000,110,1,Scott Derrickson,1.3249,Ethan Hawke,8.4233,Horror,Thriller,Automatik Entertainment,Blumhouse Productions,Sinister,R,3,0,Lionsgate,22920168.0,19920168.0
821,2012,79000000,94,1,Brad Peyton,0.3599,Dwayne Johnson,5.6007,Adventure,Action,Walden Media,New Line Cinema,Journey 2,PG,1,0,Warner Bros.,33116342.0,-45883658.0
822,2012,12000000,100,0,Philipp Stölzl,0.5148,Aaron Eckhart,3.0806,Action,Thriller,Informant Europe SPRL,uFilm,General,R,8,0,,,
823,2012,95000000,88,1,Mike Thurmeier,0.4477,Ray Romano,1.7068,Animation,Comedy,Blue Sky Studios,20th Century Fox Animation,Ice Age,PG,6,0,Twentieth Century Fox,68423306.0,-26576694.0
824,2012,225000000,106,1,Barry Sonnenfeld,0.3732,Will Smith,6.4346,Action,Comedy,Columbia Pictures,Hemisphere Media Capital,Men in Black,PG-13,5,0,,,
825,2012,500000,85,0,Alexandre Courtes,0.09,Kenny Doughty,0.9173,Horror,Thriller,WY Productions,Artémis Productions,General,NR,5,0,,,
826,2012,65000000,93,0,Dan Bradley,0.5514,Chris Hemsworth,7.7826,Action,Thriller,Contrafilm,United Artists,General,PG-13,3,0,FilmDistrict,23429569.0,-41570431.0
827,2012,150000000,99,1,Jonathan Liebesman,0.3094,Sam Worthington,4.0107,Fantasy,Adventure,Thunder Road,Legendary Pictures,Wrath of the Titans,PG-13,3,0,Warner Bros.,43882091.0,-106117909.0
828,2012,60000000,130,1,Christopher McQuarrie,0.7084,Tom Cruise,8.76,Crime,Drama,Paramount Pictures,Skydance Media,Jack Reacher,PG-13,12,1,Paramount Pictures,30553158.0,-29446842.0
829,2012,25000000,104,0,Andy Fickman,0.3789,Billy Crystal,1.2538,Comedy,,Dune Entertainment III,Chernin Entertainment,General,PG,12,1,Twentieth Century Fox,33993350.0,8993350.0
830,2012,12000000,92,1,Michael Dowse,0.1306,Seann William Scott,2.3105,Comedy,Drama,Inferno Pictures,Don Carmody Productions,Goon,R,1,0,Magnolia Pictures,1846838.0,-10153162.0
831,2012,130000000,135,1,Tony Gilroy,1.2256,Jeremy Renner,4.7198,Action,Thriller,Universal Pictures,Relativity Media,The Bourne Legacy,PG-13,8,0,Universal Pictures,52561080.0,-77438920.0
832,2012,75000000,142,1,Gary Ross,0.6313,Jennifer Lawrence,5.6721,Science Fiction,Adventure,Lionsgate,Color Force,The Hunger Games,PG-13,3,0,Lionsgate,189932838.0,114932838.0
833,2012,68000000,102,0,Akiva Schaffer,0.8737,Ben Stiller,3.8913,Comedy,Action,21 Laps Entertainment,,General,R,7,0,Twentieth Century Fox,19013203.0,-48986797.0
834,2012,32000000,137,0,Paul Thomas Anderson,2.719,Joaquin Phoenix,5.028,Drama,,Annapurna Pictures,Ghoulardi Film Company,General,R,9,0,The Weinstein Company,1055883.0,-30944117.0
835,2012,60000000,93,0,Sam Fell,0.5943,Kodi Smit-McPhee,1.5802,Family,Animation,LAIKA,,General,PG,8,0,Focus Features,19622289.0,-40377711.0
836,2012,5000000,96,0,Gabriela Tagliavini,0.9109,Sharon Stone,5.2047,Thriller,Crime,Voltage Pictures,,General,R,10,0,,,
837,2012,30000000,95,0,Drew Goddard,0.6035,Kristen Connolly,1.6915,Horror,Mystery,Mutant Enemy Productions,,General,R,4,0,Lionsgate,19230172.0,-10769828.0
838,2012,11000000,90,0,Peter Hewitt,0.5018,Christian Martyn,0.9029,Comedy,Family,20th Century Fox Television,Original Pictures,General,PG,12,1,,,
839,2012,6000000,96,0,Brian Klugman,0.305,Bradley Cooper,3.143,Drama,Thriller,Also Known As Pictures,Animus Films,General,PG-13,9,0,CBS Films,6279885.0,279885.0
840,2012,145000000,93,1,Eric Darnell,0.4361,Ben Stiller,3.8913,Animation,Family,DreamWorks Animation,Pacific Data Images,Madagascar 3,PG,6,0,DreamWorks,84950532.0,-60049468.0
841,2012,15000000,96,1,RZA,1.5567,RZA,1.5567,Action,,Arcade Pictures,Iron Fists,The Man with the Iron Fists,R,11,1,Universal Pictures,10228325.0,-4771675.0
842,2012,42000000,109,1,Phil Lord,0.6574,Jonah Hill,2.4314,Action,Comedy,Columbia Pictures,Relativity Media,21 Jump Street,R,3,0,Sony Pictures Releasing,49751328.0,7751328.0
843,2012,5000000,83,1,John Gulager,0.6654,Danielle Panabaker,2.9166,Horror,Thriller,Dimension Films,Mark Canton Productions,Piranha 3DD,R,5,0,Dimension Films,278464.0,-4721536.0
844,2012,70000000,116,0,Sean Anders,1.0064,Adam Sandler,4.1529,Comedy,,Relativity Media,Columbia Pictures,General,R,6,0,Sony Pictures Releasing,20280383.0,-49719617.0
845,2012,35000000,134,1,Judd Apatow,1.3011,Paul Rudd,3.0344,Comedy,,Apatow Productions,Forty Productions,This Is 40,R,12,1,Universal Pictures,23930290.0,-11069710.0
846,2012,40000000,107,0,Ken Kwapis,0.2197,Drew Barrymore,3.0101,Adventure,Drama,Working Title Films,Universal Pictures,General,PG,2,0,Universal Pictures,9335935.0,-30664065.0
847,2012,1000000,88,0,Bradley Parker,0.75,Olivia Taylor Dudley,1.2767,Horror,Thriller,Oren Peli / Brian Witten Pictures,Alcon Entertainment,General,R,5,0,Warner Bros.,11371114.0,10371114.0
848,2012,102000000,172,0,Lilly Wachowski,0.7741,Tom Hanks,14.407,Drama,Science Fiction,Cloud Atlas Productions,Anarchos Productions,General,R,10,0,Warner Bros.,13012429.0,-88987571.0
849,2012,42000000,105,0,Frank Coraci,0.4821,Kevin James,4.0728,Comedy,Action,Broken Road Productions,Columbia Pictures,General,PG,10,0,Sony Pictures Releasing,14724328.0,-27275672.0
850,2012,75000000,123,0,Adam Shankman,0.4547,Julianne Hough,1.4776,Comedy,Drama,Offspring Entertainment,New Line Cinema,General,PG-13,6,0,Warner Bros.,20763244.0,-54236756.0
851,2012,12000000,90,0,David Weaver,0.2138,Samuel L. Jackson,9.6371,Thriller,,H2O Motion Pictures,Middle Child Films Inc.,General,R,3,0,,,
852,2012,150000000,113,0,Tim Burton,2.9308,Johnny Depp,6.5752,Comedy,Fantasy,Village Roadshow Pictures,Infinitum Nihil,General,PG-13,5,0,Warner Bros.,38138421.0,-111861579.0
853,2012,8000000,104,0,Jonathan Dayton,0.1825,Paul Dano,3.0444,Comedy,Romance,Fox Searchlight Pictures,DragonCove Studios,General,R,7,0,Fox Searchlight Pictures,211382.0,-7788618.0
854,2012,6900000,101,0,Mark Tonderai,0.1754,Jennifer Lawrence,5.6721,Horror,Thriller,A Bigger Boat,FilmNation Entertainment,General,PG-13,9,0,Relativity Media,15070969.0,8170969.0
855,2012,25000000,101,0,Scott Hicks,0.2962,Zac Efron,7.3795,Drama,Romance,Di Novi Pictures,Langley Park Production,General,PG-13,4,0,Warner Bros.,28601696.0,3601696.0
856,2012,20000000,83,0,Wayne Thornley,0.2983,Samuel L. Jackson,9.6371,Comedy,Animation,"The Department of Trade, Industry and Competition of South Africa",The National Film and Video Foundation of South Africa,General,G,6,0,,,
857,2012,25000000,105,0,Peter Hedges,0.2287,Jennifer Garner,3.2312,Fantasy,Drama,Walt Disney Pictures,,General,PG,8,0,Walt Disney Studios Motion Pictures,17888502.0,-7111498.0
858,2012,2000000,121,0,Robert Redford,2.6545,Robert Redford,2.6545,Drama,Thriller,Brightlight Pictures,Kingsgate Films,General,R,12,1,,,
859,2012,25000000,113,0,John Stockwell,0.8485,Halle Berry,6.2711,Thriller,Adventure,Social Capital,Lipsync Productions,General,PG-13,3,0,,,
860,2012,60000000,111,0,Robert Lorenz,0.5111,Clint Eastwood,4.2252,Drama,Romance,Malpaso Productions,Warner Bros. Pictures,General,PG-13,9,0,Warner Bros.,16195962.0,-43804038.0
861,2012,35000000,91,0,David Koepp,0.637,Joseph Gordon-Levitt,3.7463,Crime,Action,Columbia Pictures,Pariah,General,PG-13,8,0,Sony Pictures Releasing,8355197.0,-26644803.0
862,2012,50000,19,0,Shawn Christensen,0.206,Fatima Ptacek,0.1959,Drama,,Fuzzy Logic Pictures,,General,PG,3,0,,,
863,2012,26000000,115,0,John Hillcoat,0.4388,Shia LaBeouf,4.797,Crime,Drama,Benaroya Pictures,Yucaipa Films,General,R,8,0,The Weinstein Company,16092656.0,-9907344.0
864,2012,1500000,85,0,Christopher MacBride,0.1034,Aaron Poole,0.3239,Thriller,Horror,Resolute Films and Entertainment,,General,NR,8,0,,,
865,2012,85000000,115,0,Daniel Espinosa,0.2069,Denzel Washington,6.0583,Action,Thriller,Universal Pictures,Relativity Media,General,R,2,0,Universal Pictures,54269615.0,-30730385.0
866,2012,120000000,127,0,Ang Lee,1.4533,Suraj Sharma,1.6454,Adventure,Drama,Fox 2000 Pictures,Dune Entertainment,General,PG,11,1,Twentieth Century Fox,33716354.0,-86283646.0
867,2012,3000000,91,1,Declan O'Brien,0.2312,Camilla Arfwedson,1.313,Horror,Thriller,Summit Entertainment,Constantin Film,Wrong Turn 5,R,10,0,,,
868,2012,17000000,112,1,Jason Moore,0.253,Anna Kendrick,4.3959,Comedy,Music,Brownstone Productions,Gold Circle Films,Pitch Perfect,PG-13,9,0,Universal Pictures,6846208.0,-10153792.0
869,2012,20000000,97,0,David Barrett,0.2551,Josh Duhamel,2.9623,Action,Crime,Knightsbridge Entertainment,Industry Entertainment Partners,General,R,8,0,,,
870,2012,30000000,94,0,Boaz Yakin,0.829,Jason Statham,18.2824,Action,Crime,IM Global,Automatik Entertainment,General,R,4,0,Lionsgate,10403758.0,-19596242.0
871,2012,6300000,101,0,James Marsh,0.7838,Andrea Riseborough,2.0712,Thriller,,BBC Film,Element Pictures,General,R,2,0,,,
872,2012,65000000,91,0,Lawrence Kasanoff,0.1939,Charlie Sheen,2.22,Adventure,Comedy,Threshold Entertainment,C47 Productions,General,PG,6,0,,,
873,2012,40000000,110,0,Kirk Jones,0.675,Jennifer Lopez,3.938,Romance,Comedy,Lionsgate,Alcon Entertainment,General,PG-13,5,0,Lionsgate,15021248.0,-24978752.0
874,2012,125000000,118,0,Len Wiseman,1.4315,Colin Farrell,5.3528,Action,Science Fiction,Total Recall,Original Film,General,PG-13,8,0,Sony Pictures Releasing,36088392.0,-88911608.0
875,2012,22000000,94,1,David Bowers,0.2114,Zachary Gordon,2.1037,Comedy,Family,Color Force,Dune Entertainment,Diary of a Wimpy Kid,PG,8,0,Twentieth Century Fox,22354008.0,354008.0
876,2012,15732,85,0,John Edginton,0.0404,Roger Waters,0.7617,Documentary,Music,Eagle Rock Entertainment,,General,PG,6,0,,,
877,2012,3000000,84,1,Mitchell Altieri,0.4456,Cory Knauf,0.9394,Horror,Thriller,Unknown,,The Thompsons,NR,8,0,,,
878,2012,587211,94,0,John Whitesell,0.2811,Kevin Durant,0.3725,Comedy,Family,Stunts Unlimited,Warner Premiere,General,PG,8,0,,,
879,2012,2000000,95,0,Eduardo Rodríguez,0.5484,Dolph Lundgren,4.9853,Thriller,,After Dark Films,,General,NR,5,0,,,
880,2012,12000000,88,0,Nima Nourizadeh,0.5227,Thomas Mann,0.9965,Comedy,,Silver Pictures,Green Hat Films,General,R,3,0,Warner Bros.,28574995.0,16574995.0
881,2012,209000000,131,0,Peter Berg,1.3308,Taylor Kitsch,3.0255,Thriller,Action,Bluegrass Films,Film 44,General,PG-13,4,0,Universal Pictures,33505345.0,-175494655.0
882,2012,45000000,101,0,Rob Cohen,0.5285,Tyler Perry,2.1061,Action,Thriller,Summit Entertainment,QED International,General,PG-13,10,0,Lionsgate,14318691.0,-30681309.0
883,2012,20000000,93,0,Mabrouk El Mechri,0.2192,Henry Cavill,7.6605,Action,Thriller,Film Rites,Galavis Film,General,PG-13,4,0,Lionsgate,2432184.0,-17567816.0
884,2012,3000000,92,0,Christopher Neil,0.048,David Duchovny,2.0201,Comedy,,Red Crown Productions,Sandia Media,General,R,8,0,,,
885,2012,70000000,88,1,Björn Stein,0.3551,Kate Beckinsale,10.0026,Fantasy,Action,Screen Gems,Lakeshore Entertainment,Underworld,R,1,0,Screen Gems,32625613.0,-37374387.0
886,2012,55000000,92,0,Walter Hill,0.6962,Sylvester Stallone,9.4362,Action,Crime,Dark Castle Entertainment,After Dark Films,General,R,11,1,Warner Bros.,6191022.0,-48808978.0
887,2012,5000000,101,0,Michael Taverna,0.0475,Mischa Barton,1.6016,Horror,,1303 Productions,,General,R,12,1,,,
888,2012,40000000,83,1,Richard Rich,0.8299,Yuri Lowenthal,1.3373,Family,Animation,NEST Family Entertainment,Sony Pictures,The Swan Princess Christmas,PG,11,1,,,
889,2012,170000000,127,1,Rupert Sanders,0.3187,Kristen Stewart,6.9117,Adventure,Fantasy,Universal Pictures,Roth Films,Snow White and the Huntsman,PG-13,5,0,Universal Pictures,75478685.0,-94521315.0
890,2012,2000000,102,0,Ron Scalpello,0.4506,Joe Cole,1.9777,Thriller,,Gunslinger,RDT Productions,General,NR,8,0,,,
891,2012,40000000,95,0,Anne Fletcher,0.6359,Seth Rogen,6.1304,Comedy,,Paramount Pictures,Skydance Media,General,PG-13,12,1,Paramount Pictures,11050784.0,-28949216.0
892,2012,26000000,111,0,James McTeigue,0.5862,John Cusack,2.3427,Crime,Thriller,Relativity Media,Intrepid Pictures,General,R,3,0,Relativity Media,9539345.0,-16460655.0
893,2012,40000000,91,0,Julie Anne Robinson,0.9655,Katherine Heigl,3.6931,Action,Comedy,Lakeshore Entertainment,Sidney Kimmel Entertainment,General,PG-13,1,0,Lionsgate,14417987.0,-25582013.0
894,2012,21000000,122,0,David O. Russell,0.5148,Bradley Cooper,3.143,Drama,Comedy,The Weinstein Company,,General,R,11,1,The Weinstein Company,1826098.0,-19173902.0
895,2012,61000000,158,0,Tom Hooper,0.4419,Hugh Jackman,5.2825,History,Drama,Universal Pictures,Working Title Films,General,PG-13,12,1,Universal Pictures,73003873.0,12003873.0
896,2012,3500000,76,1,Jay Oliva,0.3872,Peter Weller,2.3483,Science Fiction,Action,Warner Premiere,DC Entertainment,Batman,PG-13,9,0,,,
897,2012,30000000,118,0,Rian Johnson,0.9911,Joseph Gordon-Levitt,3.7463,Action,Thriller,Endgame Entertainment,DMG Entertainment,General,R,9,0,TriStar Pictures,28100651.0,-1899349.0
898,2012,10000000,115,0,Ernie Barbarash,0.5029,Jean-Claude Van Damme,7.5435,Thriller,Action,Rodin Entertainment,Motion Picture Corporation of America,General,R,9,0,,,
899,2012,2000000,92,0,Brent McCorkle,0.0835,Lynn Collins,2.8398,Drama,,Harbinger Media Partners,Veracity Moving Pictures,General,PG-13,9,0,,,
900,2012,33000000,99,1,Scott Speer,0.1855,Kathryn McCormick,0.4417,Music,Drama,Summit Entertainment,Offspring Entertainment,Step Up Revolution,PG-13,7,0,,,
901,2012,2000000,81,0,Jourdan McClure,0.0214,Michelle Page,0.5486,Horror,Thriller,Vision Entertainment Group,Kejo Productions,General,R,1,0,,,
902,2012,45000000,131,0,Oliver Stone,4.0771,Taylor Kitsch,3.0255,Crime,Drama,Universal Pictures,Relativity Media,General,R,7,0,Universal Pictures,22731450.0,-22268550.0
903,2012,15700000,98,0,Sacha Gervasi,1.1132,Anthony Hopkins,3.8278,Drama,,Cold Spring Pictures,The Montecito Picture Company,General,PG-13,11,1,Fox Searchlight Pictures,378882.0,-15321118.0
904,2012,17000000,111,0,Woody Allen,1.2222,Woody Allen,1.2222,Comedy,Romance,Perdido Productions,Medusa Film,General,R,4,0,Sony Pictures Classics,,
905,2012,20000000,105,0,Ariel Vromen,0.2077,Michael Shannon,3.5204,Thriller,Crime,Bleiberg Entertainment,Millennium Media,General,R,9,0,,,
906,2012,5000000,93,0,Louis Morneau,0.2441,Ed Quinn,1.6766,Drama,Horror,Universal 1440 Entertainment,CC Capital Arts Entertainment SRL,General,R,10,0,,,
907,2012,4000000,98,0,Barry Battles,0.0671,Clayne Crawford,2.2795,Action,Comedy,Lleju Productions,State Street Pictures,General,R,8,0,,,
908,2012,14000000,116,0,Salim Akil,0.3064,Jordin Sparks,0.6805,Music,Drama,Akil Productions,Stage 6 Films,General,PG-13,8,0,TriStar Pictures,14673074.0,673074.0
909,2012,58000000,125,0,Anthony Hemingway,0.2542,Bryan Cranston,4.7305,Drama,Action,Lucasfilm Ltd.,Partnership Pictures,General,PG-13,1,0,Twentieth Century Fox,23379795.0,-34620205.0
910,2012,42000000,102,0,Asger Leth,0.7537,Sam Worthington,4.0107,Action,Thriller,Summit Entertainment,di Bonaventura Pictures,General,PG-13,1,0,Lionsgate,10264774.0,-31735226.0
911,2012,65000000,149,0,Steven Spielberg,3.854,Daniel Day-Lewis,1.5748,History,Drama,DreamWorks Pictures,Reliance Entertainment,General,PG-13,11,1,Walt Disney Studios Motion Pictures,1418836.0,-63581164.0
912,2012,6000000,91,0,William Kaufman,0.6686,Dolph Lundgren,4.9853,Action,Thriller,Motion Picture Corporation of America,Mediapro Studios,General,R,8,0,,,
913,2012,1000000,90,0,Jim Wynorski,0.9807,Michael Madsen,2.3352,Horror,Science Fiction,New Horizons Picture,,General,NR,6,0,,,
914,2012,44500000,120,0,Ben Affleck,10.0095,Ben Affleck,10.0095,Drama,Thriller,GK Films,Warner Bros. Pictures,General,R,10,0,Warner Bros.,26566489.0,-17933511.0
915,2012,2000000,100,0,David Palmer,0.2846,Dax Shepard,3.7748,Action,Comedy,Primate Pictures,Kim and Jim Productions,General,R,8,0,,,
916,2012,35000000,106,0,Gabriele Muccino,0.8758,Gerard Butler,8.5815,Comedy,Romance,Evil Twins,Millennium Media,General,PG-13,11,1,FilmDistrict,7591092.0,-27408908.0
917,2012,2000000,98,0,Kern Saxton,0.0614,Danny Trejo,3.2121,Thriller,Crime,Level Up Productions,Assembly Line,General,R,12,1,,,
918,2012,15000000,94,0,Tom Vaughan,0.2562,Miley Cyrus,1.8464,Action,Comedy,Kappa Undercover Pictures,Exclusive Media,General,PG-13,12,1,,,
919,2012,7300000,96,0,Martin Guigui,0.4134,Dennis Quaid,3.3957,Thriller,Horror,Raincreek Productions,Sunset Pictures,General,R,1,0,,,
920,2012,3000000,94,0,Eric Wareheim,0.2746,Tim Heidecker,1.008,Comedy,,Funny or Die,2929 Productions,General,R,3,0,,,
921,2012,5000000,94,0,Steven C. Miller,0.2152,Malcolm McDowell,2.9321,Comedy,Horror,Buffalo Gal Pictures,Ember Productions,General,R,11,1,Anchor Bay Films,4138941.0,-861059.0
922,2012,3000000,87,0,Leslye Headland,0.9402,Kirsten Dunst,6.0727,Comedy,Romance,Gary Sanchez Productions,BCDF Pictures,General,R,1,0,,,
923,2012,19500000,155,0,Philip Kaufman,0.8819,Nicole Kidman,8.5751,Drama,Romance,HBO,Attaboy Films,General,NR,8,0,,,
924,2012,15000000,97,0,Andrew Dominik,0.8538,Brad Pitt,9.031,Crime,Thriller,Plan B Entertainment,Chockstone Pictures,General,R,7,0,The Weinstein Company,9023737.0,-5976263.0
925,2012,2000000,95,0,Jon Kasdan,0.3404,Dylan O'Brien,6.1271,Drama,Comedy,Destination Films,Samuel Goldwyn Films,General,PG-13,10,0,,,
926,2012,14000000,92,0,Ole Bornedal,0.3205,Jeffrey Dean Morgan,6.9416,Horror,Thriller,Ghost House Pictures,North Box Productions,General,PG-13,8,0,Lionsgate,23849110.0,9849110.0
927,2012,1800000,93,0,Benh Zeitlin,0.2182,Quvenzhané Wallis,0.7103,Drama,Fantasy,Cinereach,Court 13 Pictures,General,PG-13,6,0,Fox Searchlight Pictures,274514.0,-1525486.0
928,2012,69000000,105,0,Timur Bekmambetov,0.8659,Benjamin Walker,0.8767,Action,Fantasy,Bazelevs,Tim Burton Productions,General,R,6,0,Twentieth Century Fox,23034193.0,-45965807.0
929,2012,12000000,122,1,Tim Story,1.0149,Michael Ealy,1.5146,Comedy,Romance,Rainforest Entertainment,,Think Like a Man,PG-13,4,0,Screen Gems,42868058.0,30868058.0
930,2012,31000000,138,0,Robert Zemeckis,1.7739,Denzel Washington,6.0583,Drama,,Paramount Pictures,ImageMovers,General,R,2,0,Paramount Pictures,32670299.0,1670299.0
931,2012,270000,90,0,Craig Zobel,0.3323,Ann Dowd,1.5926,Drama,Thriller,Bad Cop / Bad Cop,Dogfish Pictures,General,R,8,0,,,
932,2012,1500000,88,0,Richard Gray,0.1874,Alex Meraz,1.1103,Thriller,Horror,Zero Gravity Management,Vitamin A Films,General,NR,12,1,,,
933,2012,175000,110,0,Nicole Conn,0.217,Barbara Niven,1.2478,Drama,Romance,Soul Kiss Films,,General,NR,6,0,,,
934,2012,11000000,96,0,Jessy Terrero,0.2085,50 Cent,1.8257,Mystery,Drama,Grindstone Entertainment Group,Cheetah Vision,General,R,8,0,,,
935,2012,10000000,124,1,John Madden,0.5875,Bill Nighy,3.1957,Drama,Comedy,Participant,Image Nation Abu Dhabi,The Best Exotic Marigold Hotel,PG-13,2,0,Fox Searchlight Pictures,1072516.0,-8927484.0
936,2012,4000000,84,0,Mark Griffiths,0.3054,Brooke D'Orsay,1.5117,Comedy,Romance,Annuit Coeptis Entertainment Inc.,Annuit Coeptis Entertainment II,General,NR,7,0,,,
937,2012,12500000,107,0,Lee Daniels,0.3974,Zac Efron,7.3795,Thriller,Drama,Lee Daniels Entertainment,Nu Image,General,R,9,0,,,
938,2012,25000000,117,0,Joe Carnahan,0.538,Liam Neeson,7.5562,Action,Adventure,Open Road Films,Scott Free Productions,General,R,1,0,Open Road Films (II),25256533.0,256533.0
939,2012,10000000,83,0,Mark Duplass,1.6683,Jason Segel,1.1144,Drama,Comedy,Indian Paintbrush,Paramount Vantage,General,R,3,0,Paramount Vantage,1187358.0,-8812642.0
940,2012,40000000,157,0,Kathryn Bigelow,1.148,Jessica Chastain,5.6098,Thriller,Drama,Annapurna Pictures,First Light,General,R,12,1,Sony Pictures Releasing,868784.0,-39131216.0
941,2012,30000000,104,0,Michael Sucsy,0.3304,Rachel McAdams,5.1567,Drama,Romance,Spyglass Entertainment,Screen Gems,General,PG-13,2,0,Screen Gems,61926837.0,31926837.0
942,2012,25000000,142,0,Walter Salles,0.6745,Garrett Hedlund,2.7938,Adventure,Drama,MK2 Films,Film4 Productions,General,R,5,0,,,
943,2012,8000000,97,0,Keoni Waxman,0.3217,Steven Seagal,3.1614,Action,Adventure,Steamroller Productions,Voltage Pictures,General,R,10,0,,,
944,2012,5000000,90,1,Alex Zamm,0.5415,Larry the Cable Guy,0.4838,Comedy,Family,20th Century Fox Home Entertainment,Walden Media,Tooth Fairy,PG,3,0,,,
945,2012,8000000,99,0,Roberto Faenza,0.4478,Toby Regbo,1.1219,Drama,Comedy,BNL – Gruppo BNP Paribas,Jean Vigo Italia,General,NR,2,0,,,
946,2012,1000000,83,0,William Brent Bell,0.4031,Fernanda Andrade,0.6011,Horror,Thriller,Room 101,Prototype,General,R,1,0,Paramount Pictures,38346847.0,37346847.0
947,2012,39000000,87,0,Tim Burton,2.9308,Catherine O'Hara,2.1857,Animation,Comedy,Tim Burton Productions,,General,PG,10,0,Walt Disney Studios Motion Pictures,15020668.0,-23979332.0
948,2012,500000,55,1,Darren Lynn Bousman,0.9837,Sean Patrick Flanery,1.3983,Horror,Music,Execution Style Entertainment,,The Devil's Carnival,NR,4,0,,,
949,2012,500000,87,0,Alex Craig Mann,0.1651,Alexa Nikolas,0.5502,Comedy,Horror,Gala Films,,General,R,4,0,Anchor Bay Films,1777.0,-498223.0
950,2012,10000000,101,0,Lorene Scafaria,0.6011,Steve Carell,4.2116,Comedy,Drama,Indian Paintbrush,Mandate Pictures,General,R,6,0,Focus Features,5549780.0,-4450220.0
951,2012,750000,86,0,Colin Trevorrow,1.0545,Aubrey Plaza,4.0469,Comedy,Romance,Duplass Brothers Productions,Big Beach,General,R,6,0,FilmDistrict,143505.0,-606495.0
952,2012,10000000,112,1,John Putch,0.3507,Samantha Mathis,1.9341,Drama,Science Fiction,Atlas Distribution Company,,Atlas Shrugged,PG-13,10,0,,,
953,2012,35000000,98,0,David Wain,0.4788,Jennifer Aniston,5.0543,Comedy,Romance,Relativity Media,A Hot Dog,General,R,2,0,Universal Pictures,8640815.0,-26359185.0
954,2012,5000000,99,0,Richard Linklater,1.5973,Jack Black,5.4901,Comedy,Crime,Mandalay Vision,Detour Filmproduction,General,PG-13,4,0,Millennium Entertainment,,
955,2012,5000000,93,0,Patricia Riggen,0.338,Eva Mendes,3.3652,Comedy,Drama,Pantelion Films,,General,PG-13,5,0,Lionsgate,1678014.0,-3321986.0
956,2012,16000000,94,0,Wes Anderson,2.2128,Jared Gilman,0.625,Comedy,Drama,Indian Paintbrush,American Empirical Pictures,General,PG-13,5,0,Focus Features,860212.0,-15139788.0
957,2012,1000000,83,0,Kevin O'Neill,0.1069,Jena Sims,0.4305,Comedy,Science Fiction,New Horizons Picture,Epix,General,R,8,0,,,
958,2012,14000000,129,0,Tyler Perry,2.1061,Tyler Perry,2.1061,Drama,Romance,Tyler Perry Studios,Lionsgate,General,PG-13,2,0,Lionsgate,18744632.0,4744632.0
959,2012,9000000,102,0,Nick Ormerod,0.0538,Robert Pattinson,5.3095,Romance,Drama,19 Entertainment,Redwave Films,General,R,3,0,,,
960,2012,8000000,91,1,Julie Delpy,1.8237,Julie Delpy,1.8237,Comedy,Drama,Tempête Sous Un Crâne Productions,Senator Film,2 Days in New York,R,3,0,,,
961,2012,3004000,68,0,Savage Steve Holland,0.3609,Kendall Schmidt,0.7358,Comedy,TV Movie,Pacific Bay Entertainment,Nickelodeon Productions,General,NR,3,0,,,
962,2012,2500000,88,0,Dinesh D'Souza,1.167,Dinesh D'Souza,1.167,Documentary,,Unknown,,General,PG,7,0,Rocky Mountain Pictures,,
963,2012,10000000,82,0,George Gallo,0.5377,Selma Blair,1.7579,Crime,Drama,G4 Pictures,Oxymoron Entertainment,General,PG-13,3,0,,,
964,2012,115000,90,0,Jose Prendes,0.8698,Stephanie Greco,0.0693,Horror,,The Asylum,,General,NR,7,0,,,
965,2012,40000000,91,0,Brian Robbins,0.6228,Eddie Murphy,4.9959,Drama,Comedy,Paramount Pictures,Saturn Films,General,PG-13,3,0,DreamWorks,8352821.0,-31647179.0
966,2012,60000000,104,0,Juan Diego Solanas,0.1291,Kirsten Dunst,6.0727,Romance,Science Fiction,Upside Down Films,Les Films Upside Down,General,PG-13,9,0,,,
967,2012,12000000,100,0,Nicholas Jarecki,0.294,Richard Gere,4.7385,Drama,Thriller,Lucky Monkey Pictures,Parlay Films,General,R,9,0,Roadside Attractions,2668507.0,-9331493.0
968,2012,242000,116,1,Matt Bettinelli-Olpin,0.9502,Calvin Lee Reeder,0.2895,Thriller,Horror,The Collective,8383 Productions,V/H/S,R,7,0,,,
969,2012,25000000,117,0,Todd Graff,0.7939,Queen Latifah,2.0233,Comedy,Music,O.N.C. Entertainment,Alcon Entertainment,General,PG-13,1,0,Warner Bros.,15827982.0,-9172018.0
970,2012,85000000,106,0,Tarsem Singh,1.0854,Lily Collins,3.2369,Adventure,Comedy,Misher Films,Relativity Media,General,PG,3,0,Relativity Media,25478882.0,-59521118.0
971,2012,5000000,87,1,Henry Joost,0.3802,Katie Featherston,0.6264,Horror,,Room 101,Paramount Pictures,Paranormal Activity,R,10,0,Paramount Pictures,33957365.0,28957365.0
972,2012,5000000,91,0,Jesse Baget,0.1048,Gina Gershon,4.1845,Comedy,Thriller,Voltage Pictures,,General,R,1,0,,,
973,2012,500000,93,0,Daniel Krige,0.1426,Nicholas Hope,0.4243,Thriller,Horror,Green Light Productions,,General,R,11,1,,,
974,2012,1250000,106,0,Steve Taylor,0.0512,Marshall Allman,1.5806,Drama,Comedy,Ruckus Films,,General,PG-13,4,0,Roadside Attractions,337559.0,-912441.0
975,2012,1000000,87,0,Steven C. Miller,0.2152,Jonny Weston,0.7738,Horror,,Site B,Through The Heart,General,R,7,0,,,
976,2012,850000,87,0,Jamie Travis,0.1216,Ari Graynor,1.3101,Comedy,Drama,AdScott Pictures,,General,R,8,0,Focus Features,234019.0,-615981.0
977,2012,12000000,110,0,Mike McCoy,0.0848,Roselyn Sánchez,4.6521,Action,Thriller,Bandito Brothers,,General,R,2,0,Relativity Media,31539346.0,19539346.0
978,2012,18200000,106,0,Pascal Laugier,0.5826,Jessica Biel,6.8896,Horror,Mystery,Forecast Pictures,Iron Ocean,General,R,3,0,,,
979,2012,150000,90,0,Richard Schenkman,0.7427,Bill Oberst Jr.,0.2589,Horror,Action,The Asylum,,General,R,5,0,,,
980,2012,500000,104,0,Aaron T. Wells,0.0143,Katie Peterson,0.0782,Horror,Comedy,Spy Global Media,,General,R,3,0,,,
981,2012,14000,76,0,Lewis Schoenbrun,0.6493,Jordan Lawson,0.0731,Action,Comedy,Laybl Productions,,General,G,4,0,,,
982,2012,5000000,88,0,Antonio Negret,0.1906,Jim Caviezel,4.9482,Action,Thriller,After Dark Films,Signature Entertainment,General,R,3,0,,,
983,2012,3000000,101,1,Steve Barker,1.4,Catherine Steadman,0.5506,Action,Horror,Black Camel Pictures,Splice Post,Outpost,NR,4,0,,,
984,2012,7000000,109,0,David Ayer,1.0222,Jake Gyllenhaal,7.9386,Crime,Drama,5150 Action,Exclusive Media,General,R,9,0,Open Road Films (II),18168633.0,11168633.0
985,2012,16000000,93,0,Amy Heckerling,0.4649,Alicia Silverstone,5.1148,Comedy,Romance,Lucky Monkey Pictures,Red Hour,General,PG-13,8,0,Anchor Bay Films,771.0,-15999229.0
986,2012,17000000,82,0,Todd Lincoln,0.1761,Ashley Greene,1.9905,Horror,Thriller,Dark Castle Entertainment,StudioCanal,General,PG-13,8,0,Warner Bros.,3618859.0,-13381141.0
987,2012,10000000,85,0,Chadd Harbold,0.1879,Brian Petsos,0.3864,Comedy,Drama,Sony Pictures Home Entertainment,,General,R,7,0,,,
988,2012,2000000,96,0,Jonas Åkerlund,0.6754,Matt Lucas,1.8155,Comedy,Crime,1812 Productions,Morocco Junction Pictures,General,R,3,0,,,
989,2012,2500000,89,0,Jake Schreier,0.4085,Frank Langella,1.5773,Science Fiction,Comedy,Park Pictures Features,TBB,General,PG-13,8,0,,,
990,2012,3000000,91,0,David Brooks,0.088,Alice Eve,6.0668,Horror,Thriller,The Safran Company,Gold Circle Films,General,R,2,0,,,
991,2012,30000000,92,0,Peter Farrelly,1.252,Sean Hayes,1.139,Comedy,,Wessler Entertainment,20th Century Fox,General,PG,4,0,Twentieth Century Fox,20155446.0,-9844554.0
992,2012,1700000,96,0,Mark Mann,0.0214,Keanu Reeves,11.5062,Drama,,Company Films,Voltage Pictures,General,R,7,0,,,
993,2012,11000000,97,0,Lisa Azuelos,0.3024,Miley Cyrus,1.8464,Drama,Comedy,PIC Agency,Double Feature Films,General,PG-13,2,0,,,
994,2012,95000000,85,0,Jay Roach,0.7561,Will Ferrell,2.198,Comedy,,Location Gourmet,Gary Sanchez Productions,General,R,8,0,Warner Bros.,38308537.0,-56691463.0
995,2012,35000000,96,0,Simon West,0.9977,Nicolas Cage,6.3482,Action,Crime,Saturn Films,Nu Image,General,R,9,0,,,
996,2012,65000000,98,0,McG,0.7213,Reese Witherspoon,3.5603,Action,Comedy,Dune Entertainment,Overbrook Entertainment,General,PG-13,2,0,Twentieth Century Fox,23460831.0,-41539169.0
997,2012,2500000,101,0,Dominic Burns,0.2764,Bianca Bree,1.6892,Action,Science Fiction,Hawthorn Productions,Hawthorne Productions,General,R,12,1,,,
998,2012,11500000,113,1,John Hyams,0.5859,Jean-Claude Van Damme,7.5435,Action,Science Fiction,Signature Pictures,Foresight Unlimited,Universal Soldier,R,10,0,,,
999,2012,5000000,106,1,Roel Reiné,0.5346,Victor Webster,1.4856,Action,Adventure,Universal 1440 Entertainment,Alphaville Films,The Scorpion King 3,PG-13,1,0,,,
1000,2012,15000000,95,0,Fisher Stevens,1.9428,Christopher Walken,3.8139,Thriller,Comedy,Lionsgate,Sidney Kimmel Entertainment,General,R,12,1,Lionsgate,2119764.0,-12880236.0
1001,2012,500000,85,0,James Ponsoldt,0.2096,Mary Elizabeth Winstead,5.1983,Comedy,Drama,Super Crispy Entertainment,,General,R,1,0,,,
1002,2012,3500000,76,0,Michael Chang,0.2527,George Newbern,1.4534,Science Fiction,Animation,Warner Premiere,Warner Bros. Animation,General,PG-13,6,0,,,
1003,2012,20000000,112,0,David Chase,0.9177,John Magaro,1.807,Drama,,Paramount Vantage,Indian Paintbrush,General,R,12,1,Paramount Vantage,41012.0,-19958988.0
1004,2012,33492566,93,0,Kimble Rendall,0.2937,Xavier Samuel,1.2049,Horror,,Screen Queensland,Pictures in Paradise,General,NR,9,0,,,
1005,2012,7500000,95,0,Michael A. Nickles,0.4046,Johnny Pacar,0.3722,Horror,Thriller,Bennett-Robbins Productions,,General,R,3,0,,,
1006,2012,1000000,90,1,Christopher Ray,0.8556,Carmen Electra,1.7896,Horror,Action,The Asylum,,2-Headed Shark Attack,R,6,0,,,
1007,2012,5000000,91,0,Isaac Florentine,0.4991,Christian Slater,3.6077,Action,Adventure,Mutressa Movies,,General,R,8,0,,,
1008,2012,14000000,87,0,Josh Schwartz,0.5273,Victoria Justice,3.092,Comedy,,Nickelodeon Movies,Paramount Pictures,General,PG-13,10,0,Paramount Pictures,5159943.0,-8840057.0
1009,2012,2000000,105,1,Larry Clark,0.2333,Adam Mediano,0.4968,Drama,Romance,Marfa,,Marfa Girl,NR,11,1,,,
1010,2012,3000000,88,0,John Hyams,0.5859,Jean-Claude Van Damme,7.5435,Action,,Silver Pictures,Signature Pictures,General,R,5,0,,,
1011,2012,30000000,100,0,David Frankel,0.3675,Meryl Streep,3.1563,Drama,Comedy,Columbia Pictures,Mandate Pictures,General,PG-13,8,0,Sony Pictures Releasing,18314465.0,-11685535.0
1012,2012,400000,90,1,Bryce Wagoner,0.9747,Amber Lynn,8.709,Documentary,,Oxymoron Entertainment,Mallick Media,After Porn Ends,R,5,0,,,
1013,2012,12000000,93,0,Dan Cutforth,0.0903,Katy Perry,0.6794,Documentary,Music,Imagine Entertainment,Direct Management Group,General,PG,6,0,Paramount Pictures,13850052.0,1850052.0
1014,2012,8000000,94,0,Maksim Korostyshevsky,0.0322,Christian Slater,3.6077,Action,Adventure,Globus-film,Jeff Most Productions,General,R,6,0,Roadside Attractions,35196.0,-7964804.0
1015,2012,16000000,114,0,Alex Kurtzman,0.9187,Chris Pine,3.2276,Drama,,Touchstone Pictures,DreamWorks Pictures,General,PG-13,6,0,Walt Disney Studios Motion Pictures,6996367.0,-9003633.0
1016,2012,9000000,103,0,Wayne Blair,0.9553,Chris O'Dowd,1.7969,Comedy,Drama,Goalpost Pictures,,General,PG-13,8,0,The Weinstein Company,54589.0,-8945411.0
1017,2012,6000000,89,0,Franck Khalfoun,0.5907,Elijah Wood,3.374,Horror,Thriller,La Petite Reine,Studio 37,General,NR,12,1,,,
1018,2012,7000000,110,1,Steven Soderbergh,1.2462,Channing Tatum,4.8758,Drama,Comedy,Iron Horse Entertainment,Extension 765,Magic Mike,R,6,0,Warner Bros.,57186770.0,50186770.0
1019,2012,10000000,102,0,William Friedkin,0.7379,Matthew McConaughey,9.2816,Crime,Thriller,ANA Media,Worldview Entertainment,General,NC-17,6,0,LD Entertainment,,
1020,2012,1500000,90,0,Ted Koland,0.0461,Justin Long,2.9257,Comedy,Drama,KODA Entertainment,,General,PG-13,10,0,,,
1021,2012,30000000,124,0,Nicholas Stoller,0.5501,Jason Segel,1.1144,Comedy,Romance,Universal Pictures,Relativity Media,General,R,4,0,Universal Pictures,14103905.0,-15896095.0
1022,2012,1500000,102,0,Eron Sheean,0.1023,Michael Eklund,1.483,Science Fiction,Thriller,High Five Films,Instinctive Film,General,NR,9,0,,,
1023,2012,1000000,95,0,Ben Lewin,0.27,John Hawkes,1.3143,Drama,Romance,Such Much Films,Rhino Films,General,R,5,0,Fox Searchlight Pictures,159643.0,-840357.0
1024,2012,11000000,98,0,Dustin Hoffman,2.9507,Maggie Smith,2.1997,Drama,Comedy,BBC Film,Headline Pictures,General,PG-13,12,1,The Weinstein Company,79435.0,-10920565.0
1025,2012,5000000,94,0,Jason Connery,1.2825,Wes Chatham,0.9027,Drama,Action,Signature Pictures,After Dark Films,General,NR,5,0,,,
1026,2012,17000000,90,0,Andrew Goth,0.2614,Wesley Snipes,3.0036,Action,Horror,Boundless Pictures,,General,R,10,0,,,
1027,2012,15000000,106,0,Gus Van Sant,1.121,Matt Damon,15.403,Drama,,Image Nation Abu Dhabi,Focus Features,General,R,9,0,Focus Features,345528.0,-14654472.0
1028,2012,35000000,96,0,Adrian Grünberg,0.1753,Mel Gibson,4.9984,Action,Thriller,Icon Productions,Redrum,General,R,3,0,,,
1029,2012,12000000,95,0,Stefan Ruzowitzky,0.2391,Eric Bana,3.4119,Crime,Drama,Magnolia Pictures,StudioCanal,General,R,11,1,,,
1030,2012,10000,85,0,Stephen Kay,1.5756,Sara Paxton,2.1604,Drama,Crime,Lifetime,,General,R,3,0,,,
1031,2012,5000000,78,0,Alastair Fothergill,0.3073,Tim Allen,3.2165,Documentary,,Disneynature,,General,G,4,0,Walt Disney Studios Motion Pictures,13692932.0,8692932.0
1032,2012,20000000,114,1,Tyler Perry,2.1061,Tyler Perry,2.1061,Drama,Comedy,Tyler Perry Studios,,Madea's Witness Protection,PG-13,6,0,Lionsgate,35645955.0,15645955.0
1033,2012,300000,90,0,Elise Robertson,0.4853,Desiree Hall,0.2218,Horror,,Constellation,,General,NR,11,1,,,
1034,2012,2000000,84,0,Barry Levinson,0.9426,Kristen Connolly,1.6915,Horror,Science Fiction,Baltimore Pictures,Hydraulx,General,R,9,0,Roadside Attractions,29371.0,-1970629.0
1035,2012,3000000,122,0,Xavier Gens,0.311,Lauren German,4.2351,Horror,Science Fiction,Instinctive Film,Preferred Content,General,R,1,0,,,
1036,2012,8000,103,0,Scott Schirmer,0.5074,Gavin Brown,0.0531,Horror,Thriller,The October People,Forbidden Films,General,NR,3,0,,,
1037,2012,3000000,99,0,Eduardo Rodríguez,0.5484,Scott Adkins,5.6607,Adventure,Drama,Silver Pictures,After Dark Films,General,R,5,0,,,
1038,2012,15500000,91,0,Hany Abu-Assad,0.1311,Jeffrey Dean Morgan,6.9416,Action,Crime,Films In Motion,,General,R,3,0,Roadside Attractions,2437707.0,-13062293.0
1039,2012,10000000,93,0,Joseph Kahn,0.5118,Shanley Caswell,0.5765,Horror,Comedy,Detention Films,,General,R,4,0,,,
1040,2012,2500000,95,0,W. Peter Iliff,0.3942,Wes Bentley,2.2596,Thriller,,Atmosphere Entertainment MM,Demarest Films,General,NR,4,0,,,
1041,2012,1000000,124,0,Dick Carruthers,0.1071,Jimmy Page,0.5395,Music,,Three P Films Limited,,General,G,10,0,,,
1042,2012,25000000,108,0,Morgan O'Neill,0.6205,John Cusack,2.3427,Crime,Thriller,Dark Castle Entertainment,Silver Pictures,General,R,10,0,,,
1043,2012,10400,10,0,Timothy Reckart,0.0792,Nigel Anthony,0.3437,Family,Animation,NFTS,,General,NR,5,0,,,
1044,2012,6000,101,0,Jeremy Gardner,0.5938,Jeremy Gardner,0.5938,Drama,Horror,O. Hannah Films,,General,NR,10,0,,,
1045,2012,6000000,90,0,Kevin Carraway,0.089,Val Kilmer,1.7664,Horror,,Vitamin A Films,Barking Fish Entertainment,General,R,4,0,,,
1046,2012,4500000,92,0,Donald P. Borchers,0.1361,David Anders,1.1152,Horror,Thriller,Children of the Corn Productions,Planet Productions,General,NR,8,0,,,
1047,2012,65000000,95,1,Paul W. S. Anderson,1.4428,Milla Jovovich,5.8775,Action,Horror,Davis Films/Impact Pictures,Constantin Film,Resident Evil,R,9,0,Screen Gems,26767727.0,-38232273.0
1048,2012,1500000,100,0,Crispian Mills,0.2196,Simon Pegg,3.6485,Comedy,Thriller,Indomina Productions,Keel Films,General,R,6,0,,,
1049,2012,700000,75,0,Roko Belic,0.3983,Gregory Berns,0.0412,Documentary,,Wadi Rum Films,,General,NR,2,0,,,
1050,2013,75000000,116,1,Louis Leterrier,0.9558,Jesse Eisenberg,4.9929,Thriller,Crime,Summit Entertainment,K/O Paper Products,Now You See Me,PG-13,5,0,Lionsgate,41874024.0,-33125976.0
1051,2013,100000000,180,0,Martin Scorsese,3.0015,Leonardo DiCaprio,7.7581,Crime,Drama,Red Granite Pictures,Appian Way,General,R,12,1,Paramount Pictures,41448935.0,-58551065.0
1052,2013,150000000,102,1,Chris Buck,0.3171,Idina Menzel,1.9792,Animation,Family,Walt Disney Animation Studios,,Frozen,PG,11,1,Anchor Bay Films,26728233.0,-123271767.0
1053,2013,23000000,126,0,Spike Jonze,0.9379,Joaquin Phoenix,5.028,Romance,Science Fiction,Annapurna Pictures,,General,R,12,1,Warner Bros.,462472.0,-22537528.0
1054,2013,200000000,130,1,Shane Black,0.9573,Robert Downey Jr.,7.311,Action,Adventure,Marvel Studios,,Iron Man,PG-13,4,0,Walt Disney Studios Motion Pictures,212421084.0,12421084.0
1055,2013,13000000,112,1,James Wan,1.9086,Vera Farmiga,6.1041,Horror,Thriller,Evergreen Media Group,New Line Cinema,The Conjuring,R,7,0,Warner Bros.,61736628.0,48736628.0
1056,2013,250000000,161,1,Peter Jackson,2.4778,Ian McKellen,3.9915,Fantasy,Adventure,New Line Cinema,Metro-Goldwyn-Mayer,The Hobbit,PG-13,12,1,Warner Bros.,96045417.0,-153954583.0
1057,2013,225000000,143,1,Zack Snyder,5.3725,Henry Cavill,7.6605,Action,Adventure,DC Entertainment,Syncopy,Man of Steel,PG-13,6,0,Warner Bros.,156728823.0,-68271177.0
1058,2013,76000000,98,1,Chris Renaud,0.6278,Steve Carell,4.2116,Animation,Comedy,Illumination,Universal Pictures,Despicable Me,PG,6,0,Universal Pictures,165658010.0,89658010.0
1059,2013,37000000,110,0,Rawson Marshall Thurber,0.4084,Jennifer Aniston,5.0543,Comedy,Crime,New Line Cinema,Newman/Tooley Films,General,R,8,0,Warner Bros.,45613756.0,8613756.0
1060,2013,130000000,146,1,Francis Lawrence,1.872,Jennifer Lawrence,5.6721,Adventure,Action,Lionsgate,Color Force,The Hunger Games,PG-13,11,1,Lionsgate,222116056.0,92116056.0
1061,2013,61000000,109,0,Baltasar Kormákur,0.5055,Denzel Washington,6.0583,Action,Comedy,Universal Pictures,Marc Platt Productions,General,R,8,0,Universal Pictures,37388905.0,-23611095.0
1062,2013,180000000,131,1,Guillermo del Toro,6.6062,Charlie Hunnam,8.3527,Action,Science Fiction,Double Dare You,Legendary Pictures,Pacific Rim,PG-13,7,0,Warner Bros.,52280292.0,-127719708.0
1063,2013,46000000,153,0,Denis Villeneuve,2.2494,Hugh Jackman,5.2825,Drama,Thriller,Alcon Entertainment,8:38 Productions,General,R,9,0,Warner Bros.,27683932.0,-18316068.0
1064,2013,25000000,130,0,Michael Bay,12.8671,Mark Wahlberg,13.7743,Comedy,Crime,Paramount Pictures,De Line Pictures,General,R,4,0,Paramount Pictures,26319075.0,1319075.0
1065,2013,70000000,120,1,Antoine Fuqua,0.6658,Gerard Butler,8.5815,Action,Thriller,Millennium Media,G-BASE,Olympus Has Fallen,R,3,0,FilmDistrict,40742669.0,-29257331.0
1066,2013,22000000,100,0,Gary Fleder,0.3687,Jason Statham,18.2824,Action,Thriller,Open Road Films,Millennium Media,General,R,11,1,Open Road Films (II),10944861.0,-11055139.0
1067,2013,135000000,98,1,Kirk DeMicco,0.5811,Nicolas Cage,6.3482,Animation,Adventure,DreamWorks Animation,,The Croods,PG,3,0,Twentieth Century Fox,62182077.0,-72817923.0
1068,2013,103000000,100,1,Todd Phillips,0.923,Bradley Cooper,3.143,Comedy,,Green Hat Films,Legendary Pictures,The Hangover Part,R,5,0,Warner Bros.,69448603.0,-33551397.0
1069,2013,78000000,94,1,Kris Pearn,0.2226,Bill Hader,1.79,Animation,Family,Columbia Pictures,Sony Pictures Animation,Cloudy with a Chance of Meatballs,PG,9,0,Sony Pictures Releasing,39056726.0,-38943274.0
1070,2013,80000000,101,1,Dennis Dugan,0.8356,Adam Sandler,4.1529,Comedy,,Columbia Pictures,Happy Madison Productions,Grown Ups,PG-13,7,0,Sony Pictures Releasing,59515876.0,-20484124.0
1071,2013,2000000,89,0,Adrian Moat,0.084,Tom Hanks,14.407,Documentary,Drama,National Geographic,Herzog & Company,General,PG,2,0,,,
1072,2013,1500000,92,0,Caradog W. James,0.2085,Caity Lotz,1.5121,Science Fiction,Thriller,Red & Black Films,,General,R,4,0,Sony Pictures Releasing,6958436.0,5458436.0
1073,2013,200000000,116,0,Marc Forster,0.3966,Brad Pitt,9.031,Action,Horror,GK Films,Paramount Pictures,General,PG-13,6,0,Paramount Pictures,93922294.0,-106077706.0
1074,2013,13000000,107,0,Paul Weitz,0.9314,Tina Fey,1.4698,Comedy,Drama,Focus Features,Depth of Field,General,PG-13,3,0,Focus Features,8508878.0,-4491122.0
1075,2013,20000000,134,0,Steve McQueen,0.904,Chiwetel Ejiofor,2.1278,Drama,History,New Regency Pictures,Plan B Entertainment,General,R,10,0,Fox Searchlight Pictures,1259943.0,-18740057.0
1076,2013,44000000,126,0,Andrew Niccol,0.8005,Saoirse Ronan,3.3042,Action,Adventure,Open Road Films,Nick Wechsler Productions,General,PG-13,3,0,Magnolia Pictures,14866713.0,-29133287.0
1077,2013,84000000,116,1,Dean Parisot,0.3224,Bruce Willis,4.9534,Action,Comedy,di Bonaventura Pictures,DC,RED,PG-13,7,0,Lionsgate,25674356.0,-58325644.0
1078,2013,900000,82,0,Ryan Coogler,2.021,Michael B. Jordan,3.9987,Drama,,Significant Productions,OG Project,General,R,7,0,The Weinstein Company,592213.0,-307787.0
1079,2013,60000000,130,0,Harald Zwart,0.364,Lily Collins,3.2369,Fantasy,Action,Screen Gems,Unique Features,General,PG-13,8,0,Screen Gems,16063985.0,-43936015.0
1080,2013,30000000,111,0,Luc Besson,2.1133,Robert De Niro,6.5125,Crime,Comedy,EuropaCorp,Relativity Media,General,R,9,0,Relativity Media,18640522.0,-11359478.0
1081,2013,50000000,88,0,Tommy Wirkola,0.3192,Jeremy Renner,4.7198,Fantasy,Horror,Paramount Pictures,MTV Films,General,R,1,0,Paramount Pictures,25252794.0,-24747206.0
1082,2013,16000000,117,0,James Gray,0.2373,Marion Cotillard,4.3737,Drama,Romance,Kingsgate Films,Worldview Entertainment,General,R,11,1,The Weinstein Company,70340.0,-15929660.0
1083,2013,18000000,99,0,Woody Allen,1.2222,Cate Blanchett,3.8576,Drama,,Gravier Productions,Perdido Productions,General,PG-13,8,0,Sony Pictures Classics,,
1084,2013,3600000,90,0,Roger Roth,0.1373,Chanel Ryan,0.8514,Comedy,Horror,Hollywood Productions,,General,R,7,0,,,
1085,2013,30000000,104,0,Spike Lee,1.2793,Josh Brolin,5.5472,Drama,Thriller,40 Acres and a Mule Filmworks,Vertigo Entertainment,General,R,11,1,FilmDistrict,1486440.0,-28513560.0
1086,2013,10000000,117,0,Arnaud Desplechin,0.3729,Benicio del Toro,3.8168,Drama,,Orange Studio,Why Not Productions,General,NR,9,0,,,
1087,2013,3000000,109,1,Richard Linklater,1.5973,Ethan Hawke,8.4233,Romance,Drama,Castle Rock Entertainment,Detour Filmproduction,Before Midnight,R,4,0,Sony Pictures Classics,71400.0,-2928600.0
1088,2013,8500000,96,0,David E. Talbert,0.2648,Paula Patton,2.6589,Romance,Comedy,Sneak Preview Productions,20th Century Fox,General,PG-13,9,0,Fox Searchlight Pictures,11060081.0,2560081.0
1089,2013,250000,99,0,Paul Schrader,1.1198,Lindsay Lohan,3.0292,Thriller,Drama,Filmworks/FX,Post Empire Films,General,R,8,0,,,
1090,2013,5000000,92,0,Brian Trenchard-Smith,0.5895,Cuba Gooding Jr.,1.7096,Action,,Limelight International Media Entertainment,ARO Entertainment,General,R,6,0,,,
1091,2013,32000000,106,0,Seth Rogen,6.1304,James Franco,4.3541,Action,Comedy,Columbia Pictures,Mandate Pictures,General,R,6,0,Sony Pictures Releasing,39801812.0,7801812.0
1092,2013,26000000,105,0,Ken Scott,0.2281,Vince Vaughn,2.0753,Comedy,,DreamWorks Pictures,Reliance Entertainment,General,PG-13,10,0,Walt Disney Studios Motion Pictures,12520542.0,-13479458.0
1093,2013,3000000,85,1,James DeMonaco,0.63,Ethan Hawke,8.4233,Science Fiction,Horror,Universal Pictures,Why Not Productions,The Purge,R,5,0,Universal Pictures,43644850.0,40644850.0
1094,2013,38000000,119,1,David Twohy,0.3823,Vin Diesel,9.8318,Science Fiction,Action,One Race,Riddick Canada Productions,Riddick,R,9,0,Universal Pictures,24266375.0,-13733625.0
1095,2013,130000000,110,1,Jon M. Chu,2.3895,Dwayne Johnson,5.6007,Action,Science Fiction,Paramount Pictures,Hasbro,G.I. Joe,PG-13,3,0,Paramount Pictures,62557015.0,-67442985.0
1096,2013,35000000,118,0,Taylor Hackford,0.9139,Jason Statham,18.2824,Action,Crime,Incentive Filmed Entertainment,Sierra/Affinity,General,R,1,0,FilmDistrict,9224882.0,-25775118.0
1097,2013,200000000,104,1,Dan Scanlon,0.5043,Billy Crystal,1.2538,Animation,Family,Pixar,,Monsters University,G,6,0,Walt Disney Studios Motion Pictures,124825448.0,-75174552.0
1098,2013,2000000,87,0,Brad Copeland,0.1196,Glenn Howerton,1.5533,Comedy,,CollegeHumor,,General,NR,7,0,,,
1099,2013,43000000,117,0,Paul Feig,0.9215,Sandra Bullock,7.9497,Action,Comedy,Chernin Entertainment,TSG Entertainment,General,R,6,0,Twentieth Century Fox,61495288.0,18495288.0
1100,2013,105000000,143,0,Baz Luhrmann,1.0767,Leonardo DiCaprio,7.7581,Drama,Romance,Warner Bros. Pictures,Village Roadshow Pictures,General,PG-13,5,0,Warner Bros.,66743604.0,-38256396.0
1101,2013,3000000,90,0,Joseph Gordon-Levitt,3.7463,Joseph Gordon-Levitt,3.7463,Romance,Comedy,Ram Bergman Productions,HitRecord Films,General,R,9,0,Relativity Media,11917317.0,8917317.0
1102,2013,800000,105,0,Peter Winther,0.2624,Devon Werkheiser,1.0007,Fantasy,Horror,A. C. I. Films,,General,NR,3,0,,,
1103,2013,8000000,85,0,John Gray,0.5085,Julia Stiles,4.0299,Comedy,,Hallmark Hall of Fame Productions,,General,PG,1,0,,,
1104,2013,25000000,132,0,Lee Daniels,0.3974,Forest Whitaker,3.417,Drama,,Follow Through Productions,Salamander Pictures,General,PG-13,8,0,The Weinstein Company,35256813.0,10256813.0
1105,2013,170000000,112,1,Alan Taylor,0.6197,Chris Hemsworth,7.7826,Action,Adventure,Marvel Studios,,Thor,PG-13,10,0,Walt Disney Studios Motion Pictures,108511114.0,-61488886.0
1106,2013,50000000,115,1,Mikael Håfström,0.4435,Sylvester Stallone,9.4362,Action,Thriller,Knightsbridge Entertainment,Summit Entertainment,Escape Plan,R,10,0,Lionsgate,13083582.0,-36916418.0
1107,2013,38000000,123,0,Ron Howard,2.9724,Chris Hemsworth,7.7826,Drama,Action,Revolution Films,Working Title Films,General,R,9,0,Universal Pictures,260909.0,-37739091.0
1108,2013,100000000,102,0,Chris Wedge,0.5184,Colin Farrell,5.3528,Animation,Adventure,Blue Sky Studios,20th Century Fox Animation,General,PG,5,0,Twentieth Century Fox,48761181.0,-51238819.0
1109,2013,1800000,86,0,W.D. Hogan,0.461,Casey Dubois,0.5784,Science Fiction,Action,Independence Day Productions,,General,NR,6,0,,,
1110,2013,105000000,105,1,Raja Gosnell,0.4874,Katy Perry,0.6794,Fantasy,Family,NeoReel,Columbia Pictures,The Smurfs,PG,7,0,Sony Pictures Releasing,32646189.0,-72353811.0
1111,2013,7500000,101,0,Ron Krauss,0.7479,Vanessa Hudgens,4.4366,Drama,,Day Twenty- Eight Films,Rishon Films,General,PG-13,10,0,Roadside Attractions,885146.0,-6614854.0
1112,2013,33000000,105,0,Jean-Pierre Jeunet,0.6767,Kyle Catlett,0.5245,Adventure,Drama,Epithète Films,Cross Creek Pictures,General,PG,10,0,The Weinstein Company,62216.0,-32937784.0
1113,2013,90000000,114,0,Ben Stiller,3.8913,Ben Stiller,3.8913,Adventure,Comedy,Samuel Goldwyn Films,Red Hour,General,PG,12,1,Twentieth Century Fox,31484331.0,-58515669.0
1114,2013,55000000,91,0,Jimmy Hayward,0.9225,Owen Wilson,4.1783,Animation,Comedy,Reel FX Creative Studios,Relativity Media,General,PG,10,0,Relativity Media,19016451.0,-35983549.0
1115,2013,195000000,114,0,Bryan Singer,0.7757,Nicholas Hoult,8.1208,Fantasy,Action,New Line Cinema,Legendary Pictures,General,PG-13,2,0,Warner Bros.,33791369.0,-161208631.0
1116,2013,200000000,130,0,Sam Raimi,1.8116,James Franco,4.3541,Fantasy,Adventure,Roth Films,Curtis-Donen Productions,General,PG,3,0,Walt Disney Studios Motion Pictures,102803624.0,-97196376.0
1117,2013,7525000,83,1,Jason Hull,0.0143,Bill Oberst Jr.,0.2589,Horror,Action,Snowdog Studio,,Krampus,NC-17,8,0,,,
1118,2013,1000000,91,1,Marco Ristori,0.0718,Christian Boeving,0.5451,Action,Horror,Unknown,,Zombie Massacre,NR,6,0,,,
1119,2013,1300000,96,0,Francesca Gregorini,0.3027,Kaya Scodelario,4.5962,Drama,Thriller,Rooks Nest Entertainment,MRB Productions,General,NR,4,0,,,
1120,2013,130000000,100,0,M. Night Shyamalan,2.3284,Jaden Smith,5.2658,Science Fiction,Action,Columbia Pictures,Overbrook Entertainment,General,PG-13,5,0,Sony Pictures Releasing,35391569.0,-94608431.0
1121,2013,120000000,124,0,Joseph Kosinski,1.6843,Tom Cruise,8.76,Action,Science Fiction,Universal Pictures,Relativity Media,General,PG-13,4,0,Universal Pictures,47287500.0,-72712500.0
1122,2013,28000000,103,1,Jeff Wadlow,0.5543,Aaron Taylor-Johnson,4.0339,Action,Adventure,Marv,Universal Pictures,Kick-Ass,R,7,0,Universal Pictures,18153135.0,-9846865.0
1123,2013,89,89,0,Ben Ketai,0.2903,Brent Briscoe,0.4879,Horror,,Revolver Picture Company,Elevative Entertainment,General,NR,10,0,,,
1124,2013,500000,77,0,Zachary Donohue,0.0429,Melanie Papalia,0.5575,Horror,Thriller,Onset Films,Cliffbrook Films,General,R,12,1,,,
1125,2013,50000000,91,1,Klay Hall,0.0869,Dane Cook,0.8507,Animation,Family,Walt Disney Pictures,DisneyToon Studios,Planes,PG,8,0,Walt Disney Studios Motion Pictures,31949868.0,-18050132.0
1126,2013,2500000,86,1,Michael Tiddes,0.7047,Marlon Wayans,3.4424,Comedy,Horror,Open Road Films,Endgame Entertainment,A Haunted House,R,1,0,Open Road Films (II),21613179.0,19113179.0
1127,2013,6000000,84,0,George Isaac,1.0377,Toby Stephens,1.7429,Thriller,Crime,Universal Pictures,Cipher Films,General,PG-13,4,0,,,
1128,2013,13000000,93,0,Jon Lucas,0.2727,Miles Teller,4.2421,Comedy,,Mandeville Films,Relativity Media,General,R,3,0,Relativity Media,11783975.0,-1216025.0
1129,2013,6000000,99,0,Scott McGehee,0.7384,Julianne Moore,5.586,Drama,,Red Crown Productions,Weinstock Productions,General,R,5,0,,,
1130,2013,15000000,104,0,Conor Allyn,0.5907,Kellan Lutz,2.4834,Action,Crime,Margate House Films,,General,R,3,0,,,
1131,2013,100000,76,0,Hannah Fidell,0.3265,Lindsay Burdge,0.3713,Drama,,Oscilloscope,Flaneur Films,General,NR,9,0,,,
1132,2013,130000000,96,1,Robert Schwentke,0.7224,Jeff Bridges,3.8008,Fantasy,Action,Universal Pictures,Dark Horse Entertainment,R.I.P.D.,PG-13,7,0,Universal Pictures,18494980.0,-111505020.0
1133,2013,2000000,85,1,Sheldon Wilson,0.1171,Lacey Chabert,3.2303,Horror,Science Fiction,Brightlight Pictures,Lighthouse Pictures,Scarecrow,R,10,0,,,
1134,2013,20000000,101,0,Danny Boyle,1.36,James McAvoy,3.6316,Thriller,Crime,Pathé,Decibel Films,General,R,3,0,Fox Searchlight Pictures,174608.0,-19825392.0
1135,2013,5000000,106,1,James Wan,1.9086,Patrick Wilson,2.9885,Horror,Thriller,Blumhouse Productions,Stage 6 Films,Insidious,PG-13,9,0,FilmDistrict,46355260.0,41355260.0
1136,2013,12000000,94,0,Daniel Schechter,0.049,Jennifer Aniston,5.0543,Comedy,Crime,Abbolita Productions,The Gotham Group,General,R,9,0,Roadside Attractions,157342.0,-11842658.0
1137,2013,10000000,99,0,Todd Robinson,0.4863,Ed Harris,3.2568,Thriller,,Trilogy Entertainment Group,RCR Media Group,General,R,1,0,UTV Motion Pictures,358776.0,-9641224.0
1138,2013,10000000,92,0,Rob Epstein,0.3407,Amanda Seyfried,7.4833,Drama,,Helios-Filmproduktion,Animus Films,General,R,8,0,,,
1139,2013,60000000,113,0,Ruben Fleischer,1.0433,Josh Brolin,5.5472,Crime,Drama,Village Roadshow Pictures,Lin Pictures,General,R,1,0,Warner Bros.,23110060.0,-36889940.0
1140,2013,1500000,95,0,Jordan Vogt-Roberts,0.3706,Nick Robinson,2.3969,Comedy,Drama,Low Spark Films,Big Beach,General,R,1,0,CBS Films,81608.0,-1418392.0
1141,2013,5200000,100,1,Roel Reiné,0.5346,Danny Trejo,3.2121,Western,Action,Rebel Entertainment,CC Capital Arts Entertainment SRL,Dead in Tombstone,R,10,0,,,
1142,2013,17000000,123,1,Malcolm D. Lee,0.4366,Terrence Howard,1.703,Comedy,,Universal Pictures,Blackmaled Productions,The Best Man Holiday,R,11,1,Universal Pictures,37869590.0,20869590.0
1143,2013,40000000,128,0,Brian Helgeland,0.9715,Chadwick Boseman,2.3848,Drama,,Legendary Pictures,,General,PG-13,4,0,Warner Bros.,36032101.0,-3967899.0
1144,2013,56000000,109,0,Allen Hughes,0.3568,Mark Wahlberg,13.7743,Thriller,Crime,1984 Private Defense Contractors,Inferno International,General,R,1,0,Twentieth Century Fox,11269989.0,-44730011.0
1145,2013,4357373,99,0,Jorge Dorado,0.5463,Mark Strong,2.5457,Thriller,Drama,StudioCanal,The Safran Company,General,R,10,0,Vertical Entertainment,5235597.0,878224.0
1146,2013,27220000,105,0,Scott Walker,0.0516,Nicolas Cage,6.3482,Thriller,Crime,Picture Perfect Corporation,Grindstone Entertainment Group,General,R,7,0,,,
1147,2013,19000000,131,0,Brian Percival,0.2768,Geoffrey Rush,2.6377,Drama,,Studio Babelsberg,Fox 2000 Pictures,General,PG-13,11,1,Twentieth Century Fox,143518.0,-18856482.0
1148,2013,20000000,92,1,John Luessenhop,0.5504,Alexandra Daddario,14.6522,Horror,Thriller,Lionsgate,Millennium Media,Texas Chainsaw 3D,R,1,0,,,
1149,2013,105000000,91,0,Alfonso Cuarón,1.2364,Sandra Bullock,7.9497,Science Fiction,Thriller,Esperanto Filmoj,Warner Bros. Pictures,General,PG-13,10,0,Warner Bros.,79134919.0,-25865081.0
1150,2013,10000000,94,0,Peter Landesman,0.666,Zac Efron,7.3795,History,Drama,Exclusive Media,Playtone,General,PG-13,10,0,,,
1151,2013,16000000,95,0,Jeff Renfroe,0.158,Kevin Zegers,2.0456,Action,Science Fiction,RLJ Entertainment,Alcina Pictures,General,NR,4,0,,,
1152,2013,5000000,107,0,Wayne Kramer,0.548,Paul Walker,5.0431,Action,Comedy,Laguna Ridge Pictures,120dB Films,General,R,7,0,Anchor Bay Films,8088.0,-4991912.0
1153,2013,190000000,132,1,J.J. Abrams,1.4739,Chris Pine,3.2276,Action,Adventure,Bad Robot,Paramount Pictures,Star Trek Into Darkness,PG-13,5,0,Paramount Pictures,101773288.0,-88226712.0
1154,2013,135000000,96,0,David Soren,0.8915,Ryan Reynolds,5.6859,Animation,Family,DreamWorks Animation,,General,PG,7,0,Twentieth Century Fox,37249569.0,-97750431.0
1155,2013,20000000,88,1,Malcolm D. Lee,0.4366,Ashley French,1.2237,Comedy,,Dimension Films,Brad Grey Pictures,Scary Movie,PG-13,4,0,Dimension Films,16647592.0,-3352408.0
1156,2013,1169935,81,1,BJ McDonnell,0.9825,Danielle Harris,1.4176,Horror,Thriller,ArieScope Pictures,Dark Sky Films,Hatchet,R,6,0,,,
1157,2013,1000000,94,0,Adam Wingard,0.755,Sharni Vinson,0.7889,Horror,Thriller,Snoot Entertainment,HanWay Films,General,R,8,0,Lionsgate,9339708.0,8339708.0
1158,2013,150000000,131,0,Roland Emmerich,0.8237,Channing Tatum,4.8758,Action,Drama,Columbia Pictures,Mythology Entertainment,General,PG-13,6,0,Sony Pictures Releasing,37006763.0,-112993237.0
1159,2013,18000000,93,0,Nimród Antal,0.5944,Dane DeHaan,2.9849,Music,,Exclusive Media,Picturehouse Entertainment,General,R,9,0,,,
1160,2013,17500000,93,0,Kasi Lemmons,0.606,Forest Whitaker,3.417,Music,Drama,Malvern Pictures,Fox Searchlight Pictures,General,PG,11,1,Fox Searchlight Pictures,5132732.0,-12367268.0
1161,2013,40000000,121,0,Peter Berg,1.3308,Mark Wahlberg,13.7743,War,Action,EFO Films,Envision Entertainment,General,R,12,1,Universal Pictures,188328.0,-39811672.0
1162,2013,110000000,114,0,Gavin Hood,0.7646,Asa Butterfield,3.1554,Science Fiction,Action,Digital Domain,Chartoff Productions,General,PG-13,10,0,Lionsgate,33751300.0,-76248700.0
1163,2013,40000000,89,0,Cal Brunker,0.1654,Rob Corddry,1.0182,Animation,Comedy,The Weinstein Company,Kaleidoscope TWC,General,PG,2,0,The Weinstein Company,24130662.0,-15869338.0
1164,2013,115000000,109,0,Neill Blomkamp,0.5274,Matt Damon,15.403,Science Fiction,Action,TriStar Pictures,MRC,General,R,8,0,TriStar Pictures,42314306.0,-72685694.0
1165,2013,1500000,101,0,Rob Zombie,0.9084,Sheri Moon Zombie,1.5281,Horror,Thriller,IM Global,Alliance Films,General,R,4,0,Anchor Bay Films,855293.0,-644707.0
1166,2013,5000000,117,0,Jean-Marc Vallée,0.3654,Matthew McConaughey,9.2816,Drama,History,Truth Entertainment,Voltage Pictures,General,R,11,1,Focus Features,354384.0,-4645616.0
1167,2013,12000000,99,0,Park Chan-wook,1.9874,Mia Wasikowska,2.8525,Drama,Horror,Fox Searchlight Pictures,Indian Paintbrush,General,R,2,0,Fox Searchlight Pictures,214488.0,-11785512.0
1168,2013,35000000,126,0,John Lee Hancock,0.5985,Emma Thompson,6.8841,Comedy,Drama,Hopscotch Features,Walt Disney Pictures,General,PG-13,11,1,Walt Disney Studios Motion Pictures,625486.0,-34374514.0
1169,2013,35000000,106,0,Robert Luketic,0.7913,Liam Hemsworth,4.6884,Drama,Thriller,Relativity Media,Kintop Pictures,General,PG-13,8,0,Relativity Media,4937042.0,-30062958.0
1170,2013,8000000,100,1,Eduardo Rodríguez,0.5484,Will Payne,0.6247,Horror,Comedy,Gaeta / Rosenzweig Films,,Fright Night 2,R,8,0,,,
1171,2013,2500000,95,0,James Ponsoldt,0.2096,Miles Teller,4.2421,Comedy,Drama,Global Produce,21 Laps Entertainment,General,R,8,0,A24,268103.0,-2231897.0
1172,2013,35000000,90,0,Justin Zackham,0.1268,Robert De Niro,6.5125,Comedy,,Millennium Media,Two Ton Films,General,R,4,0,Lionsgate,10334565.0,-24665435.0
1173,2013,3500000,81,1,Jay Oliva,0.3872,Justin Chambers,1.8195,Animation,Science Fiction,DC Entertainment,Warner Bros. Animation,Justice League,PG-13,7,0,,,
1174,2013,4000000,97,0,Eric Heisserer,0.2631,Paul Walker,5.0431,Drama,Thriller,Hours Capital,The Safran Company,General,PG-13,12,1,,,
1175,2013,8000000,101,1,Tom Elkins,0.7833,Chad Michael Murray,3.7077,Horror,Drama,Gold Circle Films,,The Haunting in Connecticut 2,R,2,0,,,
1176,2013,500000,88,0,Richard Schenkman,0.7427,John Rhys-Davies,1.8811,Action,Science Fiction,The Asylum,Next Station Productions,General,NR,3,0,,,
1177,2013,1493619,90,1,Richard Boddington,0.0811,Natasha Henstridge,3.2049,Adventure,Family,Against the Wild Films,,Against the Wild,PG,12,1,,,
1178,2013,5000000,88,1,Ed Gass-Donnelly,0.1142,Ashley Bell,1.0139,Horror,Thriller,CBS Films,StudioCanal,The Last Exorcism Part,PG-13,2,0,CBS Films,8962599.0,3962599.0
1179,2013,13000000,97,0,Dan Mazer,0.3523,Rose Byrne,3.8964,Comedy,Romance,Canal+,Paradis Films,General,R,2,0,,,
1180,2013,22000000,116,0,Scott Cooper,1.0419,Christian Bale,6.5434,Thriller,Drama,Energy Entertainment,Appian Way,General,R,11,1,Relativity Media,6336771.0,-15663229.0
1181,2013,4000000,99,0,Susan Seidelman,0.3202,Brooke Shields,2.7257,Comedy,,Vertical,,General,R,7,0,,,
1182,2013,4000000,96,0,Leone Marucci,0.1815,Christopher Walken,3.8139,Crime,Drama,Steelyard Pictures,iQ Films,General,R,2,0,,,
1183,2013,4000000,95,1,Roel Reiné,0.5346,Randy Orton,1.1754,Action,Adventure,WWE Studios,20th Century Fox Home Entertainment,12 Rounds 2,PG-13,6,0,,,
1184,2013,2500000,96,0,Brett Donowho,0.1309,Steve Bacic,1.2732,Horror,Thriller,Enderby Entertainment,Tony-Seven Films,General,NR,5,0,,,
1185,2013,10000000,90,0,Kasper Barfoed,0.1063,John Cusack,2.3427,Action,Thriller,ContentFilm,Piccadilly Pictures,General,R,4,0,,,
1186,2013,3500000,78,1,Jay Oliva,0.3872,Peter Weller,2.3483,Science Fiction,Action,Warner Premiere,DC Entertainment,Batman,PG-13,1,0,,,
1187,2013,17000000,91,0,Fede Álvarez,0.3897,Jane Levy,2.0406,Horror,,TriStar Pictures,FilmDistrict,General,R,4,0,TriStar Pictures,32041782.0,15041782.0
1188,2013,80000000,87,0,Neil Nightingale,0.855,Karl Urban,4.4187,Animation,Family,Animal Logic,Evergreen Films,General,PG,12,1,,,
1189,2013,5000000,85,0,Peter Hyams,0.5139,Jean-Claude Van Damme,7.5435,Thriller,Action,After Dark Films,Bomar OOD,General,R,12,1,,,
1190,2013,28000000,115,0,Lasse Hallström,1.3838,Julianne Hough,1.4776,Romance,Thriller,Relativity Media,Temple Hill Entertainment,General,PG-13,2,0,Relativity Media,36205681.0,8205681.0
1191,2013,15600000,114,0,Yusry Abdul Halim,0.2122,Dominic Purcell,1.6507,Adventure,,KRU Studios,,General,NR,9,0,,,
1192,2013,8000000,95,1,Jeffrey Hornaday,0.4479,Ross Lynch,1.0699,Family,Music,Rainforest Productions,,Teen Beach Movie,PG,8,0,,,
1193,2013,215000000,149,0,Gore Verbinski,1.4002,Johnny Depp,6.5752,Action,Adventure,Walt Disney Pictures,Jerry Bruckheimer Films,General,PG-13,7,0,Walt Disney Studios Motion Pictures,55067985.0,-159932015.0
1194,2013,6000000,90,0,Aram Rappaport,0.4262,Amber Heard,2.7849,Drama,Comedy,Windward Entertainment,Lila 9th Productions,General,R,6,0,,,
1195,2013,6000000,94,0,Steve Carr,0.9732,Dennis Quaid,3.3957,Comedy,,Witness Protection Films,Relativity Media,General,R,1,0,Relativity Media,6058274.0,58274.0
1196,2013,10000000,130,0,Jeff Nichols,0.6699,Matthew McConaughey,9.2816,Drama,,Everest Entertainment,FilmNation Entertainment,General,PG-13,4,0,Roadside Attractions,3007898.0,-6992102.0
1197,2013,60000000,124,0,Richard LaGravenese,0.9236,Alden Ehrenreich,1.9489,Fantasy,Drama,Alcon Entertainment,Belle Pictures,General,PG-13,2,0,Warner Bros.,12535145.0,-47464855.0
1198,2013,55000000,134,0,Paul Greengrass,1.2285,Tom Hanks,14.407,Action,Drama,Columbia Pictures,Michael De Luca Productions,General,PG-13,10,0,Sony Pictures Releasing,36030235.0,-18969765.0
1199,2013,3500000,95,0,Rob Meltzer,0.41,Jean-Claude Van Damme,7.5435,Comedy,,Private Island Trax,The Salt Company International,General,NR,4,0,,,
1200,2013,9000000,106,0,J.C. Chandor,0.7804,Robert Redford,2.6545,Action,Adventure,Black Bear Pictures,Treehouse Pictures,General,PG-13,8,0,Roadside Attractions,138187.0,-8861813.0
1201,2013,10000000,116,0,Henry Alex Rubin,0.0965,Jason Bateman,6.0826,Drama,Thriller,Lionsgate,Exclusive Media,General,R,4,0,,,
1202,2013,11000000,113,0,Morgan O'Neill,0.6205,Sam Worthington,4.0107,Drama,,World Wide Productions,,General,R,5,0,,,
1203,2013,20000000,100,0,Steven Knight,1.9557,Jason Statham,18.2824,Action,Thriller,Lionsgate,Shoebox Films,General,R,5,0,,,
1204,2013,5000000,97,1,Don Mancini,0.4564,Fiona Dourif,1.6247,Horror,Thriller,Universal 1440 Entertainment,,Curse of Chucky,R,10,0,,,
1205,2013,90000000,106,1,Thor Freudenthal,0.3207,Logan Lerman,6.8261,Adventure,Family,Fox 2000 Pictures,Sunswept Entertainment,Percy Jackson,PG,8,0,Twentieth Century Fox,27550978.0,-62449022.0
1206,2013,8500000,99,0,Eran Creevy,0.0843,James McAvoy,3.6316,Action,Adventure,Worldview Entertainment,Between The Eyes,General,R,3,0,,,
1207,2013,25000000,99,0,Jonathan Newman,0.7484,Aneurin Barnard,1.0294,Fantasy,Adventure,uMedia,Matador Pictures,General,PG,12,1,The Film Arcade,4756.0,-24995244.0
1208,2013,5000000,101,0,Randall Miller,0.3081,Alan Rickman,2.3175,Drama,Music,Rampart Films,Unclaimed Freight Productions,General,R,10,0,,,
1209,2013,1200000,114,0,David Boyd,0.4759,Scott Elrod,0.6865,Drama,,Provident Films,Samuel Goldwyn Films,General,PG-13,4,0,The Samuel Goldwyn Company,1582000.0,382000.0
1210,2013,30000000,100,0,Don Scardino,0.1443,Steve Carell,4.2116,Comedy,,New Line Cinema,Carousel,General,PG-13,3,0,Warner Bros.,13090430.0,-16909570.0
1211,2013,40000000,138,0,David O. Russell,0.5148,Christian Bale,6.5434,Drama,Crime,Annapurna Pictures,Atlas Entertainment,General,R,12,1,Sony Pictures Releasing,1113368.0,-38886632.0
1212,2013,20000000,110,0,Benson Lee,0.7065,Josh Holloway,1.8897,Music,Drama,Screen Gems,,General,PG-13,9,0,Screen Gems,5468292.0,-14531708.0
1213,2013,4800000,90,0,Nicolas Winding Refn,0.7459,Ryan Gosling,7.8717,Drama,Thriller,Wild Bunch,Bold Films,General,R,5,0,,,
1214,2013,7000000,100,0,John O. Hartman,0.0239,Elisabeth Harnois,1.1263,Mystery,Thriller,Daronimax Media,,General,PG-13,1,0,,,
1215,2013,300000,90,0,Daniel Lusko,0.7814,Casper Van Dien,1.8269,Action,Science Fiction,Indy Entertainment,The Asylum,General,PG,2,0,,,
1216,2013,7500000,83,0,Aaron Seelman,0.0256,Martin Freeman,2.6819,Animation,Comedy,Prana Studios,Prana Animation Studios,General,G,11,1,,,
1217,2013,1500000,104,0,Maggie Carey,0.512,Aubrey Plaza,4.0469,Comedy,Romance,3 Arts Entertainment,The Mark Gordon Company,General,R,7,0,,,
1218,2013,6500000,104,1,Roel Reiné,0.5346,Luke Goss,1.5182,Action,Science Fiction,Moonlighting Films,CC Capital Arts Entertainment SRL,Death Race,R,1,0,,,
1219,2013,650000,90,0,Randy Moore,0.0256,Roy Abramsohn,0.7677,Horror,Fantasy,Mankurt Media,Producers Distribution Agency,General,NR,10,0,,,
1220,2013,2500000,98,0,Thomas Lennon,0.9403,Rob Corddry,1.0182,Comedy,Horror,Darko Entertainment,Gravitas Ventures,General,R,9,0,,,
1221,2013,1000000,95,0,Nick Ryan,0.0768,Christine Barnes,0.0143,Adventure,Documentary,Image Now,Diamond Docs,General,R,10,0,,,
1222,2013,15000000,95,0,Tina Gordon,0.3851,Craig Robinson,1.6378,Comedy,,34th Street Films,Homegrown Pictures,General,PG-13,5,0,Lionsgate,5707777.0,-9292223.0
1223,2013,25000000,121,0,John Wells,0.9057,Meryl Streep,3.1563,Comedy,Drama,Jean Doumanian Productions,Smokehouse Pictures,General,R,12,1,The Weinstein Company,341769.0,-24658231.0
1224,2013,30000000,100,0,Kimberly Peirce,0.2538,Chloë Grace Moretz,4.9924,Drama,Horror,Misher Films,Screen Gems,General,R,10,0,Screen Gems,20121355.0,-9878645.0
1225,2013,18000000,90,0,Courtney Solomon,1.4287,Ethan Hawke,8.4233,Action,Crime,Saints LA,Dark Castle Entertainment,General,PG-13,8,0,Warner Bros.,6488679.0,-11511321.0
1226,2013,1500,83,1,Chris LaMartina,0.0588,Paul Fahrenkopf,0.1057,Horror,Comedy,Midnight Crew Studios,,WNUF Halloween Special,NR,10,0,,,
1227,2013,50000000,119,1,Adam McKay,1.2573,Will Ferrell,2.198,Comedy,,Gary Sanchez Productions,Paramount Pictures,Anchorman 2,PG-13,12,1,Paramount Pictures,48052876.0,-1947124.0
1228,2013,1000000,93,0,Lake Bell,2.0075,Lake Bell,2.0075,Comedy,,More Films,3311 Productions,General,R,8,0,Roadside Attractions,103557.0,-896443.0
1229,2013,92000000,98,1,John Moore,0.3194,Bruce Willis,4.9534,Action,Thriller,Mid Atlantic Films,Ingenious Media,A Good Day to Die Hard,R,2,0,Twentieth Century Fox,40453888.0,-51546112.0
1230,2013,4600000,103,0,Nat Faxon,1.2267,Liam James,1.1835,Comedy,Drama,Sycamore Pictures,OddLot Entertainment,General,PG-13,6,0,Fox Searchlight Pictures,744485.0,-3855515.0
1231,2013,3000000,100,0,Anthony Leonardi III,0.1508,Clancy Brown,4.2129,Horror,,Upload Films,Anchor Bay Films,General,R,9,0,Anchor Bay Films,7886.0,-2992114.0
1232,2013,15000000,90,0,Sofia Coppola,2.5363,Katie Chang,0.6135,Drama,Crime,American Zoetrope,NALA Films,General,R,6,0,A24,341241.0,-14658759.0
1233,2013,28000000,128,0,Bill Condon,1.0483,Benedict Cumberbatch,6.3234,Drama,Thriller,Participant,Reliance Entertainment,General,R,10,0,Walt Disney Studios Motion Pictures,2277466.0,-25722534.0
1234,2013,1000000,93,0,Kevin King,0.382,Martin Copping,0.3314,Comedy,Action,The Klimax,Arrowstorm Entertainment,General,NR,7,0,,,
1235,2013,175000000,119,1,Carl Rinsch,0.3534,Keanu Reeves,11.5062,Drama,Action,Mid Atlantic Films,Stuber Pictures,47 Ronin,PG-13,12,1,Universal Pictures,23852775.0,-151147225.0
1236,2013,35000000,111,0,Seth Gordon,0.7003,Jason Bateman,6.0826,Comedy,Crime,Stuber Pictures,Aggregate Films,General,R,2,0,Universal Pictures,47287785.0,12287785.0
1237,2013,15000000,114,0,Atom Egoyan,0.2893,Reese Witherspoon,3.5603,Crime,Drama,Worldview Entertainment,,General,NR,5,0,,,
1238,2013,567000,87,0,Paul Hough,0.0531,Paul McCarthy-Boyington,0.4652,Horror,Science Fiction,Paul Hough Entertainment,,General,NR,4,0,,,
1239,2013,11000000,94,0,Dito Montiel,0.5589,Liam Hemsworth,4.6884,Action,Drama,Knightsbridge Entertainment,Grindstone Entertainment Group,General,R,9,0,,,
1240,2013,5000000,97,0,Jon S. Baird,0.207,James McAvoy,3.6316,Crime,Drama,Egoli Tossell Film,Steel Mill Pictures,General,R,9,0,,,
1241,2013,4000000,96,0,David Lowery,0.9956,Rooney Mara,2.1802,Crime,Drama,Sailor Bear,Parts & Labor,General,R,7,0,,,
1242,2013,1000000,96,0,Destin Daniel Cretton,1.0969,Brie Larson,3.8046,Drama,,Traction Media,Animal Kingdom,General,R,8,0,,,
1243,2013,2900000,86,0,Ryuhei Kitamura,1.0369,Luke Evans,2.9454,Horror,Thriller,Pathe,WWE Studios,General,R,3,0,Anchor Bay Films,65807.0,-2834193.0
1244,2013,28000000,105,0,Jon Turteltaub,0.9367,Robert De Niro,6.5125,Comedy,,Gidden Media,CBS Films,General,PG-13,10,0,CBS Films,22430736.0,-5569264.0
1245,2013,12000000,115,0,Alexander Payne,0.9863,Bruce Dern,2.115,Drama,Adventure,Echo Lake Entertainment,Bona Fide Productions,General,R,9,0,Paramount Pictures,189613.0,-11810387.0
1246,2013,35000000,98,0,Jonathan Levine,0.3281,Nicholas Hoult,8.1208,Horror,Comedy,Summit Entertainment,Mandeville Films,General,PG-13,1,0,Lionsgate,25125082.0,-9874918.0
1247,2013,3300000,86,0,Nisha Ganatra,0.24,Zachary Gordon,2.1037,Fantasy,Family,ARC Entertainment,Mpower Pictures,General,NR,11,1,,,
1248,2013,200000,88,0,E.L. Katz,0.7505,Pat Healy,0.6152,Comedy,Crime,Snowfort Pictures,New Artists Alliance,General,NR,3,0,,,
1249,2013,15000000,140,0,Derek Cianfrance,0.2983,Ryan Gosling,7.8717,Drama,Crime,Sidney Kimmel Entertainment,Electric City Entertainment,General,R,3,0,Focus Features,386030.0,-14613970.0
1250,2013,9500000,89,0,Jason Bateman,6.0826,Jason Bateman,6.0826,Comedy,,Darko Entertainment,Aggregate Films,General,R,9,0,Focus Features,155773.0,-9344227.0
1251,2013,18000000,111,0,Jason Reitman,1.1694,Kate Winslet,7.5604,Drama,Romance,Mr. Mudd,Indian Paintbrush,General,PG-13,12,1,Paramount Pictures,6942396.0,-11057604.0
1252,2013,30000000,107,0,Kim Jee-woon,0.9905,Arnold Schwarzenegger,3.2463,Action,Crime,di Bonaventura Pictures,Lionsgate,General,R,1,0,Lionsgate,8533945.0,-21466055.0
1253,2013,4500000,86,0,Duane Journey,0.8246,Molly C. Quinn,2.9878,Horror,Comedy,Tribeca Productions,Pollack Films,General,R,2,0,,,
1254,2013,35000000,112,0,Ric Roman Waugh,1.0493,Dwayne Johnson,5.6007,Thriller,Drama,Exclusive Media,Participant,General,PG-13,2,0,Lionsgate,16710339.0,-18289661.0
1255,2013,8000000,88,0,Christopher Hatton,0.2141,Dolph Lundgren,4.9853,Action,Science Fiction,Boku Films,Compound B,General,NR,7,0,,,
1256,2013,5000000,100,0,Eli Roth,1.505,Lorenza Izzo,1.114,Adventure,Horror,Sobras International Pictures,Worldview Entertainment,General,R,9,0,BH Tilt,4642423.0,-357577.0
1257,2013,7000000,96,0,Logan Miller,0.5161,January Jones,2.1346,Western,Thriller,Kickstart Entertainment,Mythic International Entertainment,General,R,10,0,Briarcliff Entertainment,506942.0,-6493058.0
1258,2013,500000,84,0,Stig Svendsen,0.0336,Anita Briem,0.8142,Thriller,Horror,Quite Nice Pictures,,General,NR,2,0,,,
1259,2013,12000000,86,0,Roman Coppola,0.7595,Charlie Sheen,2.22,Comedy,Drama,American Zoetrope,The Directors Bureau,General,R,2,0,,,
1260,2013,108000,86,0,Richard Schenkman,0.7427,Noell Coet,0.2583,Horror,Drama,Ruthless Pictures,,General,R,10,0,,,
1261,2013,2000000,89,0,James Cox,0.4856,Ryan Phillippe,1.6684,Comedy,Drama,Nu Image,The Group Films,General,R,1,0,,,
1262,2013,750000,104,0,Vincent Grashaw,0.5536,P.J. Boudousqué,0.1039,Thriller,Drama,Gare Farrand Entertainment,Flying Pig Productions,General,R,6,0,,,
1263,2013,40000000,113,0,Peter Segal,0.8752,Robert De Niro,6.5125,Comedy,,Gerber Pictures,Warner Bros. Pictures,General,PG-13,12,1,Warner Bros.,16240226.0,-23759774.0
1264,2013,15000000,110,0,Duane Adler,0.1987,Derek Hough,0.5618,Music,,Serendipity Productions,CJ Entertainment,General,PG-13,8,0,High Top Releasing,117633.0,-14882367.0
1265,2013,2500000,101,0,Adam Rodgers,0.2037,Andy Garcia,3.0822,Romance,Comedy,Look at the Moon Productions,CineSon Entertainment,General,R,10,0,Anchor Bay Films,46495.0,-2453505.0
1266,2013,27000000,97,0,Stephen Sommers,0.8777,Anton Yelchin,1.0566,Mystery,Thriller,Future Films,Fusion Films,General,PG-13,1,0,,,
1267,2013,1000000,86,1,Anthony C. Ferrante,0.3605,Ian Ziering,0.6127,Action,Comedy,Syfy,The Asylum,Sharknado,R,7,0,,,
1268,2013,13000000,94,0,Brad Anderson,0.5873,Halle Berry,6.2711,Crime,Thriller,TriStar Pictures,WWE Studios,General,R,3,0,TriStar Pictures,22366508.0,9366508.0
1269,2013,30000000,118,0,Niels Arden Oplev,0.3102,Colin Farrell,5.3528,Thriller,Action,WWE Studios,Original Film,General,R,3,0,FilmDistrict,7247340.0,-22752660.0
1270,2013,10000000,92,0,Morgan Spurlock,0.342,Harry Styles,2.7277,Documentary,Music,TriStar Pictures,Syco Entertainment,General,PG,8,0,TriStar Pictures,19890510.0,9890510.0
1271,2013,10000000,84,0,Douglas Aarniokoski,0.3456,Paz de la Huerta,1.0155,Horror,Thriller,Lionsgate,,General,R,9,0,,,
1272,2013,12000000,129,0,Joshua Michael Stern,0.2947,Ashton Kutcher,4.0466,Drama,History,Open Road Films,Dillywood,General,PG-13,8,0,Open Road Films (II),9143287.0,-2856713.0
1273,2013,11000000,105,0,Ethan Coen,0.7866,Oscar Isaac,6.0141,Drama,Music,StudioCanal,Anton Capital Entertainment,General,R,10,0,CBS Films,553532.0,-10446468.0
1274,2013,6000000,93,0,D.J. Caruso,0.4507,Chandler Canterbury,1.3434,Drama,,Seven Star Pictures,AR Films,General,NR,8,0,,,
1275,2013,8200000,111,0,Sandra Nettelbeck,0.1568,Michael Caine,5.5849,Drama,Comedy,Bavaria Pictures,Senator Film,General,NR,8,0,,,
1276,2013,30000000,106,0,Steven Soderbergh,1.2462,Rooney Mara,2.1802,Thriller,Crime,di Bonaventura Pictures,Endgame Entertainment,General,R,2,0,Open Road Films (II),12820836.0,-17179164.0
1277,2013,5000000,92,0,Jon M. Chu,2.3895,Justin Bieber,0.926,Documentary,Music,Open Road Films,Bieber Time Films,General,PG,12,1,Open Road Films (II),4881936.0,-118064.0
1278,2013,4900000,97,0,Jerusha Hess,0.1699,Keri Russell,4.1076,Comedy,Romance,Fickle Fish Films,Moxie Pictures,General,PG-13,8,0,Sony Pictures Classics,,
1279,2013,25000000,99,1,Tyler Perry,2.1061,Tyler Perry,2.1061,Comedy,Drama,Lionsgate,,A Madea Christmas,PG-13,12,1,Lionsgate,19770277.0,-5229723.0
1280,2013,30000000,88,0,Brad Furman,0.6188,Justin Timberlake,1.5375,Crime,Thriller,Regency Enterprises,Double Feature Films,General,R,9,0,Twentieth Century Fox,10388958.0,-19611042.0
1281,2013,20000000,108,1,Robert Rodriguez,2.0538,Danny Trejo,3.2121,Action,Crime,Open Road Films,Overnight Films,Machete Kills,R,9,0,Open Road Films (II),5199239.0,-14800761.0
1282,2013,25000000,117,0,Ridley Scott,2.3966,Michael Fassbender,3.7679,Thriller,Crime,Fox 2000 Pictures,Nick Wechsler Productions,General,R,10,0,Twentieth Century Fox,10387509.0,-14612491.0
1283,2013,100000,96,0,Shane Carruth,0.8037,Amy Seimetz,1.6193,Drama,Science Fiction,erbp,,General,NR,4,0,,,
1284,2013,21000000,107,0,Juan José Campanella,0.4869,David Masajnik,0.16,Animation,Adventure,100 Bares,Ministerio de Cultura,General,PG,7,0,Freestyle Releasing,23158.0,-20976842.0
1285,2013,3500000,97,0,Scott Stewart,0.1973,Keri Russell,4.1076,Science Fiction,Thriller,Cinema Vehicle Services,Alliance Films,General,PG-13,2,0,Dimension Films,9896687.0,6396687.0
1286,2013,11000000,98,0,Michael Dowse,0.1306,Daniel Radcliffe,4.9996,Drama,Comedy,Fastnet Films,No Trace Camping,General,PG-13,9,0,CBS Films,205855.0,-10794145.0
1287,2013,5000000,94,0,Harmony Korine,0.9079,James Franco,4.3541,Drama,Crime,Iconoclast,Rabbit Bandini Productions,General,R,3,0,A24,,
1288,2013,50000,87,0,Mark Atkins,0.5325,Ben Cross,0.7976,Action,Adventure,The Asylum,,General,PG,3,0,,,
1289,2013,12000000,93,0,Eric Styles,0.1945,Scott Adkins,5.6607,Action,Adventure,Ripken Productions,China Film Group,General,PG-13,5,0,,,
1290,2013,12000000,98,0,Brian A. Miller,0.334,Stephen Dorff,2.3108,Crime,Drama,Jeff Most Productions,,General,R,1,0,Anchor Bay Films,1463.0,-11998537.0
1291,2013,1000000,87,0,Thunder Levin,0.2134,Adrian Paul,0.8747,TV Movie,Science Fiction,The Asylum,,General,NR,5,0,,,
1292,2013,37000000,111,0,Tyler Perry,2.1061,Jurnee Smollett,5.5785,Drama,,Lionsgate,Tyler Perry Studios,General,PG-13,3,0,Lionsgate,28383341.0,-8616659.0
1293,2013,1700000,86,0,Mark Jones,0.162,AnnaLynne McCord,1.1946,Thriller,Horror,Horse Head Pictures,ITS Capital,General,R,11,1,,,
1294,2013,1500000,88,0,Michelle Danner,0.2208,Norman Reedus,3.6301,Drama,,Roughsky Productions,All in Films,General,NR,6,0,Freestyle Releasing,8437.0,-1491563.0
1295,2013,2000000,125,0,Shane Salerno,0.4755,Michael Mcdermott,0.0766,Documentary,,The Story Factory,,General,PG-13,9,0,The Weinstein Company,113717.0,-1886283.0
1296,2013,7700000,101,0,David Marconi,0.1694,Roschdy Zem,1.1404,Action,Thriller,Grive Productions,EuropaCorp,General,R,1,0,,,
1297,2013,3000000,80,0,Craig Moss,0.241,Kathryn Fiore,0.8826,Comedy,,Silver Nitrate,,General,R,1,0,,,
1298,2013,5600000,103,0,John Krokidas,0.1126,Daniel Radcliffe,4.9996,Drama,Romance,Killer Films,Sunny Field Entertainment,General,NR,10,0,,,
1299,2013,7000000,89,0,Karen Moncrieff,0.7553,Kate Beckinsale,10.0026,Drama,,Pitbull Pictures,Sunrise Pictures,General,NR,11,1,,,
1300,2013,23000000,118,0,Steven Soderbergh,1.2462,Michael Douglas,3.7231,Drama,Romance,Jerry Weintraub Productions,HBO Films,General,R,5,0,,,
1301,2013,18000000,88,0,Roger Christian,0.1504,John Rhys-Davies,1.8811,Mystery,Action,ME Completion,Cinemakers,General,NR,12,1,,,
1302,2013,120000000,126,1,James Mangold,0.8538,Hugh Jackman,5.2825,Action,Science Fiction,The Donners' Company,20th Century Fox,The Wolverine,PG-13,7,0,Twentieth Century Fox,73313850.0,-46686150.0
1303,2013,600000,85,0,Bernard Rose,0.4707,Caitlyn Folley,0.3693,Horror,,Aeroplano,La.Lune Entertainment,General,R,10,0,,,
1304,2013,25000000,106,0,Keanu Reeves,11.5062,Tiger Chen Hu,0.8022,Action,Drama,China Film Group Corporation,Universal Pictures,General,R,7,0,,,
1305,2013,3000000,90,0,Chris Nelson,0.0882,June Diane Raphael,1.3784,Adventure,Comedy,Worldview Entertainment,Gravitas Ventures,General,NR,1,0,,,
1306,2013,7000000,89,0,Tibor Takács,0.4563,Patrick Muldoon,0.6729,Science Fiction,Thriller,Millennium Media,Nu Image,General,PG-13,2,0,,,
1307,2013,6500000,116,0,Zal Batmanglij,0.263,Brit Marling,0.7093,Drama,Thriller,TSG Entertainment,Scott Free Productions,General,PG-13,5,0,Fox Searchlight Pictures,107441.0,-6392559.0
1308,2013,160000000,130,1,Justin Lin,0.7866,Vin Diesel,9.8318,Action,Thriller,Relativity Media,Original Film,Fast & Furious,PG-13,5,0,Universal Pictures,135839525.0,-24160475.0
1309,2013,15000000,130,0,Mira Nair,1.3916,Riz Ahmed,2.6258,Thriller,,Cine Mosaic,Mirabai Films,General,R,4,0,,,
1310,2013,950000,87,0,Blair Erickson,0.0143,Ted Levine,2.1197,Horror,Thriller,Sunchaser Entertainment,Before the Door Pictures,General,R,11,1,,,
1311,2013,1000000,92,0,Anthony Powell,0.0143,Genevieve Bachman,0.0421,Drama,Adventure,Antzworks,,General,PG,9,0,,,
1312,2013,1000000,99,0,Don Coscarelli,0.7641,Chase Williamson,0.6778,Horror,Comedy,M3 Alliance,M3 Creative,General,R,1,0,,,
1313,2013,83000000,88,0,David A. Armstrong,0.1531,Sean Faris,1.2049,Crime,Thriller,Imprint Entertainment,Most Films,General,R,4,0,Anchor Bay Films,4141.0,-82995859.0
1314,2013,5000000,70,0,Stephen Herek,0.2956,Ciara Bravo,2.9121,Family,Fantasy,Pacific Bay Entertainment,Pacific Bay Entertainment Canada,General,G,11,1,,,
1315,2013,2000000,103,0,Emilio Aragón,0.3552,Robert Duvall,3.0719,Drama,,Prospect Park,VT Films,General,NR,11,1,,,
1316,2013,725000,94,0,David Gordon Green,0.4867,Paul Rudd,3.0344,Comedy,Drama,Muskat Filmed Properties,Dogfish Pictures,General,R,2,0,,,
1317,2013,135000,90,1,Anthony C. Ferrante,0.3605,Dee Wallace,1.7104,Horror,,The Asylum,,Hansel & Gretel,PG-13,1,0,,,
1318,2013,25000,90,0,Mike Lerner,0.7169,Mariya Alyokhina,0.0575,Music,Documentary,Third Party Films,Britdoc Foundation,General,NR,6,0,,,
1319,2013,4000000,92,0,Arie Posin,0.2877,Annette Bening,2.0445,Drama,Romance,Mockingbird Pictures,,General,PG-13,10,0,,,
1320,2013,1000000,88,0,John Gulager,0.6654,Daryl Hannah,2.3532,Horror,,Unknown,,General,NR,10,0,,,
1321,2013,10000000,107,0,Phil Morrison,0.0862,Paul Giamatti,3.3344,Comedy,Drama,GreenStreet Films,Touchy Feely Films,General,R,9,0,Anchor Bay Films,4556.0,-9995444.0
1322,2013,1000000,89,0,Morgan Neville,0.2469,Darlene Love,0.2601,Documentary,Music,Tremolo Productions,Gil Friesen Productions,General,NR,6,0,,,
1323,2013,4500000,83,0,Jason Friedberg,0.4102,Maiara Walsh,0.8156,Comedy,,The Safran Company,3 in the Box,General,PG-13,11,1,,,
1324,2013,500000,85,1,Jared Cohn,0.5607,Graham Greene,2.4167,Action,Science Fiction,The Asylum,Tiki Terrors,Atlantic Rim,R,7,0,,,
1325,2013,58000000,119,0,Shawn Levy,2.0627,Vince Vaughn,2.0753,Comedy,,TSG Entertainment,Regency Enterprises,General,PG-13,6,0,Twentieth Century Fox,23951361.0,-34048639.0
1326,2014,165000000,169,0,Christopher Nolan,7.3643,Matthew McConaughey,9.2816,Adventure,Drama,Legendary Pictures,Syncopy,General,PG-13,11,1,Paramount Pictures,61837040.0,-103162960.0
1327,2014,61000000,149,0,David Fincher,2.0014,Ben Affleck,10.0095,Mystery,Thriller,20th Century Fox,Regency Enterprises,General,R,10,0,Twentieth Century Fox,51481190.0,-9518810.0
1328,2014,34000000,113,1,Wes Ball,1.1809,Dylan O'Brien,6.1271,Action,Mystery,Ingenious Media,The Gotham Group,The Maze Runner,PG-13,9,0,Twentieth Century Fox,40518327.0,6518327.0
1329,2014,125000000,123,1,Francis Lawrence,1.872,Jennifer Lawrence,5.6721,Science Fiction,Adventure,Lionsgate,Color Force,The Hunger Games,PG-13,11,1,Lionsgate,168708305.0,43708305.0
1330,2014,70000000,118,0,George Clooney,5.2692,George Clooney,5.2692,War,Drama,Columbia Pictures,Fox 2000 Pictures,General,PG-13,1,0,Sony Pictures Releasing,28668667.0,-41331333.0
1331,2014,14000000,113,0,Morten Tyldum,0.5836,Benedict Cumberbatch,6.3234,History,Drama,Bristol Automotive,Black Bear Pictures,General,PG-13,11,1,The Weinstein Company,611199.0,-13388801.0
1332,2014,200000000,141,1,Marc Webb,0.7434,Andrew Garfield,5.3592,Action,Adventure,Columbia Pictures,Matt Tolmach Productions,The Amazing Spider-Man,PG-13,4,0,Sony Pictures Releasing,110700722.0,-89299278.0
1333,2014,3300000,107,0,Damien Chazelle,1.1285,Miles Teller,4.2421,Drama,Music,Bold Films,Blumhouse Productions,General,R,10,0,,,
1334,2014,6500000,99,1,John R. Leonetti,0.4616,Annabelle Wallis,4.7409,Horror,,Atomic Monster,New Line Cinema,Annabelle,R,10,0,Warner Bros.,45790572.0,39290572.0
1335,2014,55000000,132,1,Antoine Fuqua,0.6658,Denzel Washington,6.0583,Thriller,Action,Lonetree Entertainment,Columbia Pictures,The Equalizer,R,9,0,Sony Pictures Releasing,45486616.0,-9513384.0
1336,2014,250000000,144,1,Peter Jackson,2.4778,Ian McKellen,3.9915,Action,Adventure,New Line Cinema,Metro-Goldwyn-Mayer,The Hobbit,PG-13,12,1,Warner Bros.,107941968.0,-142058032.0
1337,2014,165000000,102,0,Chris Williams,0.4404,Scott Adsit,1.4027,Adventure,Family,Walt Disney Animation Studios,,General,PG,10,0,Walt Disney Studios Motion Pictures,75643891.0,-89356109.0
1338,2014,68000000,135,0,David Ayer,1.0222,Brad Pitt,9.031,War,Drama,Columbia Pictures,QED International,General,R,10,0,Sony Pictures Releasing,33050428.0,-34949572.0
1339,2014,13000000,102,0,Theodore Melfi,0.9022,Bill Murray,2.315,Comedy,,Chernin Entertainment,The Weinstein Company,General,PG-13,10,0,The Weinstein Company,151982.0,-12848018.0
1340,2014,10000000,97,0,Michael Radford,1.0933,Shirley MacLaine,2.2988,Drama,Comedy,Riverside Entertainment Group,Rio Negro,General,PG-13,3,0,Millennium Entertainment,98681.0,-9901319.0
1341,2014,48000000,109,1,Olivier Megaton,0.8224,Liam Neeson,7.5562,Thriller,Action,EuropaCorp,20th Century Fox,Taken,PG-13,12,1,Twentieth Century Fox,48786917.0,786917.0
1342,2014,85000000,140,1,Neil Burger,1.1213,Shailene Woodley,4.1002,Action,Adventure,Summit Entertainment,Red Wagon Entertainment,Divergent,PG-13,3,0,Lionsgate,68760008.0,-16239992.0
1343,2014,125000000,101,1,Jonathan Liebesman,0.3094,Pete Ploszek,0.5817,Science Fiction,Action,Nickelodeon Movies,Paramount Pictures,Teenage Mutant Ninja Turtles,PG-13,8,0,Paramount Pictures,89242236.0,-35757764.0
1344,2014,95000000,102,0,Sergei Bodrov,0.6247,Jeff Bridges,3.8008,Adventure,Fantasy,Legendary Pictures,Thunder Road,General,PG-13,12,1,Universal Pictures,9270440.0,-85729560.0
1345,2014,232000,86,0,Riccardo Paoletti,0.0379,Daisy Keeping,0.1404,Horror,Drama,One More Pictures,,General,NR,4,0,,,
1346,2014,127000000,98,1,Shawn Levy,2.0627,Ben Stiller,3.8913,Adventure,Comedy,Moving Picture Company,21 Laps Entertainment,Night at the Museum,PG,12,1,Twentieth Century Fox,34530716.0,-92469284.0
1347,2014,50000000,89,0,Steven Quale,0.8542,Richard Armitage,2.5259,Action,Thriller,New Line Cinema,Village Roadshow Pictures,General,PG-13,8,0,Warner Bros.,23621436.0,-26378564.0
1348,2014,170000000,130,1,Matt Reeves,0.9672,Andy Serkis,3.0658,Science Fiction,Action,TSG Entertainment,Chernin Entertainment,Dawn of the Planet of the Apes,PG-13,7,0,Twentieth Century Fox,102952844.0,-67047156.0
1349,2014,250000000,132,1,Bryan Singer,0.7757,Hugh Jackman,5.2825,Action,Adventure,Bad Hat Harry Productions,The Donners' Company,X-Men,PG-13,5,0,Twentieth Century Fox,129469103.0,-120530897.0
1350,2014,132000000,92,0,Simon J. Smith,0.3647,Tom McGrath,0.6733,Family,Animation,DreamWorks Animation,Pacific Data Images,General,PG,11,1,Twentieth Century Fox,37189407.0,-94810593.0
1351,2014,60000000,97,0,Graham Annable,0.0785,Ben Kingsley,2.8673,Animation,Comedy,LAIKA,,General,PG,9,0,Focus Features,20114208.0,-39885792.0
1352,2014,4500000,103,0,Ernie Barbarash,0.5029,Michael Jai White,5.316,Adventure,Action,Strohberry Films,,General,R,9,0,Freestyle Releasing,11774.0,-4488226.0
1353,2014,65000000,92,0,Stuart Beattie,0.6484,Aaron Eckhart,3.0806,Horror,Thriller,Lionsgate,Lakeshore Entertainment,General,PG-13,1,0,Lionsgate,10970070.0,-54029930.0
1354,2014,145000000,102,1,Dean DeBlois,0.9633,Jay Baruchel,3.0487,Fantasy,Action,DreamWorks Animation,,How to Train Your Dragon,PG,6,0,Twentieth Century Fox,60413114.0,-84586886.0
1355,2014,180000000,97,1,Robert Stromberg,0.2925,Angelina Jolie,14.7538,Fantasy,Adventure,Walt Disney Pictures,Roth Films,Maleficent,PG,5,0,Walt Disney Studios Motion Pictures,93846968.0,-86153032.0
1356,2014,8500000,118,0,Dan Gilroy,1.1124,Jake Gyllenhaal,7.9386,Crime,Drama,Sierra/Affinity,Bold Films,General,R,10,0,Open Road Films (II),14244877.0,5744877.0
1357,2014,50000000,95,0,Jorge R. Gutierrez,0.4571,Diego Luna,4.2889,Animation,Adventure,Reel FX Creative Studios,20th Century Fox Animation,General,PG,10,0,Twentieth Century Fox,20113449.0,-29886551.0
1358,2014,210000000,165,1,Michael Bay,12.8671,Mark Wahlberg,13.7743,Science Fiction,Action,di Bonaventura Pictures,DeSanto/Murphy Productions,Transformers,PG-13,6,0,Paramount Pictures,120953107.0,-89046893.0
1359,2014,6000000,85,0,Jang Gun-ho,0.0582,Anna Torv,2.9489,Adventure,Action,Blockade Entertainment,AZ Works,General,NR,6,0,,,
1360,2014,178000000,114,0,Doug Liman,0.8618,Tom Cruise,8.76,Action,Science Fiction,RatPac Entertainment,Village Roadshow Pictures,General,PG-13,5,0,Warner Bros.,40474483.0,-137525517.0
1361,2014,95000000,126,1,Patrick Hughes,0.4088,Sylvester Stallone,9.4362,Action,Adventure,Davis Films,Ex3 Productions,The Expendables,PG-13,8,0,Lionsgate,20918177.0,-74081823.0
1362,2014,40000000,141,0,David Dobkin,0.3392,Robert Downey Jr.,7.311,Drama,,Village Roadshow Pictures,Big Kid Pictures,General,R,10,0,Warner Bros.,18903343.0,-21096657.0
1363,2014,110000000,102,1,Noam Murro,0.6381,Sullivan Stapleton,1.3513,Action,Drama,Legendary Pictures,Hollywood Gang Productions,300,R,3,0,Warner Bros.,59205553.0,-50794447.0
1364,2014,30000000,100,0,Wes Anderson,2.2128,Ralph Fiennes,4.5451,Comedy,Drama,Fox Searchlight Pictures,Studio Babelsberg,General,R,2,0,Fox Searchlight Pictures,1138940.0,-28861060.0
1365,2014,20000000,149,0,Paul Thomas Anderson,2.719,Joaquin Phoenix,5.028,Drama,Mystery,Warner Bros. Pictures,IAC Films,General,R,12,1,Warner Bros.,452705.0,-19547295.0
1366,2014,14000000,126,0,Josh Boone,0.6373,Shailene Woodley,4.1002,Romance,Drama,TSG Entertainment,Fox 2000 Pictures,General,PG-13,6,0,Twentieth Century Fox,65975267.0,51975267.0
1367,2014,2000000,88,0,Karen Leigh Hopkins,0.9439,Katie Holmes,3.9596,Drama,,Wiretap Films,Myriad Pictures,General,NR,9,0,,,
1368,2014,18000000,93,0,Brian A. Miller,0.334,Bruce Willis,4.9534,Thriller,Action,EFO Films,Aperture Entertainment,General,R,8,0,,,
1369,2014,100000000,98,0,Brett Ratner,1.7302,Dwayne Johnson,5.6007,Action,Adventure,Paramount Pictures,Radical Studios,General,PG-13,7,0,Paramount Pictures,41648048.0,-58351952.0
1370,2014,4000000,87,1,Michael Tiddes,0.7047,Marlon Wayans,3.4424,Comedy,Horror,Automatik Entertainment,IM Global Octane,A Haunted House,R,4,0,Open Road Films (II),10980656.0,6980656.0
1371,2014,15000000,108,0,Roger Donaldson,0.4108,Pierce Brosnan,4.1488,Crime,Action,SPD Films,Relativity Media,General,R,8,0,Relativity Media,12626535.0,-2373465.0
1372,2014,42000000,108,1,Sean Anders,1.0064,Jason Bateman,6.0826,Comedy,,New Line Cinema,BenderSpink,Horrible Bosses,R,11,1,Warner Bros.,25338521.0,-16661479.0
1373,2014,20000000,101,1,Chad Stahelski,1.1834,Keanu Reeves,11.5062,Action,Thriller,87Eleven,DefyNite Films,John Wick,R,10,0,Lionsgate,19539126.0,-460874.0
1374,2014,761100,79,1,Lowell Dean,0.5204,Leo Fafard,1.2382,Horror,Comedy,Echolands Creative Group,"Coup Company, The",WolfCop,NR,6,0,,,
1375,2014,50000000,112,1,Phil Lord,0.6574,Jonah Hill,2.4314,Crime,Comedy,Columbia Pictures,Original Film,22 Jump Street,R,6,0,Sony Pictures Releasing,71251279.0,21251279.0
1376,2014,325927,115,0,Kevin Finn,0.0719,James D. Rolfe,0.4164,Science Fiction,Adventure,Cinemassacre,Skinny Ugly Pilgrim,General,R,7,0,,,
1377,2014,14000000,108,0,Erik Van Looy,0.164,Karl Urban,4.4187,Thriller,,Open Road Films,Anonymous Content,General,R,10,0,Open Road Films (II),3753684.0,-10246316.0
1378,2014,25000000,98,0,Nick Powell,0.2763,Nicolas Cage,6.3482,Action,Adventure,Media Max Productions,Notorious Films,General,NR,9,0,,,
1379,2014,50000000,107,0,Jaume Collet-Serra,0.7757,Liam Neeson,7.5562,Action,Thriller,Silver Pictures,StudioCanal,General,PG-13,2,0,Universal Pictures,36738925.0,-13261075.0
1380,2014,40000000,110,1,Peter Farrelly,1.252,Jim Carrey,6.4951,Comedy,,New Line Cinema,Universal Pictures,Dumb and Dumber To,PG-13,11,1,Universal Pictures,43652900.0,3652900.0
1381,2014,12600000,106,0,Michaël R. Roskam,0.284,Tom Hardy,10.2616,Drama,Crime,Fox Searchlight Pictures,Chernin Entertainment,General,R,9,0,Fox Searchlight Pictures,5639701.0,-6960299.0
1382,2014,8000000,115,0,Kevin Macdonald,0.2889,Jude Law,4.5652,Adventure,Drama,Focus Features,Cowboy Films,General,R,12,1,Focus Features,51925.0,-7948075.0
1383,2014,103000000,101,1,Carlos Saldanha,0.3712,Jesse Eisenberg,4.9929,Animation,Adventure,Blue Sky Studios,20th Century Fox Animation,Rio,G,3,0,Twentieth Century Fox,52885380.0,-50114620.0
1384,2014,9000000,103,1,James DeMonaco,0.63,Frank Grillo,3.8106,Horror,Thriller,Why Not Productions,Platinum Dunes,The Purge,R,7,0,Universal Pictures,41376145.0,32376145.0
1385,2014,1000000,83,1,Levan Gabriadze,0.7156,Shelley Hennig,3.0931,Horror,Mystery,Blumhouse Productions,Bazelevs,Unfriended,R,10,0,Universal Pictures,18913765.0,17913765.0
1386,2014,58800000,133,0,Clint Eastwood,4.2252,Bradley Cooper,3.143,War,Action,Warner Bros. Pictures,Village Roadshow Pictures,General,R,12,1,Warner Bros.,1329299.0,-57470701.0
1387,2014,1000000,85,0,Gillian Robespierre,0.3339,Jenny Slate,2.6668,Comedy,Romance,Sundial Pictures,Votiv Films,General,R,6,0,,,
1388,2014,6000000,95,0,Steven Brill,0.419,Elizabeth Banks,3.4881,Comedy,,Lakeshore Entertainment,Sidney Kimmel Entertainment,General,R,5,0,Focus World,59209.0,-5940791.0
1389,2014,45000000,112,1,Trish Sie,0.2866,Briana Evigan,1.3497,Romance,Drama,Summit Entertainment,Offspring Entertainment,Step Up All In,PG-13,7,0,Lionsgate,9149336.0,-35850664.0
1390,2014,12000000,90,0,Matt Drummond,0.0848,Darius Williams-Watt,0.0286,Adventure,Science Fiction,Extinct Production,,General,PG,12,1,,,
1391,2014,5000000,89,1,Stiles White,0.154,Daren Kagasoff,0.7781,Horror,,Platinum Dunes,Blumhouse Productions,Ouija,PG-13,10,0,Universal Pictures,24062970.0,19062970.0
1392,2014,65000000,118,0,Will Gluck,0.5104,Quvenzhané Wallis,0.7103,Comedy,Drama,Marcy Media,Columbia Pictures,General,PG,12,1,Sony Pictures Releasing,29227145.0,-35772855.0
1393,2014,70000,82,0,Joe Swanberg,0.7141,Anna Kendrick,4.3959,Comedy,Drama,Lucky Coffee Productions,Tiki Bar Films,General,R,7,0,,,
1394,2014,40000000,94,0,Jake Kasdan,0.8696,Cameron Diaz,4.8864,Comedy,,Escape Artists,LStar Capital,General,R,7,0,Sony Pictures Releasing,20901532.0,-19098468.0
1395,2014,12000000,107,0,Dustin Marcellino,0.0621,Blake Rayne,0.0809,Music,Drama,Identical Production Company,City of Peace Films,General,PG,9,0,Freestyle Releasing,2174512.0,-9825488.0
1396,2014,12250000,103,0,David Michôd,0.5901,Guy Pearce,3.5992,Crime,Drama,Porchlight Films,Screen Australia,General,R,6,0,,,
1397,2014,18000000,90,0,David Hayter,0.5585,Lucas Till,2.2414,Horror,Action,Dark Hero Studios,Copperheart Entertainment,General,R,8,0,,,
1398,2014,17000000,104,0,Luke Greenfield,0.3348,Jake Johnson,2.2282,Comedy,,Wide Awake Pictures,Genre Films,General,R,8,0,Twentieth Century Fox,30829485.0,13829485.0
1399,2014,65000000,137,1,Angelina Jolie,14.7538,Jack O'Connell,4.0475,Drama,War,Legendary Pictures,Jolie Pas,Unbroken,PG-13,12,1,Universal Pictures,62528610.0,-2471390.0
1400,2014,12758853,98,0,Brando Quilici,0.1371,Dakota Goyo,1.6768,Family,Adventure,Rob Heydon Productions,Image Nation Abu Dhabi,General,NR,9,0,Global Road Entertainment,5849216.0,-6909637.0
1401,2014,11000000,114,0,Jon Favreau,3.4142,Jon Favreau,3.4142,Comedy,,Altus Media,Fairview Entertainment,General,R,5,0,Open Road Films (II),282874.0,-10717126.0
1402,2014,170000000,121,1,James Gunn,3.2228,Chris Pratt,5.0185,Action,Science Fiction,Marvel Studios,,Guardians of the Galaxy,PG-13,7,0,Walt Disney Studios Motion Pictures,134390839.0,-35609161.0
1403,2014,160000000,123,1,Gareth Edwards,0.4276,Aaron Taylor-Johnson,4.0339,Action,Drama,Legendary Pictures,,Godzilla,PG-13,5,0,Warner Bros.,117348367.0,-42651633.0
1404,2014,26000000,117,0,Michael Hoffman,0.3922,Michelle Monaghan,6.3722,Drama,Romance,Relativity Media,Di Novi Pictures,General,PG-13,10,0,Relativity Media,12926674.0,-13073326.0
1405,2014,12000000,99,0,Randall Wallace,0.3697,Greg Kinnear,1.7779,Drama,,TriStar Pictures,Screen Gems,General,PG,4,0,TriStar Pictures,34480058.0,22480058.0
1406,2014,145000000,92,0,Rob Minkoff,0.692,Ty Burrell,0.9408,Animation,Adventure,Pacific Data Images,DreamWorks Animation,General,PG,2,0,Twentieth Century Fox,41979916.0,-103020084.0
1407,2014,20000000,110,0,Philippe Falardeau,0.1737,Reese Witherspoon,3.5603,Drama,,Alcon Entertainment,Black Label Media,General,PG-13,9,0,Warner Bros.,1152723.0,-18847277.0
1408,2014,3500000,92,0,Mark Young,0.1023,Abigail Breslin,3.8117,Action,Drama,NAZZ Productions,Primary Pictures,General,NR,3,0,,,
1409,2014,60000000,100,1,Phil Lord,0.6574,Chris Pratt,5.0185,Animation,Family,Village Roadshow Pictures,RatPac Entertainment,The Lego Movie,PG,2,0,Warner Bros.,75675447.0,15675447.0
1410,2014,15000000,95,0,Philip Martin,0.1876,John Travolta,3.7668,Thriller,Crime,The Solution,Freedom Media,General,R,9,0,,,
1411,2014,140000000,150,0,Ridley Scott,2.3966,Christian Bale,6.5434,Adventure,Drama,20th Century Fox,TSG Entertainment,General,PG-13,12,1,Twentieth Century Fox,30836511.0,-109163489.0
1412,2014,4000000,99,0,Ti West,0.6824,Joe Swanberg,0.7141,Horror,Thriller,Worldview Entertainment,Arcade Pictures,General,R,5,0,,,
1413,2014,5000000,93,0,Daniel Stamm,0.1694,Mark Webber,1.4969,Horror,Thriller,Dimension Films,IM Global,General,R,4,0,RADiUS-TWC,13809.0,-4986191.0
1414,2014,5000000,95,0,Andrew Lau Wai-Keung,0.9451,Justin Chon,1.0368,Drama,Action,Artfire Films,The 7th Floor,General,R,10,0,,,
1415,2014,18000000,120,0,Alejandro González Iñárritu,1.1616,Michael Keaton,2.9912,Drama,Comedy,TSG Entertainment,Worldview Entertainment,General,R,10,0,Fox Searchlight Pictures,630441.0,-17369559.0
1416,2014,44000000,112,0,Evan Goldberg,0.9611,James Franco,4.3541,Action,Comedy,Point Grey Pictures,Columbia Pictures,General,R,12,1,Sony Pictures Releasing,3552778.0,-40447222.0
1417,2014,35000000,110,0,David Ayer,1.0222,Arnold Schwarzenegger,3.2463,Action,Drama,Open Road Films,QED International,General,R,3,0,Open Road Films (II),6858585.0,-28141415.0
1418,2014,10000000,106,0,Tim Burton,2.9308,Amy Adams,5.3101,Drama,,The Weinstein Company,Silverwood Films,General,PG-13,12,1,The Weinstein Company,6327678.0,-3672322.0
1419,2014,2000000,100,0,Greg Carter,0.1508,Ali Cobrin,0.7998,Drama,,Imprint Entertainment,Gordon Bijelonic / Datari Turner Films,General,R,12,1,,,
1420,2014,16000000,116,0,Jason Reitman,1.1694,Adam Sandler,4.1529,Drama,Comedy,Right of Way Films,Paramount Pictures,General,R,10,0,Paramount Pictures,72372.0,-15927628.0
1421,2014,19800000,103,0,Shawn Levy,2.0627,Jason Bateman,6.0826,Drama,Comedy,Spring Creek Pictures,21 Laps Entertainment,General,R,9,0,Warner Bros.,15546751.0,-4253249.0
1422,2014,170000000,136,1,Joe Russo,0.5991,Chris Evans,4.899,Action,Adventure,Marvel Studios,,Captain America,PG-13,3,0,Walt Disney Studios Motion Pictures,117608171.0,-52391829.0
1423,2014,8000000,112,0,Claudia Llosa,0.1218,Jennifer Connelly,6.1641,Drama,,Buffalo Gal Pictures,Wanda Visión,General,R,2,0,,,
1424,2014,40000000,117,0,Frank Coraci,0.4821,Adam Sandler,4.1529,Comedy,Romance,GulfStream Pictures,Happy Madison Productions,General,PG-13,5,0,Warner Bros.,21206536.0,-18793464.0
1425,2014,60000000,105,0,Kenneth Branagh,2.7277,Chris Pine,3.2276,Action,Drama,di Bonaventura Pictures,Paramount Pictures,General,PG-13,1,0,Paramount Pictures,21368133.0,-38631867.0
1426,2014,66000000,131,0,Scott Waugh,1.0861,Aaron Paul,3.5744,Action,Crime,DreamWorks Pictures,Reliance Entertainment,General,PG-13,3,0,Walt Disney Studios Motion Pictures,22623883.0,-43376117.0
1427,2014,950000,100,1,Allison Burnett,0.6364,Britt Robertson,2.9756,Drama,,Decipher Entertainment,Presque Isle Films,Ask Me Anything,R,4,0,,,
1428,2014,5000000,110,0,John Stockwell,0.8485,Jonathan Daniel Brown,2.7512,Drama,,Wingman Productions,Imprint Entertainment,General,NR,4,0,,,
1429,2014,3500000,85,1,Uwe Boll,0.6282,Dominic Purcell,1.6507,Action,Adventure,Event Film Distribution,Bolu Filmproduktion und Verleih,In the Name of the King,R,2,0,,,
1430,2014,40000000,109,0,Nick Cassavetes,1.0084,Cameron Diaz,4.8864,Comedy,Romance,LBI Productions,20th Century Fox,General,PG-13,4,0,Twentieth Century Fox,33145472.0,-6854528.0
1431,2014,40000000,116,0,Seth MacFarlane,2.6158,Seth MacFarlane,2.6158,Comedy,Western,RGB Media,Fuzzy Door Productions,General,R,5,0,Universal Pictures,22989970.0,-17010030.0
1432,2014,3000000,87,0,Víctor García,0.342,Peter Facinelli,2.8178,Thriller,Horror,Launchpad Productions,Bowery Hills Entertainment,General,R,6,0,Vertical Entertainment,1068633.0,-1931367.0
1433,2014,3000000,98,1,Roel Reiné,0.5346,Tom Sizemore,1.234,Action,War,20th Century Fox Home Entertainment,Film Afrika,Seal Team Eight,R,5,0,,,
1434,2014,28000000,81,0,Miguel Arteta,0.395,Steve Carell,4.2116,Family,Comedy,Walt Disney Pictures,21 Laps Entertainment,General,PG,10,0,Walt Disney Studios Motion Pictures,24831665.0,-3168335.0
1435,2014,3000000,99,0,Greg A. Sager,0.0071,Ry Barrett,0.2651,Horror,Mystery,Matchbox Pictures,,General,NR,8,0,,,
1436,2014,10000000,93,1,Alex Zamm,0.5415,Larry the Cable Guy,0.4838,Family,Comedy,WWE Studios,20th Century Fox Home Entertainment,Jingle All the Way,PG,12,1,,,
1437,2014,17000000,113,1,Harold Cronk,0.7467,Kevin Sorbo,2.0306,Drama,,Pure Flix Entertainment,Greg Jenkins Productions,God's Not Dead,PG,3,0,Freestyle Releasing,12953018.0,-4046982.0
1438,2014,3000000,102,0,Kevin Smith,1.34,Michael Parks,0.8949,Comedy,Horror,Phase 4 Films,Demarest Films,General,R,9,0,,,
1439,2014,8000000,93,1,Alex Zamm,0.5415,Jet Jurgensmeyer,0.3221,Comedy,,Capital Arts Entertainment,Universal Pictures,The Little Rascals Save the Day,PG,3,0,,,
1440,2014,22500000,112,0,Russell Crowe,4.5456,Russell Crowe,4.5456,War,Drama,Fear of God Films,Hopscotch Features,General,R,12,1,Warner Bros.,1674510.0,-20825490.0
1441,2014,22000000,138,0,Christopher Spencer,0.5182,Diogo Morgado,0.5931,Drama,,Hearst Entertainment Productions,LightWorkers Media,General,PG-13,2,0,Twentieth Century Fox,31494895.0,9494895.0
1442,2014,11000000,106,0,R. J. Cutler,0.1846,Chloë Grace Moretz,4.9924,Drama,,New Line Cinema,Metro-Goldwyn-Mayer,General,PG-13,8,0,Warner Bros.,20562282.0,9562282.0
1443,2014,3150000,100,0,Trevor Matthews,0.2192,Ali Cobrin,0.7998,Horror,Thriller,Brookstreet Pictures,,General,NR,10,0,,,
1444,2014,10000000,108,0,John Stockwell,0.8485,Gina Carano,5.3447,Action,Crime,20th Century Fox Home Entertainment,Anchor Bay Films,General,R,4,0,,,
1445,2014,120000000,118,0,José Padilha,0.4306,Joel Kinnaman,4.1169,Science Fiction,Action,Metro-Goldwyn-Mayer,Columbia Pictures,General,PG-13,1,0,Sony Pictures Releasing,6828685.0,-113171315.0
1446,2014,5900000,94,0,Ben Kellett,0.0881,Brendan O'Carroll,0.917,Comedy,,BBC Film,That's Nice Films,General,PG-13,6,0,,,
1447,2014,18000000,94,0,Rob Reiner,1.5415,Michael Douglas,3.7231,Comedy,Drama,Castle Rock Entertainment,ASIG Productions,General,PG-13,7,0,Clarius Entertainment,7128783.0,-10871217.0
1448,2014,8000000,104,0,John Carney,0.5403,Mark Ruffalo,5.1981,Comedy,Music,Likely Story,Exclusive Media,General,R,6,0,The Weinstein Company,160201.0,-7839799.0
1449,2014,1000000,106,0,Brin Hill,0.5244,Zoe Kazan,1.3082,Drama,Romance,Night & Day Pictures,Bellwether Pictures,General,NR,4,0,,,
1450,2014,125000000,138,0,Darren Aronofsky,1.0906,Russell Crowe,4.5456,Drama,Adventure,Paramount Pictures,Regency Enterprises,General,PG-13,3,0,Paramount Pictures,56376764.0,-68623236.0
1451,2014,65000000,102,1,Frank Miller,0.5614,Jessica Alba,7.4425,Action,Crime,Residaco,Miramax,Sin City,R,8,0,Dimension Films,8591561.0,-56408439.0
1452,2014,18000000,97,1,Nicholas Stoller,0.5501,Seth Rogen,6.1304,Comedy,,Good Universe,Universal Pictures,Neighbors,R,5,0,Universal Pictures,65525205.0,47525205.0
1453,2014,5000000,105,0,William H. Macy,4.597,Billy Crudup,2.7668,Music,Drama,Amberdale Productions,Unified Pictures,General,R,10,0,,,
1454,2014,5000000,100,0,Lynn Shelton,0.3156,Keira Knightley,7.9194,Comedy,Drama,Anonymous Content,Merced Media Partners,General,R,9,0,,,
1455,2014,13000000,89,0,Dave Green,0.6806,Teo Halm,0.8707,Family,Adventure,Panay Films,,General,PG,6,0,Relativity Media,6881497.0,-6118503.0
1456,2014,650000,99,0,Corbin Bernsen,1.4703,Lacey Chabert,3.2303,Romance,Comedy,Home Theater Films,Rocky Mountain Picture,General,PG,10,0,,,
1457,2014,1200000,91,1,Valeri Milev,0.3925,Anthony Ilott,0.8934,Horror,,Constantin Film,Regency Enterprises,Wrong Turn 6,R,8,0,,,
1458,2014,70000000,88,0,Dan St. Pierre,0.1423,Lea Michele,0.8346,Animation,Family,Summertime Entertainment,Prana Animation Studios,General,PG,5,0,Clarius Entertainment,4607021.0,-65392979.0
1459,2014,5000000,112,0,Michael Cuesta,0.2473,Jeremy Renner,4.7198,Crime,Drama,The Combine,Focus Features,General,R,10,0,Focus Features,1364633.0,-3635367.0
1460,2014,6000000,90,0,Andrew Fleming,0.3051,Evan Rachel Wood,1.8331,Comedy,Drama,WhiteFlame Productions,,General,PG-13,2,0,Roadside Attractions,15071.0,-5984929.0
1461,2014,70000000,92,0,Gary Shore,0.1336,Luke Evans,2.9454,Horror,Action,Universal Pictures,Legendary Pictures,General,PG-13,10,0,Universal Pictures,30846090.0,-39153910.0
1462,2014,5000000,98,0,Andrew Erwin,0.8564,Sarah Drew,1.8763,Comedy,,TriStar Pictures,Provident Films,General,PG,3,0,TriStar Pictures,5427432.0,427432.0
1463,2014,10000000,98,1,Keoni Waxman,0.3217,Steven Seagal,3.1614,Action,Crime,Steamroller Productions,Voltage Pictures,Force of Execution,R,2,0,,,
1464,2014,5000000,90,0,Philippe Caland,0.0879,Forest Whitaker,3.417,Horror,Thriller,Unknown,,General,R,2,0,Lionsgate,622097.0,-4377903.0
1465,2014,7000000,86,0,Christian E. Christiansen,0.2349,Rufus Sewell,3.3449,Horror,Thriller,LD Entertainment,,General,PG-13,10,0,Roadside Attractions,5746.0,-6994254.0
1466,2014,5000000,93,0,John Erick Dowdle,0.6901,Perdita Weeks,1.9326,Horror,Thriller,Brothers Dowdle Productions,Legendary Pictures,General,R,8,0,Universal Pictures,11852745.0,6852745.0
1467,2014,10000000,110,0,Jim Wilson,0.6336,Skeet Ulrich,3.7981,Comedy,Drama,Ten Furlongs,,General,PG-13,3,0,Ten Furlongs,107099.0,-9892901.0
1468,2014,1645000,86,0,Max Nichols,0.5838,Lio Tipton,2.3336,Romance,Comedy,Demarest Films,Flynn Picture Company,General,R,9,0,Entertainment One,18612.0,-1626388.0
1469,2014,30000000,110,0,Frédéric Auburtin,0.1682,Sam Neill,3.6996,Drama,,Thelma Films,Leuviah Films,General,NR,6,0,,,
1470,2014,3500000,79,1,Jay Oliva,0.3872,Michelle Monaghan,6.3722,Animation,Action,DC Entertainment,Warner Bros. Animation,Justice League,PG-13,1,0,,,
1471,2014,5000000,91,0,Geoff Moore,0.0168,Sam Rockwell,3.1889,Drama,Comedy,Ealing Metro International,Occupant Entertainment,General,NR,3,0,,,
1472,2014,28000000,114,0,Scott Frank,0.6,Liam Neeson,7.5562,Crime,Drama,Traveling Picture Show Company,Jersey Films,General,R,9,0,Universal Pictures,16637505.0,-11362495.0
1473,2014,28000000,137,0,Paul Haggis,0.6336,Liam Neeson,7.5562,Drama,Romance,Corsan,Hwy61,General,R,6,0,,,
1474,2014,1000000,95,0,Robert Hall,0.4636,Thomas Dekker,0.9836,Horror,,Anchor Bay Entertainment,Dry County Films,General,R,10,0,,,
1475,2014,12000000,102,0,Chris Rock,1.9764,Chris Rock,1.9764,Drama,Comedy,IAC Films,,General,R,12,1,Paramount Pictures,8887293.0,-3112707.0
1476,2014,1000000,88,0,Leigh Janiak,0.7641,Rose Leslie,3.98,Horror,Science Fiction,Fewlas Entertainment,,General,R,9,0,,,
1477,2014,20000000,124,0,J.C. Chandor,0.7804,Oscar Isaac,6.0141,Crime,Drama,Participant,Image Nation Abu Dhabi,General,R,12,1,,,
1478,2014,500000,79,0,Darren Doane,0.6049,Kirk Cameron,2.293,Comedy,Fantasy,Provident Films,Camfam Studios,General,PG,11,1,,,
1479,2014,1000000,101,0,Ana Lily Amirpour,0.1924,Sheila Vand,0.4927,Horror,Romance,Black Light District,Say Ahh Productions,General,NR,11,1,,,
1480,2014,10000000,96,0,Ekachai Uekrongtham,0.1908,Dolph Lundgren,4.9853,Thriller,Action,Thorbak,Baumgarten Management and Productions (BMP),General,R,11,1,,,
1481,2014,36000000,107,1,Charles Martin Smith,1.571,Winter The Dolphin,0.0907,Family,Drama,Alcon Entertainment,,Dolphin Tale,PG,9,0,Warner Bros.,18064894.0,-17935106.0
1482,2014,50000,89,1,James Ward Byrkit,0.8338,Emily Baldoni,0.8697,Thriller,Science Fiction,Bellanova Films,Ugly Duckling Films,Coherence,NR,4,0,,,
1483,2014,100000,91,0,Charlie McDowell,0.7756,Mark Duplass,1.6683,Romance,Comedy,Duplass Brothers Productions,,General,R,8,0,RADiUS-TWC,66698.0,-33302.0
1484,2014,12000000,96,0,Brian Trenchard-Smith,0.5895,John Cusack,2.3427,Action,Comedy,Voltage Pictures,Odyssey Film Studios Australia,General,NR,10,0,,,
1485,2014,8000000,94,0,Tom Gormican,0.4729,Zac Efron,7.3795,Comedy,Romance,Treehouse Pictures,FilmDistrict,General,R,1,0,Focus Features,11308035.0,3308035.0
1486,2014,1000000,92,0,Craig Johnson,0.1866,Bill Hader,1.79,Drama,,Venture Forth,Duplass Brothers Productions,General,R,6,0,Roadside Attractions,505870.0,-494130.0
1487,2014,9000000,121,0,Mike Binder,0.416,Kevin Costner,6.6546,Drama,,IM Global,Treehouse Films,General,PG-13,9,0,Relativity Media,8602684.0,-397316.0
1488,2014,7000000,116,0,Gina Prince-Bythewood,0.6474,Gugu Mbatha-Raw,1.7721,Romance,Drama,Black Entertainment Television,Relativity Media,General,PG-13,11,1,Relativity Media,7493777.0,493777.0
1489,2014,3000000,93,0,Chris Sun,0.1092,Tara Reid,4.4257,Horror,,Slaughter FX,,General,NR,12,1,,,
1490,2014,5000000,99,1,J. James Manera,0.0214,Kristoffer Polaha,1.6816,Drama,Science Fiction,Atlas Distribution Company,,Atlas Shrugged,PG-13,9,0,,,
1491,2014,40000000,134,0,Clint Eastwood,4.2252,John Lloyd Young,0.1269,Music,Drama,Warner Bros. Pictures,GK Films,General,R,6,0,Warner Bros.,18128458.0,-21871542.0
1492,2014,100000000,119,0,Wally Pfister,0.9176,Johnny Depp,6.5752,Thriller,Science Fiction,Alcon Entertainment,DMG Entertainment,General,PG-13,4,0,Warner Bros.,14366966.0,-85633034.0
1493,2014,5000000,94,0,Matt Shakman,0.9325,Liam Hemsworth,4.6884,Crime,Drama,Kilburn Media,,General,R,10,0,,,
1494,2014,10000000,94,0,Sarik Andreasyan,0.594,Hayden Christensen,8.2574,Action,,Maple Leaf Finance Primeredian Entertainment,NGN Productions,General,R,9,0,,,
1495,2014,30000000,102,0,Susanne Bier,0.5078,Bradley Cooper,3.143,Drama,,Chockstone Pictures,2929 Productions,General,R,10,0,,,
1496,2014,13200000,84,0,Sam Miller,0.2506,Idris Elba,5.7282,Crime,Thriller,Will Packer Productions,,General,PG-13,9,0,Screen Gems,29908052.0,16708052.0
1497,2014,5000000,101,0,Adam Wingard,0.755,Dan Stevens,3.1824,Mystery,Thriller,HanWay Films,Snoot Entertainment,General,R,9,0,Picturehouse,84527.0,-4915473.0
1498,2014,15000000,94,0,Paul Schrader,1.1198,Nicolas Cage,6.3482,Thriller,Drama,TinRes Entertainment,Over Under Media,General,R,12,1,,,
1499,2014,28000000,113,0,McG,0.7213,Kevin Costner,6.6546,Action,Drama,Wonderland Sound and Vision,EuropaCorp,General,PG-13,2,0,Relativity Media,15800883.0,-12199117.0
1500,2014,156660,82,1,David Ryan Keith,0.0579,Mark Wood,0.068,Horror,,Alive Productions,Clear Focus Movies,The Redwood Massacre,R,9,0,,,
1501,2014,60000000,118,0,Akiva Goldsman,1.3447,Colin Farrell,5.3528,Drama,Fantasy,Weed Road Pictures,Village Roadshow Pictures,General,PG-13,2,0,Warner Bros.,9093901.0,-50906099.0
1502,2014,1000000,108,0,Justin Simien,0.1567,Brittany Curran,0.4455,Drama,Romance,Homegrown Pictures,Duly Noted,General,NR,10,0,Roadside Attractions,443798.0,-556202.0
1503,2014,1000000,117,0,Peter Sattler,0.0657,Kristen Stewart,6.9117,Drama,,Young Gang,The Gotham Group,General,R,10,0,,,
1504,2014,80000,90,0,J.C. Calciano,0.4344,Jack Turner,0.6914,Romance,Comedy,Cinema175,,General,NR,9,0,,,
1505,2014,25000000,110,0,Ivan Reitman,0.5347,Kevin Costner,6.6546,Drama,,Lionsgate,Summit Entertainment,General,PG-13,4,0,Lionsgate,13647787.0,-11352213.0
1506,2014,5000000,95,0,John Herzfeld,0.2319,Sylvester Stallone,9.4362,Drama,,Windy Hill Pictures,Seraphim Films Inc.,General,R,3,0,,,
1507,2014,4000000,166,0,Richard Linklater,1.5973,Ellar Coltrane,0.8698,Drama,,IFC Productions,Detour Filmproduction,General,R,6,0,IFC Films,227549.0,-3772451.0
1508,2014,5000000,81,0,Scott Foley,1.64,Donald Faison,1.4048,Comedy,,Lost Rhino Films,Tribeca Film Institute,General,R,12,1,,,
1509,2014,5000000,104,0,Mike Flanagan,1.6771,Karen Gillan,5.0798,Horror,,MICA Entertainment,Intrepid Pictures,General,R,4,0,Relativity Media,15989391.0,10989391.0
1510,2014,15000000,98,0,Paco Cabezas,0.1362,Nicolas Cage,6.3482,Action,Crime,Vocal Yokels,Hannibal Pictures,General,R,5,0,,,
1511,2014,24000000,134,0,Bennett Miller,0.4244,Steve Carell,4.2116,Drama,Thriller,Annapurna Pictures,Likely Story,General,R,11,1,,,
1512,2014,3500000,94,0,Richard LaGravenese,0.9236,Anna Kendrick,4.3959,Comedy,Drama,RADiUS-TWC,Lucky Monkey Pictures,General,PG-13,11,1,RADiUS-TWC,60351.0,-3439649.0
1513,2014,6700000,87,0,Maya Forbes,0.4535,Mark Ruffalo,5.1981,Drama,Comedy,Park Pictures Features,Paper Street Films,General,R,1,0,,,
1514,2014,650000,93,0,Daniel Junge,0.0605,Jason Bateman,6.0826,Documentary,Family,Global Emerging Markets (GEM),HeLo,General,G,11,1,,,
1515,2014,50000000,125,0,Rob Marshall,0.6187,Anna Kendrick,4.3959,Fantasy,Comedy,Walt Disney Pictures,Marc Platt Productions,General,PG,12,1,Walt Disney Studios Motion Pictures,64062104.0,14062104.0
1516,2014,9000000,112,0,Nae Caranfil,0.0583,Vera Farmiga,6.1041,Comedy,Drama,Agresywna Banda,Denis Friedman Productions,General,R,3,0,,,
1517,2014,1500000,90,0,Malek Akkad,0.6355,Sarah Butler,1.8828,Thriller,,Trancas International Films,Stuck Film Group,General,R,1,0,,,
1518,2014,16000000,122,0,Tommy Lee Jones,3.1819,Hilary Swank,2.281,Western,Drama,The Javelina Film Company,EuropaCorp,General,R,5,0,Saban Films,62114.0,-15937886.0
1519,2014,2000000,85,0,Steven Knight,1.9557,Tom Hardy,10.2616,Drama,Thriller,IM Global,Shoebox Films,General,R,4,0,,,
1520,2014,70000000,99,0,Renny Harlin,1.0392,Kellan Lutz,2.4834,Action,Adventure,Millennium Media,Summit Entertainment,General,PG-13,1,0,Lionsgate,10975651.0,-59024349.0
1521,2014,8000000,111,0,Tyler Perry,2.1061,Nia Long,1.4877,Drama,Comedy,Tyler Perry Studios,Lionsgate,General,PG-13,3,0,Lionsgate,9810024.0,1810024.0
1522,2014,30000000,139,0,Tate Taylor,0.7234,Chadwick Boseman,2.3848,Drama,Music,Jagged Films,Imagine Entertainment,General,PG-13,8,0,Universal Pictures,17914610.0,-12085390.0
1523,2014,15000000,115,0,Jean-Marc Vallée,0.3654,Reese Witherspoon,3.5603,Drama,,bob industries,Fox Searchlight Pictures,General,R,12,1,Fox Searchlight Pictures,768093.0,-14231907.0
1524,2014,8000000,96,0,Keith Parmer,0.0577,Jean-Claude Van Damme,7.5435,Action,Drama,Exchange Peaks Film Capital,Grand Peaks Entertainment,General,R,4,0,,,
1525,2014,16800000,98,0,Woody Allen,1.2222,Colin Firth,3.4876,Comedy,Drama,Perdido Productions,Gravier Productions,General,PG-13,7,0,,,
1526,2014,5500000,107,0,Zach Braff,3.1186,Zach Braff,3.1186,Drama,Comedy,Wild Bunch,Worldview Entertainment,General,R,7,0,Focus Features,725240.0,-4774760.0
1527,2014,2400000,90,0,Jeff Baena,0.4125,Aubrey Plaza,4.0469,Romance,Comedy,Abbolita Productions,Starstream Entertainment,General,R,8,0,,,
1528,2014,7000000,100,1,Keoni Waxman,0.3217,Steven Seagal,3.1614,Action,,Picture Perfect Corp.,Steamroller Productions,A Good Man,R,8,0,,,
1529,2014,25000000,111,0,Rupert Wyatt,0.2265,Mark Wahlberg,13.7743,Thriller,Crime,Paramount Pictures,Closest to the Hole Productions,General,R,12,1,Paramount Pictures,18880856.0,-6119144.0
1530,2014,40000,79,0,Drew Casson,0.8032,Georgia Bradley,0.0214,Action,Horror,Wildseed Studios,,General,NR,5,0,,,
1531,2014,1000000,106,0,Mike Cahill,0.376,Michael Pitt,1.4719,Science Fiction,Drama,Bersin Pictures,Verisimilitude,General,R,7,0,Fox Searchlight Pictures,41764.0,-958236.0
1532,2014,6000000,107,0,Rob Thomas,0.3032,Kristen Bell,3.8039,Crime,Drama,Warner Bros. Digital,Spondoolie Productions,General,PG-13,3,0,Warner Bros.,2364744.0,-3635256.0
1533,2014,24000000,105,1,Tim Story,1.0149,Adam Brody,4.3121,Comedy,Romance,Will Packer Productions,,Think Like a Man Too,PG-13,6,0,Screen Gems,37768360.0,13768360.0
1534,2014,5000000,103,0,Dinesh D'Souza,1.167,Dinesh D'Souza,1.167,Documentary,,Lions Gate Films,,General,PG-13,7,0,Lionsgate,668943.0,-4331057.0
1535,2014,20000000,103,0,Shana Feste,0.709,Alex Pettyfer,2.2697,Drama,Romance,Bluegrass Films,Fake Empire Productions,General,PG-13,2,0,Universal Pictures,15841255.0,-4158745.0
1536,2014,8000000,91,0,Peter Howitt,0.795,Samuel L. Jackson,9.6371,Crime,Thriller,Paradox Entertainment,Grindstone Entertainment Group,General,R,1,0,,,
1537,2014,750000,91,1,Matt Berman,0.074,Haylie Duff,2.6115,Comedy,Romance,Freefall Films,The Cartel,The Wedding Pact,PG-13,2,0,,,
1538,2014,3000000,87,0,Nick Lyon,0.5513,Danny Trejo,3.2121,Action,Crime,Giant Ape Media,SC Films International,General,R,2,0,,,
1539,2014,1400000,88,0,Paul Tarnopol,0.0479,Danielle Dallacco,0.197,Horror,Comedy,Spy Global Media,JSM productions1,General,R,8,0,,,
1540,2014,25000000,97,0,Phillip Noyce,0.574,Jeff Bridges,3.8008,Drama,Science Fiction,The Weinstein Company,Asis Productions,General,PG-13,8,0,The Weinstein Company,17370538.0,-7629462.0
1541,2014,50000000,83,1,Bobs Gannaway,0.515,Ed Harris,3.2568,Animation,Comedy,Disney Television Animation,Prana Animation Studios,Planes,PG,7,0,Walt Disney Studios Motion Pictures,25817822.0,-24182178.0
1542,2014,7000000,89,0,Tyler Gillett,0.6263,Zach Gilford,3.0025,Horror,,TSG Entertainment,Davis Entertainment,General,R,1,0,Twentieth Century Fox,10135963.0,3135963.0
1543,2014,15000000,115,0,Thomas Carter,0.5112,Jim Caviezel,4.9482,Drama,,Mandalay Pictures,Affirm Films,General,PG,8,0,TriStar Pictures,10670092.0,-4329908.0
1544,2014,7000000,102,0,Daniel Barnz,0.2025,Jennifer Aniston,5.0543,Drama,,We're Not Brothers Productions,Cinelou Films,General,R,9,0,Cinelou Films,1320030.0,-5679970.0
1545,2014,800000,93,0,Shane Dawson,0.4402,Shane Dawson,0.4402,Comedy,Romance,Steeltown Entertainment,Point Park University,General,R,9,0,,,
1546,2014,117,90,0,Keegan Kuhn,0.7658,Kip Andersen,0.0388,Documentary,,First Spark Media,A.U.M. Films & Media,General,NR,7,0,,,
1547,2014,2500000,87,0,Zak Hilditch,0.5159,Nathan Phillips,0.3434,Science Fiction,Drama,8th In Line,XYZ Films,General,NR,7,0,,,
1548,2014,16000000,110,1,Vic Armstrong,0.3536,Nicolas Cage,6.3482,Thriller,Action,Stoney Lake Entertainment,,Left Behind,PG-13,10,0,Freestyle Releasing,8010872.0,-7989128.0
1549,2014,30000000,118,0,Scott Derrickson,1.3249,Eric Bana,3.4119,Thriller,Crime,LStar Capital,Screen Gems,General,R,7,0,Lionsgate,15672301.0,-14327699.0
1550,2014,5000000,100,0,Richard Glatzer,0.436,Julianne Moore,5.586,Drama,,Shriver Films,Killer Films,General,PG-13,12,1,Sony Pictures Classics,,
1551,2014,25000000,124,0,Craig Gillespie,1.0897,Jon Hamm,4.2569,Drama,,Walt Disney Pictures,Roth Films,General,PG,5,0,Walt Disney Studios Motion Pictures,13534805.0,-11465195.0
1552,2014,50000000,107,1,James Bobin,0.7809,Ricky Gervais,1.9747,Comedy,Adventure,Walt Disney Pictures,Mandeville Films,Muppets Most Wanted,PG,3,0,Walt Disney Studios Motion Pictures,21837689.0,-28162311.0
1553,2014,2000000,89,0,Phil Hawkins,0.3114,Robert Englund,1.802,Thriller,,The Philm Company,Little Fish Films,General,NR,8,0,,,
1554,2014,20000000,97,0,Ben Falcone,1.1077,Melissa McCarthy,2.007,Comedy,,Gary Sanchez Productions,New Line Cinema,General,R,7,0,Warner Bros.,,
1555,2014,15000000,121,0,Anton Corbijn,0.3361,Philip Seymour Hoffman,3.498,Thriller,,Amusement Park Films,Demarest Films,General,R,7,0,Roadside Attractions,3734649.0,-11265351.0
1556,2014,42000000,85,1,Peter Lepeniotis,0.2333,Will Arnett,1.614,Animation,Comedy,Open Road Films,GulfStream Pictures,The Nut Job,PG,1,0,Open Road Films (II),27955245.0,-14044755.0
1557,2014,30000000,104,0,Mark Waters,0.531,Zoey Deutch,4.642,Comedy,Action,Montford / Murphy Productions,Preger Entertainment,General,PG-13,2,0,The Weinstein Company,4408139.0,-25591861.0
1558,2014,5000000,84,1,Christopher Landon,0.9686,Andrew Jacobs,0.5049,Horror,Thriller,Blumhouse Productions,Solana Films,Paranormal Activity,R,1,0,Paramount Pictures,22171389.0,17171389.0
1559,2014,25000000,99,1,Tim Story,1.0149,Ice Cube,1.8692,Action,Comedy,Rainforest Entertainment,Universal Pictures,Ride Along,PG-13,1,0,Universal Pictures,54245310.0,29245310.0
1560,2014,5500000,91,1,Craig Moss,0.241,Danny Trejo,3.2121,Action,,Sense and Sensibility Ventures,Silver Nitrate,Bad Ass 2,R,4,0,,,
1561,2014,6000000,92,0,Richard Loncraine,0.215,Morgan Freeman,9.2254,Drama,,Revelations Entertainment,Lascaux Films,General,PG-13,5,0,Focus World,325596.0,-5674404.0
1562,2014,12500000,100,0,Steve Pink,0.5919,Kevin Hart,6.0233,Comedy,Romance,Olive Bridge Entertainment,Rainforest Entertainment,General,R,2,0,Screen Gems,30746290.0,18246290.0
1563,2014,20000000,128,0,Ava DuVernay,0.5243,David Oyelowo,1.0165,History,Drama,Plan B Entertainment,Cloud Eight Films,General,PG-13,12,1,Paramount Pictures,1203987.0,-18796013.0
1564,2014,6500000,89,0,Grégory Levasseur,0.7206,Ashley Grace,0.6014,Horror,,Silvatar Media,Fox International Productions,General,R,12,1,Twentieth Century Fox,1798036.0,-4701964.0
1565,2014,10000000,102,0,Diego Luna,4.2889,Michael Peña,4.5233,Drama,,Televisa,Canana,General,PG-13,3,0,,,
1566,2014,22000000,122,0,Lasse Hallström,1.3838,Helen Mirren,4.6272,Drama,Comedy,Amblin Entertainment,Harpo Films,General,PG,8,0,Walt Disney Studios Motion Pictures,16510131.0,-5489869.0
1567,2014,4000000,97,0,William Eubank,0.6061,Brenton Thwaites,2.462,Thriller,Science Fiction,Signal Film Group,Low Spark Films,General,PG-13,3,0,Focus Features,253950.0,-3746050.0
1568,2014,420000,91,0,Jeremy Saulnier,0.3806,Macon Blair,1.2577,Crime,Thriller,Paradise City,filmscience,General,R,4,0,RADiUS-TWC,15250.0,-404750.0
1569,2014,5000000,107,0,Israel Horovitz,0.1407,Maggie Smith,2.1997,Romance,Comedy,Deux Chevaux Films,Cohen Media Group,General,PG-13,9,0,Cohen Media Group,,
1570,2014,6900000,86,0,Olly Blackburn,0.1588,Haley Bennett,5.579,Thriller,Horror,Dimension Films,Electric City Entertainment,General,NR,8,0,,,
1571,2014,1000000,96,0,David Cross,1.4311,Meredith Hagner,1.1771,Drama,Comedy,Brooks Media,Honora Productions,General,NR,1,0,,,
1572,2014,5000000,66,1,Savage Steve Holland,0.3609,Drake Bell,0.833,Fantasy,Comedy,Pacific Bay Entertainment Canada,Pacific Bay Entertainment,A Fairly Odd Summer,G,8,0,,,
1573,2014,4000000,118,0,David Gordon Green,0.4867,Nicolas Cage,6.3482,Drama,,Rough House Pictures,Worldview Entertainment,General,R,4,0,Roadside Attractions,152494.0,-3847506.0
1574,2014,150000,75,0,Unknown,0.0,Benedict Lim,0.0214,Documentary,,Valve,,General,NR,3,0,,,
1575,2014,1000000,90,0,Kevin Greutert,0.8303,Sarah Snook,3.9843,Thriller,Horror,Principato-Young Entertainment,Lionsgate,General,PG-13,11,1,,,
1576,2014,780000,96,1,Ryan Little,0.4769,Adam Gregory,0.392,War,,Koan,Go Films,Saints and Soldiers,PG-13,8,0,,,
1577,2014,3000000,119,1,Ned Benson,0.3016,Jessica Chastain,5.6098,Drama,,Myriad Pictures,Unison Films,The Disappearance of Eleanor Rigby,R,5,0,The Weinstein Company,89890.0,-2910110.0
1578,2014,4000000,101,0,Nacho Vigalondo,0.1692,Elijah Wood,3.374,Thriller,Action,Wild Bunch,Sayaka Producciones,General,R,7,0,,,
1579,2014,1300000,98,0,Brian Horiuchi,0.4421,Josh Hartnett,3.5761,Science Fiction,,XYZ Films,Benaroya Pictures,General,R,3,0,,,
1580,2014,200000,98,0,John Pogue,0.4798,Jared Harris,2.6632,Horror,,Hammer Film Productions,Exclusive Media,General,PG-13,4,0,Lionsgate,4761032.0,4561032.0
1581,2014,6000000,86,0,Kate Barker-Froyland,0.0143,Anne Hathaway,18.1883,Drama,,Worldview Entertainment,Marc Platt Productions,General,PG-13,1,0,The Film Arcade,20200.0,-5979800.0
1582,2014,25000000,100,0,Mario Van Peebles,0.6699,Mario Van Peebles,0.6699,Action,Thriller,MVP Films,Aldamisa Entertainment,General,PG-13,3,0,,,
1583,2014,2000000,112,0,Barry Levinson,0.9426,Al Pacino,3.8854,Drama,Comedy,Hammerton Productions,AMBI Group,General,R,12,1,,,
1584,2014,16000000,138,0,Fatih Akin,0.9886,Tahar Rahim,2.1559,History,Drama,Pyramide Productions,Corazón International,General,NR,10,0,,,
1585,2014,20000000,93,0,Scot Armstrong,0.1602,Adam Pally,1.0598,Comedy,,Gold Circle Films,American Work,General,R,10,0,,,
1586,2014,2000000,91,0,Steven Bernstein,0.1644,Samantha Morton,2.2548,Drama,,Unified Pictures,Media House Capital,General,R,5,0,Entertainment One,38264.0,-1961736.0
1587,2014,2200000,101,0,Carter Smith,0.728,Noah Silver,0.5215,Drama,Thriller,Mountaintop Productions,Verisimilitude,General,NR,7,0,,,
1588,2014,615844,76,0,Andreas Lindergård,0.0357,Jenny Lampa,0.1926,Drama,Horror,Unknown,,General,NR,1,0,,,
1589,2014,3200000,93,0,Darren Stein,0.8613,Michael J. Willett,0.4126,Comedy,Drama,School Pictures,Parting Shots Media,General,R,1,0,,,
1590,2015,95000000,105,0,Kenneth Branagh,2.7277,Lily James,4.4731,Romance,Fantasy,Walt Disney Pictures,Genre Films,General,PG,3,0,Walt Disney Studios Motion Pictures,87549134.0,-7450866.0
1591,2015,40000000,125,1,Sam Taylor-Johnson,0.524,Dakota Johnson,9.3955,Drama,Romance,Universal Pictures,Focus Features,Fifty Shades of Grey,R,2,0,Universal Pictures,106902510.0,66902510.0
1592,2015,190000000,130,0,Brad Bird,1.4167,Britt Robertson,2.9756,Adventure,Family,Walt Disney Pictures,A113,General,PG,5,0,Walt Disney Studios Motion Pictures,49385651.0,-140614349.0
1593,2015,175000000,95,1,Pete Docter,1.348,Amy Poehler,1.6278,Animation,Family,Pixar,,Inside Out,PG,6,0,Walt Disney Studios Motion Pictures,132817010.0,-42182990.0
1594,2015,176000000,127,0,Lilly Wachowski,0.7741,Channing Tatum,4.8758,Science Fiction,Fantasy,Warner Bros. Pictures,Village Roadshow Pictures,General,PG-13,2,0,Warner Bros.,23121146.0,-152878854.0
1595,2015,235000000,141,1,Joss Whedon,0.8249,Robert Downey Jr.,7.311,Action,Adventure,Marvel Studios,,Avengers,PG-13,4,0,Walt Disney Studios Motion Pictures,235655468.0,655468.0
1596,2015,150000000,121,1,George Miller,1.2448,Tom Hardy,10.2616,Action,Adventure,Warner Bros. Pictures,Village Roadshow Pictures,Mad Max,R,5,0,Warner Bros.,63430279.0,-86569721.0
1597,2015,37000000,133,1,Ryan Coogler,2.021,Michael B. Jordan,3.9987,Drama,Action,Metro-Goldwyn-Mayer,New Line Cinema,Creed,PG-13,11,1,Warner Bros.,46368257.0,9368257.0
1598,2015,88000000,106,0,Chris Columbus,2.1327,Adam Sandler,4.1529,Action,Comedy,Columbia Pictures,Happy Madison Productions,General,PG-13,7,0,Sony Pictures Releasing,35211497.0,-52788503.0
1599,2015,150000000,124,1,Colin Trevorrow,1.0545,Chris Pratt,5.0185,Action,Adventure,Amblin Entertainment,Universal Pictures,Jurassic World,PG-13,6,0,Universal Pictures,296211655.0,146211655.0
1600,2015,108000000,141,0,Ridley Scott,2.3966,Matt Damon,15.403,Drama,Adventure,Genre Films,TSG Entertainment,General,PG-13,9,0,Twentieth Century Fox,71710329.0,-36289671.0
1601,2015,68000000,115,1,Seth MacFarlane,2.6158,Mark Wahlberg,13.7743,Comedy,Fantasy,Smart Entertainment,Universal Pictures,Ted,R,6,0,Universal Pictures,47329110.0,-20670890.0
1602,2015,20000000,96,0,James McTeigue,0.5862,Milla Jovovich,5.8775,Action,Crime,Nu Image,Chartoff-Winkler Productions,General,PG-13,5,0,,,
1603,2015,30000000,122,1,Denis Villeneuve,2.2494,Emily Blunt,19.2777,Action,Crime,Lionsgate,Black Label Media,Sicario,R,9,0,Lionsgate,580594.0,-29419406.0
1604,2015,15000000,93,0,Christopher Landon,0.9686,Tye Sheridan,1.7145,Comedy,Horror,Broken Road Productions,Brucks Entertainment,General,R,10,0,Paramount Pictures,2521219.0,-12478781.0
1605,2015,245000000,136,1,J.J. Abrams,1.4739,Harrison Ford,6.6538,Adventure,Action,Lucasfilm Ltd.,Bad Robot,Star Wars,PG-13,12,1,,,
1606,2015,5000000,94,0,M. Night Shyamalan,2.3284,Olivia DeJonge,1.1087,Horror,Thriller,Blumhouse Productions,Blinding Edge Pictures,General,PG-13,9,0,Universal Pictures,30998320.0,25998320.0
1607,2015,60000000,124,0,David O. Russell,0.5148,Jennifer Lawrence,5.6721,Drama,Comedy,Fox 2000 Pictures,Annapurna Pictures,General,PG-13,12,1,Twentieth Century Fox,28310094.0,-31689906.0
1608,2015,30000000,123,0,Antoine Fuqua,0.6658,Jake Gyllenhaal,7.9386,Action,Drama,Fuqua Films,Escape Artists,General,R,3,0,The Weinstein Company,24057485.0,-5942515.0
1609,2015,160000000,137,1,Francis Lawrence,1.872,Jennifer Lawrence,5.6721,Action,Adventure,Lionsgate,Color Force,The Hunger Games,PG-13,11,1,Lionsgate,146540534.0,-13459466.0
1610,2015,36000000,93,1,Steve Pink,0.5919,Rob Corddry,1.0182,Comedy,,Paramount Pictures,Metro-Goldwyn-Mayer,Hot Tub Time Machine,R,2,0,Paramount Pictures,7867533.0,-28132467.0
1611,2015,2300000,101,1,David Robert Mitchell,0.8324,Maika Monroe,2.5424,Horror,Mystery,Two Flints,Northern Lights Films,It Follows,R,2,0,RADiUS-TWC,220663.0,-2079337.0
1612,2015,25000000,112,0,Lee Toland Krieger,0.1722,Blake Lively,3.3428,Romance,Fantasy,Lakeshore Entertainment,Sidney Kimmel Entertainment,General,PG-13,4,0,Lionsgate,17174118.0,-7825882.0
1613,2015,2000000,90,1,Sheldon Wilson,0.1171,Stephanie Hunt,0.5867,Horror,TV Movie,Sonar Entertainment,Lighthouse Pictures,The Hollow,NR,10,0,,,
1614,2015,155000000,126,1,Alan Taylor,0.6197,Emilia Clarke,6.7421,Science Fiction,Action,Paramount Pictures,Skydance Media,Terminator Genisys,PG-13,6,0,Paramount Pictures,49884090.0,-105115910.0
1615,2015,28000000,131,0,Adam McKay,1.2573,Steve Carell,4.2116,Comedy,Drama,Paramount Pictures,Regency Enterprises,General,R,12,1,Paramount Pictures,941404.0,-27058596.0
1616,2015,135000000,157,0,Alejandro González Iñárritu,1.1616,Leonardo DiCaprio,7.7581,Western,Drama,Monarchy Enterprises S.a.r.l.,Regency Enterprises,General,R,12,1,Twentieth Century Fox,872519.0,-134127481.0
1617,2015,190000000,139,1,James Wan,1.9086,Vin Diesel,9.8318,Action,Crime,Original Film,One Race,Furious,PG-13,4,0,Universal Pictures,191930470.0,1930470.0
1618,2015,75000000,116,0,Guy Ritchie,2.8818,Henry Cavill,7.6605,Comedy,Action,Wigram Productions,Davis Entertainment,General,PG-13,8,0,Warner Bros.,19216840.0,-55783160.0
1619,2015,44000000,188,0,Quentin Tarantino,3.8346,Samuel L. Jackson,9.6371,Drama,Mystery,The Weinstein Company,Double Feature Films,General,R,12,1,The Weinstein Company,13339210.0,-30660790.0
1620,2015,175000000,93,0,Peter Sohn,0.6663,Frances McDormand,2.4503,Adventure,Animation,Pixar,,General,PG,11,1,Walt Disney Studios Motion Pictures,58392056.0,-116607944.0
1621,2015,4000000,94,0,Brian A. Miller,0.334,Jason Patric,1.6248,Action,Crime,Hollywood Media Bridge,Zero Gravity Management,General,NR,6,0,,,
1622,2015,10000000,97,1,Ciarán Foy,0.5717,James Ransone,1.2374,Horror,,Tank Caterpillar,Blumhouse Productions,Sinister,R,8,0,Focus Features,13861602.0,3861602.0
1623,2015,35000000,121,0,Nancy Meyers,0.8855,Robert De Niro,6.5125,Comedy,,Warner Bros. Pictures,RatPac Entertainment,General,PG-13,9,0,Warner Bros.,24903892.0,-10096108.0
1624,2015,100000000,122,0,Ron Howard,2.9724,Chris Hemsworth,7.7826,Thriller,Drama,Imagine Entertainment,Spring Creek Pictures,General,PG-13,12,1,Warner Bros.,15135095.0,-84864905.0
1625,2015,12000000,132,0,Christopher Menaul,0.4906,Haaz Sleiman,0.7441,TV Movie,Drama,Dune Films,Scott Free Productions,General,NR,4,0,,,
1626,2015,74000000,93,1,Paul Tibbitt,0.169,Tom Kenny,1.835,Family,Comedy,Paramount Animation,Paramount Pictures,The SpongeBob Movie,PG,1,0,Paramount Pictures,63132561.0,-10867439.0
1627,2015,80000000,89,1,Genndy Tartakovsky,0.5195,Adam Sandler,4.1529,Animation,Comedy,Columbia Pictures,Sony Pictures Animation,Hotel Transylvania,PG,9,0,Sony Pictures Releasing,57541765.0,-22458235.0
1628,2015,65000000,120,0,Paul Feig,0.9215,Melissa McCarthy,2.007,Action,Comedy,Chernin Entertainment,Feigco Entertainment,General,R,5,0,Twentieth Century Fox,40937244.0,-24062756.0
1629,2015,30000000,104,0,Doug Ellin,0.4564,Kevin Connolly,1.1087,Comedy,Drama,Closest to the Hole Productions,RatPac Entertainment,General,R,6,0,Warner Bros.,19921659.0,-10078341.0
1630,2015,28000000,96,0,Nima Nourizadeh,0.5227,Jesse Eisenberg,4.9929,Action,Comedy,Merced Media Partners,Lionsgate,General,R,8,0,Lionsgate,7688109.0,-20311891.0
1631,2015,110000000,114,0,Brad Peyton,0.3599,Dwayne Johnson,5.6007,Action,Drama,New Line Cinema,Village Roadshow Pictures,General,PG-13,5,0,Warner Bros.,72626201.0,-37373799.0
1632,2015,8500000,90,0,Jalmari Helander,0.8415,Samuel L. Jackson,9.6371,Action,Adventure,Bavaria Film Partners,Subzero Film Entertainment,General,PG-13,3,0,EuropaCorp,24752.0,-8475248.0
1633,2015,4000000,95,0,Henry Hobson,0.0623,Arnold Schwarzenegger,3.2463,Horror,Drama,Sly Predator,Lionsgate,General,PG-13,5,0,Roadside Attractions,177652.0,-3822348.0
1634,2015,61000000,131,1,Wes Ball,1.1809,Dylan O'Brien,6.1271,Science Fiction,Action,Temple Hill Entertainment,The Gotham Group,Maze Runner,PG-13,9,0,Twentieth Century Fox,37685572.0,-23314428.0
1635,2015,40000000,100,0,Etan Cohen,0.982,Will Ferrell,2.198,Comedy,,Gary Sanchez Productions,RatPac Entertainment,General,R,3,0,Warner Bros.,44087417.0,4087417.0
1636,2015,11000000,90,0,Jon Cassar,0.3104,Demi Moore,5.0484,Western,Action,Moving Pictures Media,Minds Eye Entertainment,General,R,9,0,,,
1637,2015,130000000,117,1,Peyton Reed,0.5581,Paul Rudd,3.0344,Science Fiction,Action,Marvel Studios,,Ant-Man,PG-13,7,0,Walt Disney Studios Motion Pictures,81310529.0,-48689471.0
1638,2015,50000000,96,1,Sean Anders,1.0064,Will Ferrell,2.198,Comedy,,Paramount Pictures,Gary Sanchez Productions,Daddy's Home,PG-13,12,1,Paramount Pictures,64684278.0,14684278.0
1639,2015,2000000,102,0,Marielle Heller,0.7801,Bel Powley,1.4541,Drama,Romance,Archer Gray,Cold Iron Pictures,General,R,8,0,,,
1640,2015,50000000,137,0,Daniel Espinosa,0.2069,Tom Hardy,10.2616,Crime,Thriller,Summit Entertainment,Worldview Entertainment,General,R,3,0,Lionsgate,882727.0,-49117273.0
1641,2015,25000000,95,0,Camille Delamarre,0.6306,Ed Skrein,2.8936,Action,Thriller,EuropaCorp,TF1 Films Production,General,PG-13,9,0,EuropaCorp,10643496.0,-14356504.0
1642,2015,20000000,96,0,Stephen S. Campanelli,0.5298,Olga Kurylenko,4.5424,Action,Crime,Thaba Media,UFA,General,NR,10,0,,,
1643,2015,5000000,103,0,John Erick Dowdle,0.6901,Owen Wilson,4.1783,Thriller,Action,Living Films,Bold Films,General,R,8,0,The Weinstein Company,11843927.0,6843927.0
1644,2015,150000000,131,1,Christopher McQuarrie,0.7084,Tom Cruise,8.76,Action,Adventure,Paramount Pictures,Bad Robot,Mission,PG-13,7,0,Paramount Pictures,79254207.0,-70745793.0
1645,2015,10000000,99,0,Eli Roth,1.505,Keanu Reeves,11.5062,Horror,Thriller,Sobras International Pictures,UFA,General,R,6,0,,,
1646,2015,15000000,119,0,Tom Hooper,0.4419,Eddie Redmayne,4.3591,Drama,,Pretty Pictures,Working Title Films,General,R,11,1,Focus Features,245732.0,-14754268.0
1647,2015,135000000,94,0,Tim Johnson,0.1442,Jim Parsons,1.7525,Fantasy,Comedy,DreamWorks Animation,,General,PG,3,0,Twentieth Century Fox,68230094.0,-66769906.0
1648,2015,11000000,104,0,Bill Condon,1.0483,Ian McKellen,3.9915,Drama,Crime,FilmNation Entertainment,BBC Film,General,PG,6,0,Roadside Attractions,3582879.0,-7417121.0
1649,2015,40000000,115,0,Kazuaki Kiriya,0.4525,Clive Owen,2.9839,Action,Adventure,Luka Productions,Route One Entertainment,General,R,4,0,,,
1650,2015,25000000,120,0,Patricia Riggen,0.338,Antonio Banderas,5.077,Drama,History,Phoenix Pictures,,General,PG-13,8,0,Warner Bros.,7660692.0,-17339308.0
1651,2015,20000000,99,0,Jason Friedberg,0.4102,Alex Ashbaugh,0.3731,Comedy,Action,The Safran Company,3 in the Box,General,PG-13,3,0,,,
1652,2015,35000,90,1,Andrew Jones,0.9001,Suzie Frances Garton,0.419,Horror,,North Bank Entertainment,,Robert,NR,8,0,,,
1653,2015,49000000,120,0,Neill Blomkamp,0.5274,Sharlto Copley,2.0236,Crime,Action,Columbia Pictures,MRC,General,R,3,0,Sony Pictures Releasing,17612761.0,-31387239.0
1654,2015,1000000,92,0,Brett Haley,0.6634,Blythe Danner,1.549,Drama,Comedy,Jeff Rice Films,Two Flints,General,PG-13,5,0,Bleecker Street Media,74973.0,-925027.0
1655,2015,110000000,119,1,Robert Schwentke,0.7224,Shailene Woodley,4.1002,Action,Science Fiction,Summit Entertainment,Red Wagon Entertainment,Insurgent,PG-13,3,0,,,
1656,2015,8000000,91,0,Elizabeth Allen Rosenbaum,0.3966,Nick Jonas,0.7944,Drama,Thriller,Roberi Media,Troika Pictures,General,R,5,0,,,
1657,2015,50000000,114,1,Jaume Collet-Serra,0.7757,Liam Neeson,7.5562,Action,Crime,RatPac Entertainment,Vertigo Entertainment,Run All Night,R,3,0,Warner Bros.,14606888.0,-35393112.0
1658,2015,100000,87,0,Sean Baker,1.2701,Kitana Kiki Rodriguez,0.122,Comedy,Drama,Through Films,Duplass Brothers Productions,General,R,7,0,,,
1659,2015,17000000,107,0,Jessie Nelson,0.5023,Diane Keaton,3.8559,Comedy,Family,Imagine Entertainment,Groundswell Productions,General,PG-13,11,1,Lionsgate,10994225.0,-6005775.0
1660,2015,40000000,141,0,Steven Spielberg,3.854,Tom Hanks,14.407,Thriller,Drama,TSG Entertainment,Amblin Entertainment,General,PG-13,10,0,Walt Disney Studios Motion Pictures,21216197.0,-18783803.0
1661,2015,8500000,100,0,Ari Sandel,0.4916,Mae Whitman,3.1552,Romance,Comedy,Wonderland Sound and Vision,CBS Films,General,PG-13,2,0,Lionsgate,12902975.0,4402975.0
1662,2015,1000000,80,0,Jason Stutter,0.4074,Jed Brophy,0.6809,Horror,Thriller,Centron Pictures,,General,R,10,0,,,
1663,2015,8000000,90,0,Daniel Alfredson,0.5554,Anthony Hopkins,3.8278,Thriller,Mystery,The Gotham Group,Enderby Entertainment,General,R,10,0,Electric Entertainment,27079.0,-7972921.0
1664,2015,1130000,91,0,Jared Cohn,0.5607,Charisma Carpenter,1.3173,Thriller,Drama,The Asylum,,General,NR,1,0,,,
1665,2015,11800000,118,0,Todd Haynes,0.742,Cate Blanchett,3.8576,Romance,Drama,Killer Films,Number 9 Films,General,R,11,1,The Weinstein Company,385249.0,-11414751.0
1666,2015,90000000,92,1,Walt Becker,0.1354,Jason Lee,2.3204,Family,Comedy,TSG Entertainment,Fox 2000 Pictures,Alvin and the Chipmunks,PG,12,1,Twentieth Century Fox,26705653.0,-63294347.0
1667,2015,1000000,87,0,Robert Gordon,0.592,Gore Vidal,0.5748,Documentary,History,Tremolo Productions,Media Ranch,General,NR,7,0,,,
1668,2015,3000000,89,0,Christian Sesma,0.2057,Jason Mewes,0.7881,Thriller,Action,Premiere Entertainment Group,,General,NR,3,0,,,
1669,2015,20000000,106,0,Alejandro Monteverde,0.275,Jakob Salvati,0.3372,Comedy,Drama,Santa Fe Films,Metanoia Films,General,PG-13,4,0,Open Road Films (II),3369615.0,-16630385.0
1670,2015,30000000,92,0,Simon West,0.9977,Jason Statham,18.2824,Thriller,Crime,SJ Pictures,SJ Heat Productions,General,R,1,0,,,
1671,2015,38000000,94,1,Andy Fickman,0.3789,Kevin James,4.0728,Action,Comedy,Columbia Pictures,Hey Eddie,Paul Blart,PG,4,0,Sony Pictures Releasing,28448184.0,-9551816.0
1672,2015,15000000,98,0,Michael Dougherty,0.5236,Adam Scott,2.2381,Horror,Comedy,Universal Pictures,Legendary Pictures,General,PG-13,11,1,Universal Pictures,20141330.0,5141330.0
1673,2015,35000000,91,0,Ken Scott,0.2281,Vince Vaughn,2.0753,Comedy,,New Regency Pictures,Escape Artists,General,R,3,0,Twentieth Century Fox,6377755.0,-28622245.0
1674,2015,6000000,90,0,Austin Stark,0.4159,Nicolas Cage,6.3482,Drama,,KGB Media,Paper Street Films,General,R,8,0,Rialto Pictures,7505.0,-5992495.0
1675,2015,10000000,96,0,Brian A. Miller,0.334,Ambyr Childers,0.8893,Thriller,Science Fiction,Grindstone Entertainment Group,EFO Films,General,R,1,0,Annapurna Pictures,19776167.0,9776167.0
1676,2015,26000000,101,0,David O. Russell,0.5148,Jessica Biel,6.8896,Romance,Comedy,Kjam Media,Persistent Entertainment,General,PG-13,2,0,,,
1677,2015,6000000,85,1,Toby Genkel,0.388,Callum Maloney,0.0892,Animation,Adventure,Moetion Films,Ulysses Filmproduktion,Ooops! Noah Is Gone...,G,3,0,,,
1678,2015,2000000,95,0,Ryan Gosling,7.8717,Christina Hendricks,3.5611,Drama,Fantasy,Bold Films,Marc Platt Productions,General,R,4,0,Warner Bros.,33050.0,-1966950.0
1679,2015,99000000,88,0,Steve Martino,0.2043,Noah Schnapp,6.8897,Comedy,Animation,Blue Sky Studios,20th Century Fox Animation,General,G,11,1,Twentieth Century Fox,58289856.0,-40710144.0
1680,2015,3250000,96,0,Michael G. Bartlett,0.1225,J. Michael Trautmann,0.7652,Thriller,Horror,Aunt Max Entertainment,Tiberius Film,General,NR,6,0,,,
1681,2015,25000000,101,0,Jonathan Levine,0.3281,Joseph Gordon-Levitt,3.7463,Comedy,Adventure,Good Universe,Point Grey Pictures,General,R,11,1,Sony Pictures Releasing,15902366.0,-9097634.0
1682,2015,8000000,91,0,Duke Johnson,0.4078,David Thewlis,3.5865,Animation,Drama,Starburns Industries,Snoot Entertainment,General,R,12,1,Paramount Pictures,238788.0,-7761212.0
1683,2015,3400000,118,0,Nathan Frankowski,0.1814,Kat Dennings,5.2586,Drama,Music,Noble Pictures,Two Streets Entertainment,General,PG-13,3,0,,,
1684,2015,29000000,115,1,Elizabeth Banks,3.4881,Anna Kendrick,4.3959,Comedy,Music,Brownstone Productions,Gold Circle Films,Pitch Perfect,PG-13,5,0,Universal Pictures,87486595.0,58486595.0
1685,2015,23000000,101,0,Jeremy Garelick,0.7726,Kevin Hart,6.0233,Comedy,,Screen Gems,LStar Capital,General,R,1,0,Screen Gems,28076500.0,5076500.0
1686,2015,9600000,125,0,James Vanderbilt,1.0786,Cate Blanchett,3.8576,Drama,,Mythology Entertainment,Dirty Films,General,R,10,0,Sony Pictures Classics,,
1687,2015,15000000,100,0,Barry Levinson,0.9426,Bill Murray,2.315,Comedy,Music,Shangri-La Entertainment,QED International,General,R,10,0,Open Road Films (II),2075771.0,-12924229.0
1688,2015,31000000,99,0,John Francis Daley,1.5181,Ed Helms,1.3708,Comedy,Adventure,New Line Cinema,BenderSpink,General,R,7,0,Warner Bros.,25026916.0,-5973084.0
1689,2015,55000000,119,0,Guillermo del Toro,6.6062,Mia Wasikowska,2.8525,Horror,Mystery,Double Dare You,Legendary Pictures,General,R,10,0,Universal Pictures,16890775.0,-38109225.0
1690,2015,10000000,97,1,Leigh Whannell,1.2703,Stefanie Scott,1.2221,Horror,Thriller,Blumhouse Productions,Entertainment One,Insidious,PG-13,5,0,Focus Features,30070581.0,20070581.0
1691,2015,1420000,123,0,Spike Lee,1.2793,Stephen Tyrone Williams,0.7207,Drama,Horror,40 Acres and a Mule Filmworks,,General,NR,2,0,,,
1692,2015,9500000,87,0,Valeri Milev,0.3925,Roger Cross,0.9374,Horror,Science Fiction,After Dark Films,Signature Pictures,General,R,10,0,,,
1693,2015,20000000,113,0,Gilles Paquet-Brenner,0.2188,Charlize Theron,5.0947,Thriller,Mystery,Denver & Delilah Productions,Mandalay Vision,General,R,4,0,,,
1694,2015,90000000,106,1,Breck Eisner,0.3683,Vin Diesel,9.8318,Action,Adventure,NeoReel,Summit Entertainment,The Last Witch Hunter,PG-13,10,0,Lionsgate,13862861.0,-76137139.0
1695,2015,1000000,92,0,Chris Sparling,0.7254,William Mapother,1.5114,Horror,,Poznan Film Group,The Safran Company,General,NR,1,0,,,
1696,2015,58000000,103,1,Rob Letterman,0.4577,Jack Black,5.4901,Adventure,Horror,Original Film,Scholastic Entertainment,Goosebumps,PG,8,0,Sony Pictures Releasing,28212142.0,-29787858.0
1697,2015,600000,78,0,Paul Weitz,0.9314,Lily Tomlin,0.9441,Comedy,Drama,1821 Pictures,Depth of Field,General,R,6,0,Sony Pictures Classics,,
1698,2015,100000000,99,0,Gary Rydstrom,0.8896,Alan Cumming,2.3029,Music,Animation,Lucasfilm Ltd.,Lucasfilm Animation,General,PG,1,0,Walt Disney Studios Motion Pictures,6458120.0,-93541880.0
1699,2015,10000000,122,1,John Madden,0.5875,Dev Patel,2.2607,Drama,Comedy,Fox Searchlight Pictures,Participant,The Second Best Exotic Marigold Hotel,PG,2,0,Fox Searchlight Pictures,12360265.0,2360265.0
1700,2015,3000000,69,0,J.G. Quintel,1.1,J.G. Quintel,1.1,Animation,Comedy,Cartoon Network Studios,,General,NR,9,0,,,
1701,2015,120000000,100,0,Josh Trank,0.5032,Miles Teller,4.2421,Action,Adventure,20th Century Fox,Constantin Film,General,PG-13,8,0,Twentieth Century Fox,111373710.0,-8626290.0
1702,2015,4000000,91,0,Rob Cohen,0.5285,Jennifer Lopez,3.938,Thriller,,Smart Entertainment,Blumhouse Productions,General,R,1,0,Universal Pictures,18591335.0,14591335.0
1703,2015,12000000,109,0,Jake Schreier,0.4085,Nat Wolff,2.0427,Mystery,Drama,Fox 2000 Pictures,Temple Hill Entertainment,General,PG-13,6,0,Twentieth Century Fox,19216439.0,7216439.0
1704,2015,2000000,84,0,Kyle Rankin,0.479,Maria Thayer,1.1928,Comedy,Horror,Tiberius Film,,General,NR,5,0,,,
1705,2015,35000000,87,0,Anne Fletcher,0.6359,Reese Witherspoon,3.5603,Action,Comedy,New Line Cinema,Pacific Standard,General,PG-13,5,0,Warner Bros.,17724293.0,-17275707.0
1706,2015,395292,85,1,Hal Hartley,0.261,Aubrey Plaza,4.0469,Drama,,Possible Films,,Ned Rifle,NR,4,0,,,
1707,2015,1300000,81,0,Keith Arem,0.0389,Yuri Lowenthal,1.3373,Horror,Thriller,Concourse Media,PCB Entertainment,General,NR,6,0,,,
1708,2015,1950000,90,1,William Kaufman,0.6686,Mike Mizanin,0.4838,Action,,WWE Studios,,The Marine 4,R,4,0,,,
1709,2015,55000000,121,0,Baltasar Kormákur,0.5055,Jason Clarke,3.1098,Adventure,Drama,Cross Creek Pictures,Working Title Films,General,PG-13,9,0,Universal Pictures,10039805.0,-44960195.0
1710,2015,1000000,138,1,Mark Neale,0.0336,Brad Pitt,9.031,Documentary,,First Movie Companie,,Hitting the Apex,NR,9,0,,,
1711,2015,20000000,129,0,Tom McCarthy,1.2804,Mark Ruffalo,5.1981,Drama,History,Participant,Anonymous Content,General,R,11,1,Open Road Films (II),446770.0,-19553230.0
1712,2015,5000000,89,0,Wych Kaosayananda,0.1191,Dustin Nguyễn,1.0398,Thriller,Action,Lionsgate Home Entertainment,Zero Tolerance Films,General,R,9,0,,,
1713,2015,50100000,105,0,Glenn Ficarra,0.3557,Will Smith,6.4346,Romance,Comedy,K & S Films,RatPac Entertainment,General,R,2,0,Warner Bros.,24553496.0,-25546504.0
1714,2015,8900000,93,0,Scott Mann,0.4765,Jeffrey Dean Morgan,6.9416,Action,Crime,Silver Plane Films,EFO Films,General,R,11,1,,,
1715,2015,20000000,106,0,Alejandro Amenábar,1.4173,Ethan Hawke,8.4233,Horror,Mystery,Mod Producciones,First Generation Films,General,R,10,0,Dimension Films,50776.0,-19949224.0
1716,2015,12000000,109,0,Jake Schreier,0.4085,Nat Wolff,2.0427,Mystery,Drama,Fox 2000 Pictures,Temple Hill Entertainment,General,PG-13,6,0,Twentieth Century Fox,19216439.0,7216439.0
1717,2015,4000000,90,1,Doug Campbell,1.1051,Eric Roberts,3.9631,Thriller,TV Movie,Johnson Production Group,Lifetime,Stalked by My Doctor,PG-13,12,1,,,
1718,2015,2000000,97,0,Jerry Jameson,0.3722,Kate Mara,5.2444,Crime,Drama,Itaca Films,BN Films,General,PG-13,9,0,Paramount Pictures,1780676.0,-219324.0
1719,2015,35000000,96,1,Aleksander Bach,0.0577,Rupert Friend,3.1259,Action,Crime,Daybreak Productions,Prime Universe Productions,Hitman,R,8,0,Twentieth Century Fox,11420731.0,-23579269.0
1720,2015,74000000,91,1,Kyle Balda,0.7196,Sandra Bullock,7.9497,Family,Animation,Illumination,Universal Pictures,Minions,PG,6,0,Universal Pictures,166491710.0,92491710.0
1721,2015,70000000,133,0,Michael Mann,1.3612,Chris Hemsworth,7.7826,Crime,Thriller,Legendary Pictures,Forward Pass,General,R,1,0,Universal Pictures,5429150.0,-64570850.0
1722,2015,1000000,83,0,Alex Winter,3.2689,Anthony Padilla,0.9166,Adventure,Comedy,Awesomeness Films,YouTube,General,PG-13,7,0,,,
1723,2015,1500000,90,1,Gregory Hatanaka,0.1264,Mathew Karedas,0.2157,Action,Comedy,Cinema Epoch,CineRidge Entertainment,Samurai Cop 2,R,10,0,,,
1724,2015,4999,80,0,Leah Meyerhoff,0.0143,Natalia Dyer,12.2047,Drama,,ICM Partners,,General,NR,5,0,,,
1725,2015,30000000,118,0,Jason Moore,0.253,Amy Poehler,1.6278,Comedy,,Little Stranger,,General,R,12,1,Universal Pictures,23266540.0,-6733460.0
1726,2015,6000000,137,0,Cary Joji Fukunaga,0.603,Abraham Attah,0.9834,Drama,War,Participant,Red Crown Productions,General,R,9,0,Bleecker Street Media,70289.0,-5929711.0
1727,2015,105000000,114,0,Ericson Core,0.6992,Edgar Ramírez,2.0852,Action,Adventure,Studio Babelsberg,Alcon Entertainment,General,PG-13,12,1,Warner Bros.,15584535.0,-89415465.0
1728,2015,28000000,147,0,F. Gary Gray,0.577,LaKeith Stanfield,2.6452,Drama,Music,Broken Chair Flickz,Universal Pictures,General,R,8,0,Universal Pictures,84723470.0,56723470.0
1729,2015,2300000,115,0,Jon Gunn,0.985,Tracy Melchior,0.4925,Drama,,Toy Gun Films,Believe Entertainment,General,PG-13,3,0,Pure Flix Entertainment,4901559.0,2601559.0
1730,2015,18000000,100,0,Jonathan Demme,0.9719,Meryl Streep,3.1563,Comedy,Drama,LStar Capital,Clinica Estetico,General,PG-13,7,0,TriStar Pictures,10085717.0,-7914283.0
1731,2015,15000000,128,0,Werner Herzog,0.9606,Nicole Kidman,8.5751,Drama,Adventure,Benaroya Pictures,120dB Films,General,NR,9,0,,,
1732,2015,13500000,129,0,Roland Emmerich,0.8237,Jeremy Irvine,1.7752,Drama,History,Centropolis Entertainment,Lionsgate,General,R,9,0,Roadside Attractions,154597.0,-13345403.0
1733,2015,500000,80,0,Branden Kramer,0.1485,Ashley Benson,1.2829,Drama,Horror,Start Motion Pictures,,General,NR,1,0,,,
1734,2015,14500000,119,0,Thomas Vinterberg,0.4378,Carey Mulligan,2.8127,Drama,Romance,DNA Films,BBC Film,General,PG-13,4,0,Fox Searchlight Pictures,240160.0,-14259840.0
1735,2015,1500000,94,1,Sean Cisterna,0.4831,Ana Golja,0.578,History,Drama,Carmel Creek Productions,,Full Out,NR,9,0,,,
1736,2015,34000000,128,0,George Tillman Jr.,0.3631,Britt Robertson,2.9756,Drama,Romance,Fox 2000 Pictures,Temple Hill Entertainment,General,PG-13,4,0,Twentieth Century Fox,16660516.0,-17339484.0
1737,2015,53000000,123,0,Scott Cooper,1.0419,Johnny Depp,6.5752,Drama,Crime,Vendian Entertainment,Infinitum Nihil,General,R,9,0,Warner Bros.,31098179.0,-21901821.0
1738,2015,8000000,104,0,Ken Kwapis,0.2197,Robert Redford,2.6545,Adventure,Comedy,Wildwood Enterprises,Route One Entertainment,General,R,9,0,Broad Green Pictures,13927832.0,5927832.0
1739,2015,7000000,103,0,Rick Famuyiwa,0.272,Shameik Moore,1.4372,Crime,Drama,Revolt Films,Significant Productions,General,R,6,0,Open Road Films (II),8914378.0,1914378.0
1740,2015,25000000,98,0,Gavin O'Connor,0.603,Natalie Portman,5.7498,Western,Action,1821 Pictures,Handsomecharlie Films,General,R,12,1,The Weinstein Company,1259761.0,-23740239.0
1741,2015,10000000,87,1,Gregory Plotkin,0.3667,Chris J. Murray,0.6364,Horror,Thriller,Blumhouse Productions,Paramount Pictures,Paranormal Activity,R,10,0,Paramount Pictures,10119623.0,119623.0
1742,2015,40000000,110,0,Paul McGuigan,0.3336,James McAvoy,3.6316,Drama,Science Fiction,Davis Entertainment,Moving Picture Company,General,PG-13,11,1,Twentieth Century Fox,4020761.0,-35979239.0
1743,2015,1800000,133,0,S. Craig Zahler,0.6029,Kurt Russell,3.6054,Western,Horror,Caliber Media Company,The Fyzz,General,NR,10,0,,,
1744,2015,13000000,91,0,Mark Neveldine,0.378,Olivia Taylor Dudley,1.2767,Thriller,Horror,Lionsgate,Lakeshore Entertainment,General,R,7,0,Lionsgate,1206373.0,-11793627.0
1745,2015,13000000,118,0,Lenny Abrahamson,0.218,Brie Larson,3.8046,Drama,Thriller,Téléfilm Canada,Element Pictures,General,R,10,0,,,
1746,2015,8000000,112,0,Ramin Bahrani,0.7152,Andrew Garfield,5.3592,Drama,,Noruz Films,Hyde Park Entertainment,General,R,9,0,Broad Green Pictures,,
1747,2015,11000000,95,0,Woody Allen,1.2222,Joaquin Phoenix,5.028,Drama,Comedy,Perdido Productions,Gravier Productions,General,R,7,0,,,
1748,2015,3000000,89,0,Hank Braxtan,0.4763,James Remar,3.7215,Action,Horror,August Heart Entertainment,,General,NR,10,0,,,
1749,2015,2000000,89,0,Derick Martini,0.3634,Bella Heathcote,2.9831,Thriller,Mystery,Myriad Pictures,AliBella Pictures,General,NR,8,0,,,
1750,2015,270,92,0,Bruce Marchiano,0.5548,Chanel Marriott,0.2314,Drama,,MarchMin Films,,General,NR,6,0,,,
1751,2015,60000000,119,0,Frank Coraci,0.4821,Adam Sandler,4.1529,Western,Comedy,Happy Madison Productions,,General,PG-13,12,1,,,
1752,2015,4400000,85,0,Peter DeLuise,0.9878,Dove Cameron,3.423,Comedy,Horror,EveryWhere Studios,,General,PG,9,0,,,
1753,2015,7000000,95,0,Jorge Michel Grau,0.4543,Bella Thorne,2.8736,Drama,Thriller,Papagjika Salloway Productions,Manis Film,General,NR,8,0,,,
1754,2015,12000000,100,0,David M. Rosenthal,0.27,Sanaa Lathan,3.2071,Drama,Thriller,Screen Gems,Rocklin / Faust,General,PG-13,9,0,Screen Gems,31710472.0,19710472.0
1755,2015,8245,86,0,Marya Cohn,0.0668,Emily VanCamp,2.6814,Drama,,Varient Busted Buggy Entertainmen,,General,NR,6,0,Freestyle Releasing,8245.0,0.0
1756,2015,7500000,104,0,Ernie Barbarash,0.5029,Jean-Claude Van Damme,7.5435,Action,,Rodin Entertainment,Odyssey Media,General,R,5,0,,,
1757,2015,1500000,88,0,Sean Cain,0.1824,Ray Wise,1.493,Action,Science Fiction,Little Dragon Productions,,General,NR,1,0,,,
1758,2015,26000000,117,0,Tarsem Singh,1.0854,Ryan Reynolds,5.6859,Science Fiction,Action,Ram Bergman Productions,Endgame Entertainment,General,PG-13,7,0,Focus Features,8063157.0,-17936843.0
1759,2015,10000000,84,1,Douglas Barr,1.0168,Lori Loughlin,0.897,TV Movie,Family,Muse Entertainment,MarVista Entertainment,Northpole,NR,11,1,,,
1760,2015,37000000,105,0,Cameron Crowe,0.9349,Bradley Cooper,3.143,Drama,Comedy,Vinyl Films,Scott Rudin Productions,General,PG-13,5,0,Sony Pictures Releasing,13041804.0,-23958196.0
1761,2015,850000,80,0,Ilinca Calugareanu,0.0677,Irina Margareta Nistor,0.0143,Documentary,History,Impact Partners,Vernon Films,General,NR,11,1,,,
1762,2015,35000000,125,0,Judd Apatow,1.3011,Amy Schumer,2.9388,Comedy,Romance,Apatow Productions,Universal Pictures,General,R,7,0,Universal Pictures,44245025.0,9245025.0
1763,2015,3000000,120,0,Alex Kendrick,0.3981,Karen Abercrombie,0.7695,Drama,,FaithStep Films,Affirm Films,General,PG,8,0,TriStar Pictures,15313458.0,12313458.0
1764,2015,35000000,93,1,Gil Kenan,0.7812,Sam Rockwell,3.1889,Horror,,TSG Entertainment,Ghost House Pictures,Poltergeist,PG-13,5,0,Twentieth Century Fox,30466646.0,-4533354.0
1765,2015,35000000,93,1,Gil Kenan,0.7812,Sam Rockwell,3.1889,Horror,,TSG Entertainment,Ghost House Pictures,Poltergeist,PG-13,5,0,Twentieth Century Fox,30466646.0,-4533354.0
1766,2015,60000000,107,0,David Koepp,0.637,Johnny Depp,6.5752,Comedy,Adventure,Lionsgate,Mad Chance,General,R,1,0,Lionsgate,5419265.0,-54580735.0
1767,2015,150000000,111,0,Joe Wright,1.8202,Levi Miller,1.7807,Fantasy,Adventure,Moving Picture Company,Berlanti Productions,General,PG,9,0,Warner Bros.,19878183.0,-130121817.0
1768,2015,12000000,123,0,Jon Erwin,0.166,C. Thomas Howell,2.4933,Drama,,Sony Pictures,,General,PG,10,0,Pure Flix Entertainment,5374648.0,-6625352.0
1769,2015,5000000,121,0,Michael Polish,0.2563,Kate Bosworth,2.9648,Drama,,Giving Films,EFO Films,General,PG-13,9,0,The Samuel Goldwyn Company,2742296.0,-2257704.0
1770,2015,3500000,72,1,Ethan Spaulding,0.3417,Sean Astin,3.7634,Science Fiction,Action,DC Entertainment,Warner Bros. Animation,Justice League,PG-13,1,0,,,
1771,2015,12000000,106,0,Dean Israelite,0.3034,Jonny Weston,0.7738,Science Fiction,Thriller,Insurge Pictures,Paramount Pictures,General,PG-13,1,0,Paramount Pictures,10428640.0,-1571360.0
1772,2015,250000,99,0,Steve Wolsh,0.2445,Lachlan Buchanan,0.5683,Horror,,WithAnO Productions,Universal Studios Sound Facilities,General,NR,3,0,,,
1773,2015,14800000,115,1,Gregory Jacobs,0.155,Channing Tatum,4.8758,Comedy,Drama,Warner Bros. Pictures,Iron Horse Entertainment,Magic Mike XXL,R,7,0,Warner Bros.,33445880.0,18645880.0
1774,2015,5000000,99,0,Stephen Herek,0.2956,Sophie Nélisse,1.3601,Comedy,Drama,Arcady Bay Entertainment,Inkling Entertainment,General,PG,10,0,,,
1775,2015,3500000,66,0,Vince Marcello,0.8188,Rahart Adams,0.4844,Comedy,TV Movie,Pacific Bay Entertainment Canada,Pacific Bay Entertainment,General,G,10,0,,,
1776,2015,2300000,97,0,Shyam Madiraju,0.1079,Jessica Lowndes,1.9091,Thriller,Drama,Ombra Films,Perlapartment Pictures,General,R,9,0,Liberation Entertainment,1339219.0,-960781.0
1777,2015,100000,81,1,Travis Cluff,0.9175,Reese Mishler,0.4671,Horror,Thriller,Tremendum Pictures,New Line Cinema,The Gallows,R,7,0,Warner Bros.,14001591.0,13901591.0
1778,2015,700000,87,0,Anna Mastro,0.1635,Andrew J. West,0.8759,Drama,Comedy,Unknown,,General,NR,3,0,,,
1779,2015,3000000,90,0,Michael Polish,0.2563,Kate Bosworth,2.9648,Thriller,Mystery,Infra-Red Pictures,,General,R,8,0,,,
1780,2015,5300000,85,1,Craig Moss,0.241,Danny Trejo,3.2121,Comedy,Action,Sense and Sensibility Ventures,Silver Nitrate,Bad Asses on the Bayou,R,3,0,,,
1781,2015,600000,84,0,Jim Wynorski,0.9807,Dominique Swain,1.5172,TV Movie,Science Fiction,CineTel Films,CALUV Films,General,NR,11,1,,,
1782,2015,16000000,102,0,Drake Doremus,0.2478,Nicholas Hoult,8.1208,Drama,Romance,Infinite Studios,Freedom Media,General,PG-13,7,0,,,
1783,2015,40000000,115,0,Pierre Morel,0.5911,Sean Penn,3.9757,Action,Drama,StudioCanal,Silver Pictures,General,R,2,0,Open Road Films (II),6764865.0,-33235135.0
1784,2015,500000,90,0,Jack Heller,0.2239,Katherine Waterston,2.0773,Mystery,Thriller,Caliber Media Company,,General,R,2,0,,,
1785,2015,1500000,85,0,Adam Massey,0.2705,Chris Diamantopoulos,1.3991,Thriller,Science Fiction,Darius Films,,General,NR,11,1,,,
1786,2015,5000000,88,0,Kevin Carraway,0.089,Michael Jai White,5.316,Thriller,Adventure,Hollywood Media Bridge,Clear Lake Entertainment,General,R,8,0,,,
1787,2015,20000000,118,0,Angelo Pizzo,0.0457,Aaron Eckhart,3.0806,Drama,,Paul Schiff Productions,Anthem Productions,General,PG,11,1,,,
1788,2015,1900000,89,0,Jamal Hill,0.2762,Keke Palmer,5.2858,Drama,,Unknown,,General,NR,4,0,Freestyle Releasing,325213.0,-1574787.0
1789,2015,350000,99,0,John R. Walker,0.5728,Monèle LeStrat,0.0256,Horror,,Scrapfilms,,General,NR,6,0,,,
1790,2015,20000000,111,1,Boaz Yakin,0.829,Thomas Haden Church,1.5269,Adventure,Drama,Reel Chefs Catering,Sunswept Entertainment,Max,PG,6,0,Warner Bros.,18760777.0,-1239223.0
1791,2015,5000000,108,0,Joel Edgerton,4.394,Joel Edgerton,4.394,Thriller,Mystery,Blumhouse Productions,Blue-Tongue Films,General,R,7,0,STX Entertainment,17077323.0,12077323.0
1792,2015,3000000,98,0,Anthony Burns,0.0931,Katherine Heigl,3.6931,Comedy,Thriller,Passcode Entertainment,Darko Entertainment,General,R,3,0,,,
1793,2015,5000000,119,0,Jon M. Chu,2.3895,Aubrey Shea,0.7642,Drama,Music,Blumhouse Productions,Chu Studios,General,PG,10,0,Universal Pictures,1640830.0,-3359170.0
1794,2015,1500000,97,0,Tara Subkoff,0.5059,Chloë Sevigny,2.509,Crime,Horror,AST Studios,Lowland Pictures,General,NR,11,1,,,
1795,2015,30000000,122,0,Danny Boyle,1.36,Michael Fassbender,3.7679,Drama,History,Scott Rudin Productions,Legendary Pictures,General,R,10,0,Universal Pictures,710481.0,-29289519.0
1796,2015,15000000,124,0,Jay Roach,0.7561,Bryan Cranston,4.7305,Drama,,Shivhans Pictures,Groundswell Productions,General,R,10,0,Bleecker Street Media,105957.0,-14894043.0
1797,2015,14000000,106,0,Florian Gallenberger,0.2795,Emma Watson,9.1905,Drama,History,Majestic Filmproduktion,Rat Pack Filmproduktion,General,R,6,0,,,
1798,2015,35000000,123,0,Robert Zemeckis,1.7739,Joseph Gordon-Levitt,3.7463,History,Drama,TriStar Pictures,LStar Capital,General,PG,9,0,TriStar Pictures,2370846.0,-32629154.0
1799,2015,1000000,92,0,Ken Sanzel,0.1773,Ryan Kwanten,1.0652,Action,Drama,ETA films,Voltage Pictures,General,NR,10,0,,,
1800,2015,35000000,123,0,Peter Landesman,0.666,Will Smith,6.4346,Drama,,Village Roadshow Pictures,Columbia Pictures,General,PG-13,11,1,Sony Pictures Releasing,17420369.0,-17579631.0
1801,2015,15000000,98,0,Kyle Newman,0.1984,Hailee Steinfeld,4.7444,Action,Comedy,RKO Pictures,RatPac Entertainment,General,PG-13,4,0,,,
1802,2015,11000000,94,0,Daniel Benmayor,0.6716,Taylor Lautner,2.6379,Action,,Cowtown Cinema Ventures,Temple Hill Entertainment,General,PG-13,1,0,,,
1803,2015,5000000,91,0,Oren Peli,0.5264,Frank Novak,0.5272,Horror,Mystery,Insurge Pictures,Blumhouse Productions,General,R,5,0,,,
1804,2015,250000,86,1,Aaron Hann,0.0431,Julie Benz,3.0048,Horror,Science Fiction,Votiv Films,Taggart Productions,Circle,NR,5,0,,,
1805,2015,22400000,116,0,Gabriele Muccino,0.8758,Amanda Seyfried,7.4833,Drama,,Andrea Leone Films,Fear of God Films,General,R,10,0,,,
1806,2015,10000000,107,0,Dan Fogelman,0.7227,Al Pacino,3.8854,Music,Comedy,Shivhans Pictures,Big Indie Pictures,General,R,3,0,Bleecker Street Media,96969.0,-9903031.0
1807,2015,16000000,102,0,Drake Doremus,0.2478,Nicholas Hoult,8.1208,Drama,Romance,Infinite Studios,Freedom Media,General,PG-13,7,0,,,
1808,2015,447524,101,0,Jarrad Paul,0.6079,Jack Black,5.4901,Comedy,Drama,Rip Cord Productions,Ealing Studios,General,R,5,0,IFC Films,420000.0,-27524.0
1809,2015,10000000,122,0,Angelina Jolie,14.7538,Angelina Jolie,14.7538,Drama,Romance,Pellikola,Plan B Entertainment,General,R,11,1,Universal Pictures,127597.0,-9872403.0
1810,2015,19000000,115,0,Edward Zwick,0.8714,Tobey Maguire,4.2016,Thriller,Drama,Gail Katz Productions,PalmStar Media,General,PG-13,9,0,Bleecker Street Media,255039.0,-18744961.0
1811,2015,875,85,1,Israel Luna,0.0661,Justin Armstrong,0.0859,Horror,,La Luna Entertainment,,The Ouija Experiment 2,NR,1,0,,,
1812,2015,2000000,97,0,Ryan Travis,0.0071,Federico Clapis,0.0495,Science Fiction,Adventure,Webstar Channel,Pulse Films,General,NR,10,0,,,
1813,2015,3000000,80,0,Isaac Florentine,0.4991,Scott Adkins,5.6607,Action,Crime,Entropy,Bleiberg Entertainment,General,NR,11,1,,,
1814,2015,3300000,83,0,David Gelb,0.5568,Mark Duplass,1.6683,Horror,Science Fiction,Lionsgate,Blumhouse Productions,General,PG-13,1,0,Relativity Media,12300316.0,9000316.0
1815,2015,1000000,110,0,Levan Bakhia,0.3362,Sterling Knight,1.3809,Action,Crime,Scatena & Rosner Films,Sarke Studio,General,NR,3,0,,,
1816,2015,21000000,90,0,Jon Wright,0.6435,Ben Kingsley,2.8673,Science Fiction,Adventure,Umbra Telegraph Pictures,BFI,General,PG-13,1,0,,,
1817,2015,10000000,94,0,David Hackl,0.2168,James Marsden,2.833,Action,Horror,Purple Pictures,Indomitable Entertainment,General,R,2,0,,,
1818,2015,10000000,120,0,Bill Pohlad,0.141,Paul Dano,3.0444,Drama,Music,John Wells Productions,River Road Entertainment,General,PG-13,5,0,Roadside Attractions,3008611.0,-6991389.0
1819,2015,190000,95,0,Jason Aron,0.3876,Michael J. Fox,2.5927,Documentary,,Malka Media Group,Jason Aron Media,General,PG,10,0,,,
1820,2015,495000,85,0,Adam Salky,0.3005,Sarah Silverman,1.7407,Drama,,Koppelman-Levien,Egoli Tossell Film,General,R,10,0,,,
1821,2015,2000000,92,0,Jerry Dugan,0.0168,Dolph Lundgren,4.9853,Thriller,,Parkside Pictures,FLF Films,General,NR,10,0,,,
1822,2015,28000000,107,0,David Gordon Green,0.4867,Sandra Bullock,7.9497,Comedy,Drama,Participant,Smokehouse Pictures,General,R,9,0,Warner Bros.,4500632.0,-23499368.0
1823,2015,200000,87,0,Stephen Cone,0.3321,Cole Doman,0.6009,Drama,,Cone Arts,Chicago Media Project,General,NR,12,1,,,
1824,2015,10000000,97,0,Noah Baumbach,1.1125,Ben Stiller,3.8913,Comedy,Drama,Scott Rudin Productions,IAC Films,General,R,3,0,A24,,
1825,2015,6000000,83,1,Kevin O'Neill,0.1069,Casper Van Dien,1.8269,Science Fiction,Horror,New Horizons Picture,Anchor Bay Entertainment,Sharktopus vs. Whalewolf,NR,7,0,,,
1826,2015,7000000,94,0,Jackie Earle Haley,2.6901,Dan Stevens,3.1824,Thriller,Crime,NeeNee Productions,Capacity Pictures,General,R,11,1,,,
1827,2015,50000,75,0,Derek Savage,0.8634,Vivica A. Fox,1.7641,Comedy,Crime,Cool Cat Productions,,General,NR,2,0,,,
1828,2015,800000,88,0,Jon Watts,0.8295,Kevin Bacon,4.4867,Crime,Thriller,End Cue,Park Pictures Features,General,R,7,0,Focus World,35339.0,-764661.0
1829,2015,1000000,95,0,Michael Showalter,0.3784,Sally Field,3.9415,Comedy,Drama,Red Crown Productions,Haven Entertainment,General,R,11,1,Roadside Attractions,117667.0,-882333.0
1830,2015,7000000,103,0,Peter Sollett,0.1836,Julianne Moore,5.586,Romance,Drama,Double Feature Films,High Frequency Entertainment,General,PG-13,10,0,Lionsgate,50054.0,-6949946.0
1831,2015,7100000,108,0,Ryan Fleck,0.2438,Ben Mendelsohn,2.8384,Comedy,Drama,Electric City Entertainment,Sycamore Pictures,General,R,7,0,,,
1832,2015,12000000,112,0,Anton Corbijn,0.3361,Robert Pattinson,5.3095,Drama,,See-Saw Films,Barry Films,General,R,9,0,Sony Pictures Releasing,16744239.0,4744239.0
1833,2015,3000000,84,0,Will Canon,0.211,Dustin Milligan,2.0379,Thriller,Horror,Icon Entertainment International,Dimension Films,General,R,2,0,IFC Films,54482.0,-2945518.0
1834,2015,3000000,103,0,Marco van Belle,0.1223,Kirk Barker,0.2323,Fantasy,,Myrrdin,,General,PG-13,4,0,,,
1835,2015,4000000,97,0,David Gordon Green,0.4867,Al Pacino,3.8854,Drama,,Worldview Entertainment,Rough House Pictures,General,PG-13,6,0,,,
1836,2015,2500000,87,0,Benni Diez,0.0611,Matt O'Leary,0.8252,Horror,Comedy,Rat Pack Filmproduktion,XYZ Films,General,NR,7,0,,,
1837,2015,5000000,96,0,Meg Ryan,2.0736,Sam Shepard,1.434,Drama,,Pilothouse Pictures,Apple Lane Productions,General,PG,10,0,,,
1838,2015,10000,97,0,Joel Potrykus,0.0409,Joshua Burge,0.2055,Comedy,Drama,Oscilloscope,Sob Noisse Movies,General,NR,3,0,,,
1839,2016,150000000,109,1,Byron Howard,2.0656,Ginnifer Goodwin,6.9886,Animation,Adventure,Walt Disney Animation Studios,,Zootopia,PG,2,0,Walt Disney Studios Motion Pictures,92615126.0,-57384874.0
1840,2016,120000000,129,1,Jon M. Chu,2.3895,Jesse Eisenberg,4.9929,Thriller,Crime,Summit Entertainment,K/O Paper Products,Now You See Me,PG-13,6,0,Lionsgate,31712529.0,-88287471.0
1841,2016,20000000,110,0,Thea Sharrock,0.467,Emilia Clarke,6.7421,Drama,Romance,New Line Cinema,Sunswept Entertainment,General,PG-13,6,0,Warner Bros.,27612578.0,7612578.0
1842,2016,30000000,129,0,Damien Chazelle,1.1285,Ryan Gosling,7.8717,Comedy,Drama,Summit Entertainment,Gilbert Films,General,PG-13,12,1,Lionsgate,1240166.0,-28759834.0
1843,2016,58000000,108,1,Tim Miller,1.0214,Ryan Reynolds,5.6859,Action,Adventure,20th Century Fox,The Donners' Company,Deadpool,R,2,0,Twentieth Century Fox,180394887.0,122394887.0
1844,2016,47000000,116,0,Denis Villeneuve,2.2494,Amy Adams,5.3101,Drama,Science Fiction,FilmNation Entertainment,Lava Bear Films,General,PG-13,11,1,Paramount Pictures,31570799.0,-15429201.0
1845,2016,250000000,147,1,Joe Russo,0.5991,Chris Evans,4.899,Adventure,Action,Marvel Studios,,Captain America,PG-13,4,0,Walt Disney Studios Motion Pictures,223329078.0,-26670922.0
1846,2016,250000000,152,1,Zack Snyder,5.3725,Ben Affleck,10.0095,Action,Adventure,Warner Bros. Pictures,RatPac Entertainment,Batman v Superman,PG-13,3,0,Warner Bros.,209072793.0,-40927207.0
1847,2016,40000000,139,0,Mel Gibson,4.9984,Andrew Garfield,5.3592,Drama,History,Summit Entertainment,Pandemonium,General,R,10,0,Lionsgate,21489321.0,-18510679.0
1848,2016,40000000,134,1,James Wan,1.9086,Vera Farmiga,6.1041,Horror,,New Line Cinema,The Safran Company,The Conjuring,R,6,0,Warner Bros.,56175086.0,16175086.0
1849,2016,60000000,118,1,Edward Zwick,0.8714,Tom Cruise,8.76,Action,Drama,Skydance Media,Huahua Media,Jack Reacher,PG-13,10,0,Paramount Pictures,30129177.0,-29870823.0
1850,2016,170000000,113,1,James Bobin,0.7809,Mia Wasikowska,2.8525,Adventure,Family,Legend3D,Walt Disney Pictures,Alice Through the Looking Glass,PG,5,0,Walt Disney Studios Motion Pictures,40081597.0,-129918403.0
1851,2016,73000000,97,1,Clay Kaytis,1.2173,Jason Sudeikis,3.7303,Animation,Adventure,Columbia Pictures,Rovio Entertainment,The Angry Birds Movie,PG,5,0,Sony Pictures Releasing,47653309.0,-25346691.0
1852,2016,25000000,95,0,Jared Hess,1.1654,Zach Galifianakis,5.769,Action,Comedy,Broadway Video,Relativity Media,General,PG-13,9,0,Relativity Media,8688325.0,-16311675.0
1853,2016,180000000,115,1,Scott Derrickson,1.3249,Benedict Cumberbatch,6.3234,Fantasy,Adventure,Marvel Studios,,Doctor Strange,PG-13,10,0,Walt Disney Studios Motion Pictures,109982169.0,-70017831.0
1854,2016,165000000,120,1,Roland Emmerich,0.8237,Liam Hemsworth,4.6884,Action,Adventure,20th Century Fox,TSG Entertainment,Independence Day,PG-13,6,0,Twentieth Century Fox,56157073.0,-108842927.0
1855,2016,50000000,144,0,Michael Bay,12.8671,John Krasinski,6.0673,War,Action,Paramount Pictures,3 Arts Entertainment,General,R,1,0,,,
1856,2016,110000000,120,1,Robert Schwentke,0.7224,Shailene Woodley,4.1002,Adventure,Science Fiction,Mandeville Films,Summit Entertainment,Allegiant,PG-13,3,0,,,
1857,2016,125000000,92,1,Mike Mitchell,0.7056,Anna Kendrick,4.3959,Family,Animation,DreamWorks Animation,,Trolls,PG,10,0,Twentieth Century Fox,58964315.0,-66035685.0
1858,2016,100000,84,1,Michael J. Gallagher,0.5485,Logan Paul,0.9592,Thriller,Drama,Cinemand,Legendary Digital Media,The Thinning,NR,10,0,,,
1859,2016,140000000,127,0,Alex Proyas,0.9095,Nikolaj Coster-Waldau,3.668,Action,Adventure,Thunder Road,Pyramania,General,PG-13,2,0,Lionsgate,17848320.0,-122151680.0
1860,2016,3800000,88,0,John Krasinski,6.0673,John Krasinski,6.0673,Comedy,Drama,Sunday Night Productions,Sycamore Pictures,General,PG-13,8,0,,,
1861,2016,50000000,107,0,Rawson Marshall Thurber,0.4084,Dwayne Johnson,5.6007,Action,Comedy,New Line Cinema,Bluegrass Films,General,PG-13,6,0,Warner Bros.,50932458.0,932458.0
1862,2016,175000000,106,0,Jon Favreau,3.4142,Neel Sethi,1.4959,Family,Adventure,Walt Disney Pictures,Fairview Entertainment,General,PG,4,0,Walt Disney Studios Motion Pictures,130674426.0,-44325574.0
1863,2016,180000000,133,1,David Yates,1.0555,Eddie Redmayne,4.3591,Fantasy,Adventure,Heyday Films,Warner Bros. Pictures,Fantastic Beasts and Where to Find Them,PG-13,11,1,Warner Bros.,110927553.0,-69072447.0
1864,2016,4480393,93,0,Alexandros Avranas,0.6333,Jim Carrey,6.4951,Drama,Thriller,RatPac Entertainment,Gerson Film,General,R,10,0,,,
1865,2016,60000000,90,1,Ash Brannon,0.2291,Luke Wilson,1.4664,Animation,Adventure,Dream Factory Group,Reel FX Creative Studios,Rock Dog,PG,7,0,Lionsgate,4434298.0,-55565702.0
1866,2016,10000000,110,0,Kieran Darcy-Smith,0.2538,Woody Harrelson,6.0845,Western,Drama,Media House Capital,26 Films,General,PG-13,6,0,,,
1867,2016,5000000,95,0,Walter Hill,0.6962,Michelle Rodriguez,3.7307,Action,Crime,SBS Productions,Lone Wolf,General,R,6,0,,,
1868,2016,75000000,108,1,Garth Jennings,0.5621,Matthew McConaughey,9.2816,Family,Comedy,Illumination,,Sing,PG,11,1,Universal Pictures,93059795.0,18059795.0
1869,2016,175000000,122,1,David Ayer,1.0222,Will Smith,6.4346,Action,Adventure,Warner Bros. Pictures,RatPac Entertainment,Suicide Squad,PG-13,8,0,Warner Bros.,161087183.0,-13912817.0
1870,2016,70000000,109,0,Nic Mathieu,0.2902,James Badge Dale,1.3086,Science Fiction,Thriller,Mid Atlantic Films,Legendary Pictures,General,PG-13,12,1,,,
1871,2016,110000000,127,0,Tim Burton,2.9308,Eva Green,10.5737,Fantasy,Adventure,Chernin Entertainment,Tim Burton Productions,General,PG-13,9,0,Twentieth Century Fox,36053483.0,-73946517.0
1872,2016,178000000,144,1,Bryan Singer,0.7757,James McAvoy,3.6316,Action,Adventure,The Donners' Company,Bad Hat Harry Productions,X-Men,PG-13,5,0,Twentieth Century Fox,94173232.0,-83826768.0
1873,2016,10000000,111,0,Ross Katz,0.5944,Benjamin Walker,0.8767,Drama,Romance,Lionsgate,Nicholas Sparks Productions,General,PG-13,2,0,Lionsgate,8009551.0,-1990449.0
1874,2016,20000000,92,0,James Watkins,1.046,Idris Elba,5.7282,Action,,StudioCanal,Vendôme Pictures,General,R,4,0,,,
1875,2016,4000000,93,0,Phil Joanou,0.276,Jessica Alba,7.4425,Horror,,Blumhouse Productions,Universal Pictures,General,NR,4,0,,,
1876,2016,8000000,95,0,Paco Cabezas,0.1362,Sam Rockwell,3.1889,Comedy,Romance,Circle of Confusion,3311 Productions,General,R,2,0,Focus World,34694.0,-7965306.0
1877,2016,25000000,127,0,Theodore Melfi,0.9022,Taraji P. Henson,2.7581,Drama,History,Fox 2000 Pictures,Levantine Films,General,PG,12,1,Twentieth Century Fox,1986956.0,-23013044.0
1878,2016,24000000,139,0,Denzel Washington,6.0583,Denzel Washington,6.0583,Drama,,Paramount Pictures,Scott Rudin Productions,General,PG-13,12,1,Paramount Pictures,191515.0,-23808485.0
1879,2016,44000000,128,1,Gavin O'Connor,0.603,Ben Affleck,10.0095,Crime,Thriller,Zero Gravity Management,Electric City Entertainment,The Accountant,R,10,0,Warner Bros.,33895381.0,-10104619.0
1880,2016,100000000,125,0,Timur Bekmambetov,0.8659,Jack Huston,2.8266,Action,History,Metro-Goldwyn-Mayer,Paramount Pictures,General,PG-13,8,0,Paramount Pictures,15022877.0,-84977123.0
1881,2016,40000,98,0,Jonathan Straiton,0.0589,Rebecca C. Kasek,0.9772,Comedy,Horror,Hurricane Bridge Entertainment,Virtual InterActive Inc.,General,NR,4,0,,,
1882,2016,90000000,132,0,Antoine Fuqua,0.6658,Denzel Washington,6.0583,Adventure,Action,Metro-Goldwyn-Mayer,Columbia Pictures,General,PG-13,9,0,Sony Pictures Releasing,45905901.0,-44094099.0
1883,2016,145000000,95,1,Jennifer Yuh Nelson,0.4609,Jack Black,5.4901,Animation,Action,DreamWorks Animation,China Film Group Corporation,Kung Fu Panda,PG,1,0,Twentieth Century Fox,48050957.0,-96949043.0
1884,2016,20,87,0,Stephen Kemp,0.3994,Addison Timlin,2.1286,Drama,TV Movie,Unknown,,General,NR,9,0,,,
1885,2016,40000000,99,1,Dennis Gansel,1.0708,Jason Statham,18.2824,Action,Crime,Davis Films,ME2 Productions,Mechanic,R,8,0,Lionsgate,10142786.0,-29857214.0
1886,2016,4000000,92,0,Robert Eggers,1.6807,Anya Taylor-Joy,12.1144,Horror,Fantasy,Very Special Projects,Parts & Labor,General,R,2,0,A24,11608529.0,7608529.0
1887,2016,60000000,96,0,Clint Eastwood,4.2252,Tom Hanks,14.407,Drama,History,Warner Bros. Pictures,Malpaso Productions,General,PG-13,9,0,Warner Bros.,48541351.0,-11458649.0
1888,2016,2700000,91,0,Bryan Bertino,0.8959,Zoe Kazan,1.3082,Horror,Drama,Atlas Independent,Unbroken Pictures,General,R,11,1,A24,11124.0,-2688876.0
1889,2016,19000000,89,0,Greg Tiernan,0.9749,Seth Rogen,6.1304,Adventure,Animation,Columbia Pictures,Annapurna Pictures,General,R,7,0,Sony Pictures Releasing,43632153.0,24632153.0
1890,2016,12000000,102,0,David Mackenzie,0.9562,Jeff Bridges,3.8008,Western,Crime,Sidney Kimmel Entertainment,Film 44,General,R,8,0,Lionsgate,877687.0,-11122313.0
1891,2016,27000000,98,0,Jodie Foster,5.9869,George Clooney,5.2692,Thriller,Drama,TriStar Pictures,LStar Capital,General,R,5,0,TriStar Pictures,20023647.0,-6976353.0
1892,2016,200000000,97,1,Andrew Stanton,1.3372,Albert Brooks,1.6351,Adventure,Animation,Pixar,,Finding Dory,PG,6,0,Walt Disney Studios Motion Pictures,213317902.0,13317902.0
1893,2016,8000000,104,0,Bruce Beresford,0.5397,Eddie Murphy,4.9959,Drama,,Shenghua Entertainment,Cinelou Films,General,PG-13,9,0,Freestyle Releasing,493881.0,-7506119.0
1894,2016,200000000,133,0,Gareth Edwards,0.4276,Felicity Jones,5.126,Action,Adventure,Lucasfilm Ltd.,,General,PG-13,12,1,Walt Disney Studios Motion Pictures,221999674.0,21999674.0
1895,2016,3000000,100,1,Don Michael Paul,1.1237,Chad Michael Collins,1.5459,Action,Drama,UFO International Productions,Destination Films,Sniper,R,8,0,,,
1896,2016,10000000,101,0,Jean-Marc Vallée,0.3654,Jake Gyllenhaal,7.9386,Comedy,Drama,Sidney Kimmel Entertainment,Mr. Mudd,General,R,4,0,Fox Searchlight Pictures,1529019.0,-8470981.0
1897,2016,3200000,100,0,Lorene Scafaria,0.6011,Susan Sarandon,2.9987,Comedy,Drama,Anonymous Content,,General,PG-13,4,0,,,
1898,2016,150000000,103,0,Zhang Yimou,1.7791,Matt Damon,15.403,Action,Adventure,Universal Pictures,Atlas Entertainment,General,PG-13,12,1,Universal Pictures,25705640.0,-124294360.0
1899,2016,50000000,114,0,Todd Phillips,0.923,Miles Teller,4.2421,Comedy,Crime,The Mark Gordon Company,Joint Effort,General,R,8,0,Warner Bros.,20502687.0,-29497313.0
1900,2016,60000000,99,1,Babak Najafi,0.4503,Gerard Butler,8.5815,Action,Thriller,Millennium Media,Gramercy Pictures,London Has Fallen,R,3,0,Focus Features,28182052.0,-31817948.0
1901,2016,29000000,91,0,Ben Falcone,1.1077,Melissa McCarthy,2.007,Comedy,,Universal Pictures,On the Day,General,R,4,0,Universal Pictures,30181910.0,1181910.0
1902,2016,9000000,99,1,Mike Flanagan,1.6771,Parker Mack,0.8922,Horror,,Platinum Dunes,Universal Pictures,Ouija,PG-13,10,0,Universal Pictures,17568625.0,8568625.0
1903,2016,17000000,111,0,David E. Talbert,0.2648,Kimberly Elise,1.1329,Comedy,Drama,Will Packer Productions,Universal Pictures,General,PG-13,11,1,Universal Pictures,18380740.0,1380740.0
1904,2016,20000000,107,0,Kevin Reynolds,1.0792,Joseph Fiennes,2.6486,Action,Adventure,Patrick Aiello Productions,Affirm Films,General,PG-13,2,0,Sony Pictures Releasing,15703747.0,-4296253.0
1905,2016,35000000,91,1,Anna Foerster,0.3005,Kate Beckinsale,10.0026,Fantasy,Action,Lakeshore Entertainment,Screen Gems,Underworld,R,11,1,Screen Gems,18116118.0,-16883882.0
1906,2016,140000000,117,0,Steven Spielberg,3.854,Mark Rylance,1.2937,Adventure,Family,Walt Disney Pictures,Amblin Entertainment,General,PG,6,0,Walt Disney Studios Motion Pictures,31134762.0,-108865238.0
1907,2016,180000000,109,0,David Yates,1.0555,Alexander Skarsgård,3.4987,Fantasy,Action,Village Roadshow Pictures,Dark Horse Entertainment,General,PG-13,6,0,Warner Bros.,60797712.0,-119202288.0
1908,2016,15000000,120,0,Taylor Hackford,0.9139,Robert De Niro,6.5125,Comedy,,Anvil Films,Cinelou Films,General,R,12,1,Sony Pictures Classics,13857.0,-14986143.0
1909,2016,10000000,109,1,James DeMonaco,0.63,Elizabeth Mitchell,2.9035,Action,Horror,Why Not Productions,Universal Pictures,The Purge,R,6,0,Universal Pictures,46410275.0,36410275.0
1910,2016,35000000,92,1,Nicholas Stoller,0.5501,Seth Rogen,6.1304,Comedy,,Perfect World Pictures,Point Grey Pictures,Neighbors 2,R,5,0,Universal Pictures,29236580.0,-5763420.0
1911,2016,3500000,108,0,Bryan Buckley,0.132,Melissa Rauch,2.3706,Drama,Comedy,Duplass Brothers Productions,,General,R,1,0,Sony Pictures Classics,130000.0,-3370000.0
1912,2016,105000000,95,1,Mike Thurmeier,0.4477,Ray Romano,1.7068,Adventure,Animation,Blue Sky Studios,20th Century Fox Animation,Ice Age,PG,6,0,Twentieth Century Fox,31609623.0,-73390377.0
1913,2016,50000000,116,0,Shane Black,0.9573,Russell Crowe,4.5456,Comedy,Crime,Silver Pictures,Waypoint Entertainment,General,R,5,0,Warner Bros.,15363672.0,-34636328.0
1914,2016,38000000,110,0,Christian Ditter,0.2939,Dakota Johnson,9.3955,Comedy,Romance,New Line Cinema,Metro-Goldwyn-Mayer,General,R,2,0,Warner Bros.,23543633.0,-14456367.0
1915,2016,300000,82,0,Gregg Bishop,0.7434,Chase Williamson,0.6778,Horror,Thriller,Blue Falcon Productions,Chiller Films,General,NR,12,1,,,
1916,2016,185000000,122,1,Justin Lin,0.7866,Chris Pine,3.2276,Action,Adventure,Skydance Media,Paramount Pictures,Star Trek Beyond,PG-13,7,0,Paramount Pictures,81720378.0,-103279622.0
1917,2016,18000000,112,0,Jeff Nichols,0.6699,Michael Shannon,3.5204,Adventure,Drama,Faliro House Productions,Tri-State Pictures,General,PG-13,2,0,Warner Bros.,261180.0,-17738820.0
1918,2016,20000000,94,0,Jericca Cleland,0.0486,James Arnold Taylor,0.6639,Action,Adventure,Blockade Entertainment,CNHK Media China,General,PG,4,0,Focus Features,5633633.0,-14366367.0
1919,2016,3500000,163,0,Andrea Arnold,0.9101,Sasha Lane,1.4044,Drama,,BFI,Maven Screen Media,General,R,9,0,A24,96550.0,-3403450.0
1920,2016,10500000,99,0,Max Adams,0.3041,Bruce Willis,4.9534,Action,Crime,Mann Made Films,Lionsgate Premiere,General,R,7,0,,,
1921,2016,7000000,118,0,Nicolas Winding Refn,0.7459,Elle Fanning,27.711,Horror,Thriller,Wild Bunch,Gaumont,General,R,5,0,Broad Green Pictures,961693.0,-6038307.0
1922,2016,20000000,111,0,Jonathan Jakubowicz,0.3763,Edgar Ramírez,2.0852,Drama,,La Piedra Films,Fuego Films,General,R,8,0,The Weinstein Company,2417207.0,-17582793.0
1923,2016,8000000,80,0,Adam Alleca,0.2939,Thomas Jane,2.8827,Thriller,Drama,First Point Entertainment,Goldrush Entertainment,General,R,2,0,,,
1924,2016,144000000,117,0,Paul Feig,0.9215,Kristen Wiig,2.6299,Action,Fantasy,Ghost Corps,Columbia Pictures,General,PG-13,7,0,Sony Pictures Releasing,65256739.0,-78743261.0
1925,2016,15000000,124,0,Mira Nair,1.3916,Madina Nalwanga,0.6073,Drama,,Cine Mosaic,Mirabai Films,General,PG,9,0,Walt Disney Studios Motion Pictures,403009.0,-14596991.0
1926,2016,120000000,123,1,Paul Greengrass,1.2285,Matt Damon,15.403,Action,Adventure,The Kennedy/Marshall Company,Captivate Entertainment,Jason Bourne,PG-13,7,0,Universal Pictures,80706020.0,-39293980.0
1927,2016,125000000,104,0,Chris Wedge,0.5184,Lucas Till,2.2414,Action,Comedy,Nickelodeon Movies,Disruption Entertainment,General,PG,12,1,Paramount Pictures,15611554.0,-109388446.0
1928,2016,9900000,89,1,Fede Álvarez,0.3897,Stephen Lang,3.0722,Horror,Thriller,Screen Gems,Stage 6 Films,Don't Breathe,R,6,0,Screen Gems,35423952.0,25523952.0
1929,2016,144000000,117,0,Paul Feig,0.9215,Kristen Wiig,2.6299,Action,Fantasy,Ghost Corps,Columbia Pictures,General,PG-13,7,0,Sony Pictures Releasing,65256739.0,-78743261.0
1930,2016,18000000,92,0,Chuck Russell,0.4911,John Travolta,3.7668,Action,Crime,Hannibal Classics,Patriot Pictures,General,R,4,0,,,
1931,2016,11500000,102,0,Dan Mazer,0.3523,Robert De Niro,6.5125,Comedy,,Covert Media,Lionsgate,General,R,1,0,Lionsgate,15246010.0,3746010.0
1932,2016,20000000,133,0,Derek Cianfrance,0.2983,Michael Fassbender,3.7679,Drama,Romance,DreamWorks Pictures,Reliance Entertainment,General,PG-13,9,0,Walt Disney Studios Motion Pictures,7611026.0,-12388974.0
1933,2016,25000000,127,0,Warren Beatty,1.0743,Warren Beatty,1.0743,Romance,Comedy,Tatira,Shangri-La Entertainment,General,PG-13,11,1,Twentieth Century Fox,2509679.0,-22490321.0
1934,2016,20000000,120,0,Stephen Gaghan,0.2808,Matthew McConaughey,9.2816,Adventure,Drama,Living Films,Black Bear Pictures,General,R,2,0,The Weinstein Company,4775328.0,-15224672.0
1935,2016,3200000,92,0,Guy-Roger Duvert,0.1383,Mike Dopud,0.5955,Science Fiction,,Lidderdalei Productions,,General,NR,10,0,,,
1936,2016,300000,76,0,Nicolas Pesce,0.4961,Kika Magalhães,0.5952,Drama,Horror,Tandem Pictures,Borderline Presents,General,R,12,1,Magnolia Pictures,,
1937,2016,40000000,113,0,Ang Lee,1.4533,Joe Alwyn,2.2677,Drama,War,Bona Film Group,The Ink Factory,General,R,11,1,TriStar Pictures,156611.0,-39843389.0
1938,2016,1500000,99,0,Fin Edquist,0.1115,Sara West,0.6746,Thriller,Drama,Kmunications,,General,NR,8,0,,,
1939,2016,5000000,96,0,Johannes Roberts,0.3291,Sarah Wayne Callies,3.4856,Horror,Thriller,Pindrop,Kriti Productions,General,R,2,0,Twentieth Century Fox,1610780.0,-3389220.0
1940,2016,110000000,107,0,Peter Berg,1.3308,Mark Wahlberg,13.7743,Drama,Action,Summit Entertainment,Participant,General,PG-13,9,0,Lionsgate,26768388.0,-83231612.0
1941,2016,75000000,121,1,Ron Howard,2.9724,Tom Hanks,14.407,Mystery,Thriller,Columbia Pictures,Imagine Entertainment,Inferno,PG-13,10,0,Sony Pictures Releasing,19807930.0,-55192070.0
1942,2016,10000000,97,0,Jon Cassar,0.3104,Morris Chestnut,2.3305,Drama,Thriller,Unique Features,Screen Gems,General,PG-13,9,0,Screen Gems,17172732.0,7172732.0
1943,2016,115000000,114,1,Cedric Nicolas-Troyan,0.4808,Chris Hemsworth,7.7826,Action,Adventure,Roth Films,Universal Pictures,The Huntsman,PG-13,4,0,Universal Pictures,24596025.0,-90403975.0
1944,2016,50000000,140,0,Gary Ross,0.6313,Matthew McConaughey,9.2816,Action,Drama,STXfilms,Huayi Brothers Pictures,General,R,6,0,STX Entertainment,11065711.0,-38934289.0
1945,2016,10000000,91,0,Mandie Fletcher,0.1525,Jennifer Saunders,1.483,Comedy,,British Film Company,Fox Searchlight Pictures,General,R,7,0,Fox Searchlight Pictures,2566568.0,-7433432.0
1946,2016,750000,91,0,H.M. Coakley,0.1952,Sean Faris,1.2049,Thriller,Crime,Datari Turner Productions,,General,R,1,0,,,
1947,2016,10000000,92,0,Stewart Hendler,0.2077,Ben Winchell,0.3986,Action,Adventure,Dolphin Entertainment,Ingenious Media,General,PG-13,10,0,Open Road Films (II),2751057.0,-7248943.0
1948,2016,60000000,102,0,Travis Knight,1.3758,Art Parkinson,1.2862,Animation,Adventure,LAIKA,,General,PG,8,0,Focus Features,17011378.0,-42988622.0
1949,2016,135000000,112,1,Dave Green,0.6806,Pete Ploszek,0.5817,Action,Adventure,5150 Action,Paramount Pictures,Teenage Mutant Ninja Turtles,PG-13,6,0,Paramount Pictures,46239783.0,-88760217.0
1950,2016,7000000,86,1,Trevor Wall,0.6215,Rob Schneider,2.9797,Adventure,Animation,Lionsgate,Splash Entertainment,Norm of the North,PG,1,0,Lionsgate,10196203.0,3196203.0
1951,2016,15000000,104,0,Dan Trachtenberg,1.0767,John Goodman,2.9597,Thriller,Science Fiction,Bad Robot,,General,PG-13,3,0,Paramount Pictures,32676639.0,17676639.0
1952,2016,20000000,86,0,Akiva Schaffer,0.8737,Andy Samberg,4.8276,Comedy,Music,Apatow Productions,The Lonely Island,General,R,6,0,Universal Pictures,6631280.0,-13368720.0
1953,2016,15000000,115,0,John Lee Hancock,0.5985,Michael Keaton,2.9912,Drama,History,Speedie Distribution,FilmNation Entertainment,General,PG-13,11,1,The Weinstein Company,4533236.0,-10466764.0
1954,2016,10000000,110,0,James Franco,4.3541,James Franco,4.3541,Drama,,Thats Hollywood,Rabbit Bandini Productions,General,R,10,0,,,
1955,2016,28000000,127,0,Brad Furman,0.6188,Bryan Cranston,4.7305,Crime,Drama,Good Films Collective,,General,R,7,0,Broad Green Pictures,7992727.0,-20007273.0
1956,2016,22500000,116,0,Tom Ford,0.4636,Amy Adams,5.3101,Drama,Thriller,Fade To Black,Artina Films,General,R,11,1,Focus Features,853570.0,-21646430.0
1957,2016,38000000,112,0,J Blakeson,0.6326,Chloë Grace Moretz,4.9924,Science Fiction,Adventure,LStar Capital,Columbia Pictures,General,PG-13,1,0,Sony Pictures Releasing,13188149.0,-24811851.0
1958,2016,110000000,116,0,Morten Tyldum,0.5836,Jennifer Lawrence,5.6721,Drama,Romance,Columbia Pictures,Village Roadshow Pictures,General,PG-13,12,1,Sony Pictures Releasing,35864236.0,-74135764.0
1959,2016,2000000,120,0,William Kaufman,0.6686,Johnny Strong,1.0424,Action,Horror,Carolina Film Works,Indigo Pictures,General,NR,4,0,,,
1960,2016,18500000,120,0,Cyrus Nowrasteh,0.3897,Adam Greaves-Neal,0.9173,Drama,,Ocean Blue Entertainment,CJ Entertainment,General,PG-13,3,0,Focus Features,4312355.0,-14187645.0
1961,2016,4900000,81,0,David F. Sandberg,0.5309,Teresa Palmer,3.0672,Horror,,New Line Cinema,Atomic Monster,General,PG-13,7,0,Warner Bros.,32067032.0,27167032.0
1962,2016,40000000,105,0,Greg Mottola,0.4481,Jon Hamm,4.2569,Action,Comedy,Parkes+MacDonald Image Nation,Fox 2000 Pictures,General,PG-13,10,0,Twentieth Century Fox,7404313.0,-32595687.0
1963,2016,4000000,111,0,Barry Jenkins,0.4703,Trevante Rhodes,1.4247,Drama,,A24,Plan B Entertainment,General,R,10,0,A24,570793.0,-3429207.0
1964,2016,75000000,86,1,Chris Renaud,0.6278,Louis C.K.,0.763,Family,Comedy,Illumination,Universal Pictures,The Secret Life of Pets,PG,6,0,Universal Pictures,152587865.0,77587865.0
1965,2016,15000000,92,0,D.J. Caruso,0.4507,Kate Beckinsale,10.0026,Horror,Thriller,Relativity Media,,General,R,9,0,Relativity Media,1840776.0,-13159224.0
1966,2016,2000000,91,0,Daniel Zirilli,0.4251,Steven Seagal,3.1614,Action,Crime,Kaos Entertainment,Parkside Pictures,General,R,5,0,,,
1967,2016,2000000,107,0,Kelly Reichardt,0.7126,Laura Dern,3.4795,Drama,,filmscience,,General,R,9,0,,,
1968,2016,7500000,87,0,Keoni Waxman,0.3217,Steven Seagal,3.1614,Action,Crime,Actionhouse Pictures,Grindstone Entertainment Group,General,R,9,0,,,
1969,2016,9000000,138,0,Kenneth Lonergan,0.2002,Casey Affleck,3.1493,Drama,,Pearl Street Films,K Period Media,General,R,11,1,Roadside Attractions,401639.0,-8598361.0
1970,2016,250000,50,0,Jeremy Konner,0.3796,Johnny Depp,6.5752,Comedy,TV Movie,Funny or Die,,General,NR,2,0,,,
1971,2016,40000000,134,0,Oliver Stone,4.0771,Joseph Gordon-Levitt,3.7463,Drama,History,KrautPack Entertainment,Vendian Entertainment,General,R,9,0,Open Road Films (II),10994226.0,-29005774.0
1972,2016,5000000,118,0,Matt Ross,0.8016,Viggo Mortensen,2.9793,Adventure,Drama,Electric City Entertainment,Shivhans Pictures,General,R,7,0,Bleecker Street Media,128820.0,-4871180.0
1973,2016,3500000,72,1,Jay Oliva,0.3872,Jason O'Mara,1.1883,Science Fiction,Action,Warner Bros. Animation,DC Entertainment,Batman,PG-13,1,0,,,
1974,2016,9000000,95,0,John Schultz,0.2263,Sabrina Carpenter,7.454,Comedy,Family,"Bad Angels Productions, Ltd.",,General,G,6,0,,,
1975,2016,45000000,112,0,Tate Taylor,0.7234,Emily Blunt,19.2777,Crime,Mystery,Reliance Entertainment,DreamWorks Pictures,General,R,10,0,Universal Pictures,34583595.0,-10416405.0
1976,2016,17000000,86,0,Jaume Collet-Serra,0.7757,Blake Lively,3.3428,Horror,Drama,Columbia Pictures,Ombra Films,General,PG-13,6,0,Sony Pictures Releasing,26251647.0,9251647.0
1977,2016,20000000,100,1,Scott Moore,0.7414,Mila Kunis,6.5315,Comedy,,STXfilms,Huayi Brothers Pictures,Bad Moms,R,7,0,STX Entertainment,36846830.0,16846830.0
1978,2016,90000000,133,0,Terry George,0.3458,Oscar Isaac,6.0141,History,Romance,Babieka Films,Wonderful Films,General,PG-13,12,1,Warner Independent Pictures (WIP),6024278.0,-83975722.0
1979,2016,5,106,0,Ron Howard,2.9724,Paul McCartney,0.9332,Documentary,Music,Imagine Entertainment,Apple Corps,General,NR,9,0,Abramorama,993565.0,993560.0
1980,2016,70000000,86,0,Doug Sweetland,0.1549,Andy Samberg,4.8276,Adventure,Animation,RatPac Entertainment,Warner Animation Group,General,PG,9,0,Warner Bros.,25011274.0,-44988726.0
1981,2016,10000000,90,0,Keoni Waxman,0.3217,Steven Seagal,3.1614,Adventure,Action,Actionhouse Pictures,Daro Film Distribution,General,NR,12,1,,,
1982,2016,700000,88,0,Elizabeth Wood,0.0898,Morgan Saylor,2.8154,Drama,,Bank Street Films,Killer Films,General,NR,9,0,,,
1983,2016,6000000,116,0,Ben Younger,0.2195,Miles Teller,4.2421,Drama,,Sikelia Productions,Younger Than You,General,R,11,1,Open Road Films (II),3303704.0,-2696296.0
1984,2016,31500000,113,0,Ariel Vromen,0.2077,Ryan Reynolds,5.6859,Action,Crime,BenderSpink,Campbell Grobman Films,General,R,4,0,Lionsgate,7764486.0,-23735514.0
1985,2016,13500000,90,0,Vincent Kesteloot,0.6806,Ilka Bessin,0.1601,Animation,Adventure,uFilm,StudioCanal,General,PG,2,0,,,
1986,2016,106000000,124,0,Robert Zemeckis,1.7739,Brad Pitt,9.031,Action,Drama,Paramount Pictures,GK Films,General,R,11,1,Paramount Pictures,20086868.0,-85913132.0
1987,2016,10000000,88,0,Knate Gwaltney,0.275,Thomas Haden Church,1.5269,Drama,,MJW Films,Night & Day Pictures,General,NR,9,0,,,
1988,2016,150000000,107,1,John Musker,0.6183,Auliʻi Cravalho,1.9249,Adventure,Comedy,Walt Disney Animation Studios,,Moana,PG,10,0,Walt Disney Studios Motion Pictures,87593183.0,-62406817.0
1989,2016,20000000,92,0,Michael Tiddes,0.7047,Marlon Wayans,3.4424,Romance,Comedy,Wayans Alvarez Productions,IM Global,General,R,1,0,Open Road Films (II),7290620.0,-12709380.0
1990,2016,300000,84,0,Jackson Stewart,0.7513,Graham Skipper,0.8942,Adventure,Horror,Lodger Films,Easy Open Productions,General,NR,12,1,,,
1991,2016,1500000,113,0,Brian Baugh,0.5821,Masey McLain,0.5021,Drama,,Visible Pictures,All Entertainment,General,PG-13,10,0,Pure Flix Entertainment,1187984.0,-312016.0
1992,2016,3200000,92,0,Griff Furst,0.4997,Candy Clark,0.8742,Crime,Drama,Curmudgeon Films,,General,NR,10,0,,,
1993,2016,28000000,108,0,Burr Steers,0.7344,Lily James,4.4731,Romance,Horror,Handsomecharlie Films,Cross Creek Pictures,General,PG-13,2,0,Screen Gems,6891197.0,-21108803.0
1994,2016,9900000,96,0,Leslie Small,0.3444,Kevin Hart,6.0233,Comedy,Documentary,Universal Pictures,HartBeat Productions,General,R,10,0,Universal Pictures,14831645.0,4931645.0
1995,2016,3500000,83,0,Mike Mendez,0.1417,Dolph Lundgren,4.9853,Fantasy,Horror,Bottom Line Entertainment,Archstone Entertainment,General,NR,8,0,,,
1996,2016,45000000,105,0,Will Speck,0.2293,Jason Bateman,6.0826,Comedy,,Bluegrass Films,Entertainment 360,General,R,11,1,Paramount Pictures,23068267.0,-21931733.0
1997,2016,45000000,105,0,Will Speck,0.2293,Jason Bateman,6.0826,Comedy,,Bluegrass Films,Entertainment 360,General,R,11,1,Paramount Pictures,23068267.0,-21931733.0
1998,2016,2000000,82,0,Adam Leon,0.7849,Callum Turner,4.8762,Comedy,Drama,Animal Kingdom,Rooks Nest Entertainment,General,NR,9,0,,,
1999,2016,1600000,88,0,Nicholas Gyeney,0.625,Manu Bennett,1.9603,Thriller,Action,Mirror Images LTD,,General,NR,7,0,Mirror Images LTD.,2508.0,-1597492.0
2000,2016,46000000,161,0,Martin Scorsese,3.0015,Andrew Garfield,5.3592,Drama,History,Waypoint Entertainment,Cappa Defina Productions,General,R,12,1,Paramount Pictures,227374.0,-45772626.0
2001,2016,40000000,98,0,Jeff Wadlow,0.5543,Kevin James,4.0728,Comedy,Action,PalmStar Media,Broken Road Productions,General,PG-13,11,1,,,
2002,2016,40000000,128,0,Mario Van Peebles,0.6699,Nicolas Cage,6.3482,Action,War,Union Patriot Capital Management,Saturn Films,General,R,9,0,,,
2003,2016,8000000,107,0,Michael Winnick,0.3721,Steven Seagal,3.1614,Action,Crime,Premiere Entertainment Group,Steamroller Productions,General,R,5,0,,,
2004,2016,30000000,109,0,Ayman Jamal,0.1653,Adewale Akinnuoye-Agbaje,1.3982,Animation,Action,Barajoun Entertainment,Resnick Interactive Development,General,PG-13,9,0,,,
2005,2016,10000000,108,0,Ewan McGregor,3.3672,Ewan McGregor,3.3672,Crime,Drama,TIK Films,Lakeshore Entertainment,General,R,10,0,Lionsgate,207935.0,-9792065.0
2006,2016,13000000,123,0,Marc Abraham,1.0445,Tom Hiddleston,3.6928,Music,Drama,Bron Studios,RatPac Entertainment,General,R,2,0,,,
2007,2016,5000000,121,1,Harold Cronk,0.7467,Jesse Metcalfe,1.7671,Drama,,Pure Flix Entertainment,,God's Not Dead,PG,4,0,Pure Flix Entertainment,9784295.0,4784295.0
2008,2016,18000000,94,1,Kirk Jones,0.675,Nia Vardalos,0.9517,Romance,Comedy,Universal Pictures,Gold Circle Films,My Big Fat Greek Wedding,PG-13,3,0,Universal Pictures,25363730.0,7363730.0
2009,2016,10000000,98,1,William Brent Bell,0.4031,Lauren Cohan,6.0992,Horror,Mystery,Lakeshore Entertainment,Vertigo Entertainment,The Boy,PG-13,1,0,STX Entertainment,13633916.0,3633916.0
2010,2016,20000000,89,0,Christopher Guest,1.1329,Carrie Aizley,0.119,Comedy,,Unknown,,General,NR,10,0,,,
2011,2016,20000000,103,1,Yuen Woo-Ping,1.9889,Donnie Yen,5.4598,Action,Adventure,The Weinstein Company,Yucaipa Films,"Crouching Tiger, Hidden Dragon",PG-13,2,0,,,
2012,2016,35000000,112,0,Glenn Ficarra,0.3557,Tina Fey,1.4698,Comedy,Drama,Paramount Pictures,Broadway Video,General,R,3,0,Paramount Pictures,9971903.0,-25028097.0
2013,2016,16000000,119,0,Patricia Riggen,0.338,Jennifer Garner,3.2312,Family,Drama,Columbia Pictures,Affirm Films,General,PG,3,0,TriStar Pictures,21710986.0,5710986.0
2014,2016,10000000,87,0,Gaby Dellal,0.3357,Elle Fanning,27.711,Comedy,Drama,IM Global,Big Beach,General,NR,10,0,The Weinstein Company,112320.0,-9887680.0
2015,2016,5000000,110,0,Gary Michael Schultz,0.3519,Emile Hirsch,2.6127,Drama,Crime,Bron Capital Partners,Unified Pictures,General,R,4,0,,,
2016,2016,20000000,88,0,Kenny Ortega,0.7374,Laverne Cox,0.8041,TV Movie,Comedy,The Jackal Group,Fox 21 Television Studios,General,NR,10,0,,,
2017,2016,3500000,77,0,Sam Liu,0.3564,Kevin Conroy,0.8637,Animation,Action,Warner Bros. Animation,DC Entertainment,General,R,7,0,Fathom Events,3775000.0,275000.0
2018,2016,16500000,93,0,Peter Billingsley,0.799,Vince Vaughn,2.0753,Thriller,Drama,WWE Studios,PenLife Media,General,R,4,0,Focus World,21256.0,-16478744.0
2019,2016,2000000,95,0,Akan Satayev,0.5631,Callan McAuliffe,0.7954,Crime,Drama,Satai Film,Know Rules Media,General,R,9,0,,,
2020,2016,2000000,87,0,Titus Paar,0.322,Steven Seagal,3.1614,Science Fiction,Action,Boundless Pictures,Arramis Films,General,R,9,0,,,
2021,2016,1000000,90,0,Griff Furst,0.4997,Rachele Brooke Smith,0.816,TV Movie,Science Fiction,Curmudgeon Films,,General,NR,7,0,,,
2022,2016,5000000,92,0,Eleanor Coppola,0.1651,Diane Lane,5.1845,Comedy,Drama,American Zoetrope,Elzévir Films,General,PG,9,0,Sony Pictures Classics,,
2023,2016,13000000,148,0,Martin Koolhoven,0.0905,Guy Pearce,3.5992,Thriller,Western,Illusion Film,N279 Entertainment,General,R,3,0,,,
2024,2016,1500000,80,0,Richard Tanne,0.4564,Parker Sawyers,0.3169,Romance,Drama,IM Global,Get Lifted Film Co.,General,PG-13,8,0,Roadside Attractions,3657393.0,2157393.0
2025,2016,2000000,98,0,Rebecca Miller,0.924,Greta Gerwig,2.1343,Drama,Romance,Round Films,Rachael Horovitz Productions,General,R,4,0,,,
2026,2016,90000000,129,0,Ben Affleck,10.0095,Ben Affleck,10.0095,Crime,Drama,Appian Way,Pearl Street Films,General,R,12,1,Warner Bros.,94970.0,-89905030.0
2027,2016,45000000,133,0,Peter Berg,1.3308,Mark Wahlberg,13.7743,Action,Crime,TIK Films,CBS Films,General,R,12,1,Lionsgate,382417.0,-44617583.0
2028,2016,35000000,83,0,Louis Leterrier,0.9558,Sacha Baron Cohen,2.0651,Action,Comedy,Columbia Pictures,LStar Capital,General,R,2,0,,,
2029,2016,65000000,103,0,David Lowery,0.9956,Oakes Fegley,0.6842,Adventure,Family,Whitaker Entertainment,,General,PG,8,0,Walt Disney Studios Motion Pictures,31561269.0,-33438731.0
2030,2016,125000000,116,0,Justin Kurzel,0.2038,Michael Fassbender,3.7679,Action,Adventure,New Regency Pictures,The Kennedy/Marshall Company,General,PG-13,12,1,Twentieth Century Fox,25838767.0,-99161233.0
2031,2016,1000000,90,0,Kevin King,0.382,Eve Mauro,1.0647,Horror,Science Fiction,Parking Garage Pictures,Arrowstorm Entertainment,General,NR,5,0,,,
2032,2016,8000000,103,1,Roger Spottiswoode,0.478,Luke Treadaway,0.6485,Family,Drama,Iris Productions,Shooting Script Films,A Street Cat Named Bob,NR,11,1,,,
2033,2016,1000000,82,0,Mike Flanagan,1.6771,John Gallagher Jr.,1.1133,Horror,Thriller,Intrepid Pictures,Blumhouse Productions,General,R,3,0,,,
2034,2016,50000000,100,1,Ben Stiller,3.8913,Ben Stiller,3.8913,Comedy,Adventure,Paramount Pictures,Red Hour,Zoolander,PG-13,2,0,Paramount Pictures,18218011.0,-31781989.0
2035,2016,32000000,107,0,Renny Harlin,1.0392,Jackie Chan,21.0428,Action,Adventure,JC Group International,InterTitle Films,General,PG-13,7,0,,,
2036,2016,23000000,106,0,Dexter Fletcher,1.108,Taron Egerton,5.5431,Comedy,Drama,Marv,Saville Productions,General,PG-13,2,0,Twentieth Century Fox,7761132.0,-15238868.0
2037,2016,500000,84,0,Michael Angelo,0.0429,Nicole Tompkins,0.2904,Horror,,Thriller Films,AZ Film Studios,General,NR,4,0,,,
2038,2016,22000000,106,0,Joel Coen,1.0399,Josh Brolin,5.5472,Comedy,Crime,Working Title Films,Mike Zoss Productions,General,PG-13,2,0,Universal Pictures,14764970.0,-7235030.0
2039,2016,1500000,102,0,Rob Zombie,0.9084,Sheri Moon Zombie,1.5281,Horror,Thriller,Spectacle Entertainment Group,Windy Hill Pictures,General,R,9,0,,,
2040,2016,2000000,88,0,Tony Elliott,0.332,Robbie Amell,3.1473,Science Fiction,Thriller,MXN Entertainment,Lost City,General,R,9,0,,,
2041,2016,13000000,133,0,John Madden,0.5875,Jessica Chastain,5.6098,Drama,Crime,FilmNation Entertainment,Transfilm,General,R,11,1,EuropaCorp,79036.0,-12920964.0
2042,2016,36000000,97,0,David Frankel,0.3675,Will Smith,6.4346,Drama,Romance,Village Roadshow Pictures,Likely Story,General,PG-13,12,1,Warner Bros.,11001500.0,-24998500.0
2043,2016,17000000,90,1,John Stockwell,0.8485,Alain Moussi,1.1062,Action,Drama,Headmon Entertainment & Productions,Radar Pictures,Kickboxer,NR,7,0,,,
2044,2016,9000000,105,0,Kelly Fremon Craig,0.3312,Hailee Steinfeld,4.7444,Comedy,Drama,Tang Media Productions,Gracie Films,General,R,11,1,STX Entertainment,7307032.0,-1692968.0
2045,2016,40000000,102,1,Tim Story,1.0149,Kevin Hart,6.0233,Action,Comedy,Reel Chefs Catering,Universal Pictures,Ride Along,PG-13,1,0,Universal Pictures,46150040.0,6150040.0
2046,2016,20000000,115,0,John Hillcoat,0.4388,Casey Affleck,3.1493,Action,Crime,Surefire Capital,Worldview Entertainment,General,R,2,0,Open Road Films (II),8111034.0,-11888966.0
2047,2016,25000000,118,0,Garry Marshall,0.608,Jennifer Aniston,5.0543,Comedy,Drama,Rice Films,GulfStream Pictures,General,PG-13,4,0,Open Road Films (II),11719690.0,-13280310.0
2048,2016,33000000,98,0,Jake Szymanski,0.2193,Zac Efron,7.3795,Comedy,,Chernin Entertainment,TSG Entertainment,General,R,7,0,Twentieth Century Fox,23823716.0,-9176284.0
2049,2016,2500000,101,0,Taika Waititi,4.3475,Sam Neill,3.6996,Adventure,Comedy,Defender Films,Piki Films,General,PG-13,3,0,The Orchard,112653.0,-2387347.0
2050,2016,9000000,123,0,Jeff Nichols,0.6699,Joel Edgerton,4.394,Drama,Romance,Big Beach,Raindog Films,General,PG-13,11,1,Focus Features,208191.0,-8791809.0
2051,2016,1181389,97,0,Stanton Barrett,0.3461,Ed Quinn,1.6766,Horror,Action,Throne Productions,Hollywood Media Bridge,General,NR,3,0,,,
2052,2016,5000000,89,0,Greg McLean,0.8677,John Gallagher Jr.,1.1133,Horror,Thriller,Orion Pictures,Troll Court Entertainment,General,R,3,0,BH Tilt,5770565.0,770565.0
2053,2016,38000000,111,0,John Hamburg,0.414,Bryan Cranston,4.7305,Comedy,,21 Laps Entertainment,TSG Entertainment,General,R,12,1,Twentieth Century Fox,24558587.0,-13441413.0
2054,2016,10000000,97,0,Chris Nahon,0.1803,Amy Johnston,1.9014,Action,Thriller,B&E Productions,Voltage Pictures,General,R,11,1,,,
2055,2016,3650000,95,0,Jay Lender,0.8258,Brigid Brannagh,1.0148,Thriller,Comedy,Buffalo 8,Best Served Cold Productions,General,NR,3,0,,,
2056,2016,1000000,100,0,Karyn Kusama,0.9013,Logan Marshall-Green,1.9264,Thriller,Horror,XYZ Films,Gamechanger Films,General,NR,4,0,Sony Pictures Releasing,9044963.0,8044963.0
2057,2016,80000000,117,0,Craig Gillespie,1.0897,Chris Pine,3.2276,Action,Drama,Red Hawk Entertainment,Walt Disney Pictures,General,PG-13,1,0,Walt Disney Studios Motion Pictures,13665660.0,-66334340.0
2058,2016,13000000,88,0,Jean-François Richet,0.4889,Mel Gibson,4.9984,Action,Thriller,Wild Bunch,Why Not Productions,General,R,8,0,,,
2059,2016,900000,90,1,Deon Taylor,0.2614,Mike Epps,1.8332,Comedy,,Hidden Empire Film,Freestyle Releasing,Meet the Blacks,R,4,0,Freestyle Releasing,5249551.0,4349551.0
2060,2016,5000000,95,0,Jeremy Saulnier,0.3806,Anton Yelchin,1.0566,Horror,Crime,filmscience,Broad Green Pictures,General,R,4,0,A24,,
2061,2016,30000000,97,0,Woody Allen,1.2222,Jesse Eisenberg,4.9929,Comedy,Drama,Perdido Productions,Gravier Productions,General,PG-13,5,0,Lionsgate,502379.0,-29497621.0
2062,2016,4218000,101,0,Gustavo Ron,0.1515,Aimee Teegarden,1.2746,Comedy,Romance,La Canica Films,El Capitán Pictures,General,NR,6,0,,,
2063,2016,3500000,78,1,Rick Morales,0.284,Adam West,0.9544,Action,Animation,Warner Premiere,Warner Bros. Animation,Batman,PG,10,0,,,
2064,2016,9000000,100,0,Pablo Larraín,0.4366,Natalie Portman,5.7498,Drama,,LD Entertainment,Protozoa Pictures,General,R,12,1,Fox Searchlight Pictures,364825.0,-8635175.0
2065,2016,3000000,97,0,Daniel Kwan,0.9591,Paul Dano,3.0444,Comedy,Drama,BlackBird,Tadmor,General,R,6,0,A24,154288.0,-2845712.0
2066,2016,1000000,92,1,Terry Cunningham,0.4852,Michaela McManus,1.7997,Drama,TV Movie,Mission Pictures International,,Love Finds You in Valentine,G,2,0,,,
2067,2016,170000,72,0,Anna Rose Holmer,0.1931,Royalty Hightower,0.0362,Drama,,Yes Ma'am Productions,Cinereach,General,NR,6,0,,,
2068,2016,26000000,92,1,Mark Waters,0.531,Billy Bob Thornton,7.4863,Comedy,Crime,Ingenious Media,Broad Green Pictures,Bad Santa,R,11,1,Broad Green Pictures,10175746.0,-15824254.0
2069,2016,5000000,118,0,Jim Jarmusch,0.5709,Adam Driver,2.1578,Drama,Comedy,K5 International,Le Pacte,General,R,11,1,Bleecker Street Media,132845.0,-4867155.0
2070,2016,13000000,96,0,John Moore,0.3194,Pierce Brosnan,4.1488,Thriller,,Fastnet Films,Irish Dreamtime,General,NR,9,0,,,
2071,2016,10000000,93,0,Jason Zada,0.086,Natalie Dormer,4.3589,Horror,Thriller,Lava Bear Films,AI Film,General,R,1,0,Focus Features,15333634.0,5333634.0
2072,2016,250000,89,0,J.D. Dillard,0.4061,Jacob Latimore,0.4018,Drama,Thriller,Diablo Entertainment,BH Tilt,General,R,4,0,BH Tilt,2233195.0,1983195.0
2073,2016,5000000,89,1,Adam Wingard,0.755,James Allen McCune,0.3366,Thriller,Horror,Vertigo Entertainment,Lionsgate,Blair Witch,R,9,0,Lionsgate,12178695.0,7178695.0
2074,2016,15000000,107,0,Steven C. Miller,0.2152,Bruce Willis,4.9534,Action,Crime,Grindstone Entertainment Group,EFO Films,General,R,7,0,,,
2075,2016,20000000,103,1,Tyler Perry,2.1061,Tyler Perry,2.1061,Comedy,Horror,Lionsgate,Tyler Perry Studios,Boo! A Madea Halloween,PG-13,10,0,Lionsgate,35344343.0,15344343.0
2076,2016,30000000,97,0,Tom Tykwer,0.7627,Tom Hanks,14.407,Comedy,Drama,Playtone,X Filme Creative Pool,General,R,4,0,Roadside Attractions,1621414.0,-28378586.0
2077,2016,4000000,107,0,Christian Sesma,0.2057,Paul Sloan,0.8903,Action,Crime,Ton of Hats,Oscar Gold Productions,General,R,9,0,Anchor Bay Films,1991.0,-3998009.0
2078,2016,550000,82,0,Tripp Rhame,0.9184,Chelsey Crisp,0.3936,Horror,Thriller,Spitfire Studios,,General,NR,3,0,,,
2079,2016,21500000,98,0,Eran Creevy,0.0843,Nicholas Hoult,8.1208,Thriller,Action,Silver Pictures,42,General,PG-13,6,0,Open Road Films (II),2023034.0,-19476966.0
2080,2016,8000000,92,0,Luke Scott,0.8597,Kate Mara,5.2444,Horror,Science Fiction,TSG Entertainment,20th Century Fox,General,R,9,0,Twentieth Century Fox,3093471.0,-4906529.0
2081,2016,10000,73,1,Shawn Burkett,0.7894,Brandy Mason,0.8514,Horror,,Vultra Video,Concept Media LLC,Don't Fuck in the Woods,NR,10,0,,,
2082,2016,7000000,118,0,Mike Mills,0.8644,Annette Bening,2.0445,Drama,,Annapurna Pictures,Archer Gray,General,R,12,1,A24,225481.0,-6774519.0
2083,2016,2480421,102,1,Matt Hullum,0.4183,Burnie Burns,0.3969,Comedy,Science Fiction,Rooster Teeth Productions,,Lazer Team,PG-13,1,0,,,
2084,2016,35000000,94,0,Danny Perez,0.503,Natasha Lyonne,3.1461,Horror,,Culmination Productions,Traverse Media,General,NR,9,0,,,
2085,2016,8500000,92,0,Steve Carr,0.9732,Griffin Gluck,2.3133,Family,Comedy,Lionsgate,CBS Films,General,PG,10,0,Lionsgate,9510795.0,1010795.0
2086,2016,3000000,116,0,Brady Corbet,1.1259,Bérénice Bejo,1.0964,Drama,,Bow + Arrow Entertainment,Bron Capital Partners,General,NR,7,0,,,
2087,2016,10000000,91,0,Farren Blackburn,0.4001,Naomi Watts,2.8305,Drama,Thriller,EuropaCorp,Lava Bear Films,General,PG-13,11,1,EuropaCorp,4436645.0,-5563355.0
2088,2016,11000000,106,0,Shintaro Shimosawa,0.2055,Josh Duhamel,2.9623,Drama,Thriller,Grindstone Entertainment Group,Lionsgate Premiere,General,R,2,0,,,
2089,2016,15000000,100,0,Peter Atencio,0.1453,Jordan Peele,2.0466,Action,Comedy,New Line Cinema,Monkeypaw Productions,General,R,4,0,Warner Bros.,12020937.0,-2979063.0
2090,2016,30000,81,0,Trey Edward Shults,0.6177,Krisha Fairchild,0.1545,Drama,,Hoody Boy Productions,,General,R,3,0,,,
2091,2016,8000000,83,0,Dylan Kidd,0.2871,Miles Teller,4.2421,Drama,Comedy,CBS Films,Double Features Films,General,R,3,0,,,
2092,2016,25000000,110,0,Gus Van Sant,1.121,Matthew McConaughey,9.2816,Drama,,Waypoint Entertainment,Bloom,General,PG-13,4,0,A24,3276.0,-24996724.0
2093,2016,8500000,120,0,Nate Parker,1.0368,Nate Parker,1.0368,Drama,,Tiny Giant Entertainment,Bron Studios,General,R,9,0,Fox Searchlight Pictures,9528134.0,1028134.0
2094,2016,5000000,87,0,Brad Peyton,0.3599,Aaron Eckhart,3.0806,Horror,Thriller,WWE Studios,Blumhouse Productions,General,PG-13,12,1,BH Tilt,3142138.0,-1857862.0
2095,2016,9000000,93,0,Alex Brewer,0.0478,Nicolas Cage,6.3482,Thriller,Drama,Electric Shadow Company,Ingenious Media,General,R,4,0,,,
2096,2016,10000000,117,0,Richard Linklater,1.5973,Blake Jenner,0.6179,Comedy,,Annapurna Pictures,Detour Filmproduction,General,R,3,0,Paramount Pictures,411808.0,-9588192.0
2097,2016,10000000,109,0,Mick Jackson,0.7422,Rachel Weisz,4.2009,Drama,History,BBC Film,Participant,General,PG-13,9,0,Bleecker Street Media,128239.0,-9871761.0
2098,2016,5000000,86,0,Liza Johnson,0.2372,Kevin Spacey,2.3992,Drama,Comedy,Autumn Productions,Benaroya Pictures,General,R,3,0,Bleecker Street Media,685041.0,-4314959.0
2099,2016,5000000,107,0,Dinesh D'Souza,1.167,Dinesh D'Souza,1.167,Documentary,,D'Souza Media,,General,PG-13,7,0,Pure Flix / Quality Flix,91524.0,-4908476.0
2100,2016,100000,90,0,Christopher Cannucciari,0.0306,Wences Casares,0.0071,Documentary,History,Dynamic Range,Downtown Community Television Center,General,PG-13,12,1,,,
2101,2016,1200000,97,0,Ido Fluk,0.408,Dan Stevens,3.1824,Drama,,Cave Pictures,BCDF Pictures,General,NR,10,0,,,
2102,2016,500,10,0,Colin Krawchuk,0.186,Colin Krawchuk,0.186,Mystery,Horror,MakeDo Entertainment,,General,NR,10,0,,,
2103,2016,1000000,97,0,Benjamin Dickinson,0.4986,Benjamin Dickinson,0.4986,Drama,Science Fiction,Mathematic,Ghost Robot,General,R,3,0,,,
2104,2016,150000,85,0,Mitch Wilson,0.0368,Julin Jean,0.2701,Horror,Thriller,Midnight Releasing,,General,NR,8,0,,,
2105,2016,40000000,107,1,Paul W. S. Anderson,1.4428,Milla Jovovich,5.8775,Action,Horror,Screen Gems,Constantin Film,Resident Evil,R,12,1,Screen Gems,17351775.0,-22648225.0
2106,2017,35000000,135,1,Andy Muschietti,1.5056,Bill Skarsgård,16.2748,Horror,Thriller,New Line Cinema,Vertigo Entertainment,It,R,9,0,Warner Bros.,158710619.0,123710619.0
2107,2017,175000000,105,1,Lee Unkrich,0.6706,Anthony Gonzalez,0.9506,Family,Animation,Pixar,,Coco,PG,10,0,Walt Disney Studios Motion Pictures,78535154.0,-96464846.0
2108,2017,175000000,133,1,Jon Watts,0.8295,Tom Holland,6.5228,Action,Adventure,Marvel Studios,Pascal Pictures,Spider-Man,PG-13,7,0,Sony Pictures Releasing,163070314.0,-11929686.0
2109,2017,160000000,129,0,Bill Condon,1.0483,Emma Watson,9.1905,Family,Fantasy,Walt Disney Pictures,Mandeville Films,General,PG,3,0,Walt Disney Studios Motion Pictures,228605887.0,68605887.0
2110,2017,150000000,164,1,Denis Villeneuve,2.2494,Ryan Gosling,7.8717,Science Fiction,Drama,Alcon Entertainment,Columbia Pictures,Blade Runner 2049,R,10,0,Warner Bros.,45478387.0,-104521613.0
2111,2017,200000000,137,1,James Gunn,3.2228,Chris Pratt,5.0185,Science Fiction,Adventure,Marvel Studios,,Guardians of the Galaxy Vol.,PG-13,4,0,Walt Disney Studios Motion Pictures,183157419.0,-16842581.0
2112,2017,30000000,141,0,James Gray,0.2373,Charlie Hunnam,8.3527,Adventure,Drama,Northern Ireland Screen,Plan B Entertainment,General,PG-13,3,0,Bleecker Street Media,149413.0,-29850587.0
2113,2017,40000000,122,1,Chad Stahelski,1.1834,Keanu Reeves,11.5062,Action,Thriller,Thunder Road,87Eleven,John Wick,R,2,0,Lionsgate,42192083.0,2192083.0
2114,2017,3500000,132,1,Luca Guadagnino,2.1099,Armie Hammer,0.9391,Romance,Drama,La Cinéfacture,Frenesy Film,Call Me by Your Name,R,7,0,Sony Pictures Classics,,
2115,2017,4000000,98,0,Niall Johnson,0.2267,Alice Eve,6.0668,Western,Action,MiriquidiFilm,Head Gear Films,General,NR,10,0,,,
2116,2017,175000000,102,1,Brian Fee,0.3646,Owen Wilson,4.1783,Animation,Adventure,Pixar,,Cars,G,6,0,Walt Disney Studios Motion Pictures,74707893.0,-100292107.0
2117,2017,20000000,123,0,Tommy Wirkola,0.3192,Noomi Rapace,3.2718,Science Fiction,Thriller,SND,Raffaella De Laurentiis Productions,General,R,8,0,,,
2118,2017,149000000,141,1,Patty Jenkins,0.4554,Gal Gadot,4.6218,Action,Adventure,Atlas Entertainment,Cruel & Unusual Films,Wonder Woman,PG-13,5,0,Warner Bros.,147822503.0,-1177497.0
2119,2017,230000000,129,1,Espen Sandberg,0.3483,Johnny Depp,6.5752,Adventure,Action,Walt Disney Pictures,Jerry Bruckheimer Films,Pirates of the Caribbean,PG-13,5,0,Walt Disney Studios Motion Pictures,93008771.0,-136991229.0
2120,2017,4500000,104,0,Jordan Peele,2.0466,Daniel Kaluuya,3.5041,Mystery,Thriller,Monkeypaw Productions,Blumhouse Productions,General,R,2,0,Universal Pictures,49843640.0,45343640.0
2121,2017,180000000,131,1,Taika Waititi,4.3475,Chris Hemsworth,7.7826,Action,Adventure,Marvel Studios,,Thor,PG-13,10,0,Walt Disney Studios Motion Pictures,154989707.0,-25010293.0
2122,2017,250000000,136,1,F. Gary Gray,0.577,Vin Diesel,9.8318,Action,Crime,Original Film,One Race,The Fate of the Furious,PG-13,4,0,Universal Pictures,124896220.0,-125103780.0
2123,2017,33000000,112,0,Michael Cuesta,0.2473,Dylan O'Brien,6.1271,Action,Adventure,TIK Films,di Bonaventura Pictures,General,R,7,0,Lionsgate,19929459.0,-13070541.0
2124,2017,85000000,107,1,D.J. Caruso,0.4507,Vin Diesel,9.8318,Action,Adventure,Rox Productions,Revolution Studios,xXx,PG-13,1,0,Paramount Pictures,25237750.0,-59762250.0
2125,2017,97000000,137,1,James Mangold,0.8538,Hugh Jackman,5.2825,Action,Drama,Hutch Parker Entertainment,The Donners' Company,Logan,R,2,0,Twentieth Century Fox,114806733.0,17806733.0
2126,2017,175000000,126,0,Guy Ritchie,2.8818,Charlie Hunnam,8.3527,Action,Drama,Village Roadshow Pictures,Weed Road Pictures,General,PG-13,5,0,Warner Bros.,20351221.0,-154648779.0
2127,2017,7000000,100,0,Keoni Waxman,0.3217,Steven Seagal,3.1614,Crime,Action,Action House,Daro Film Distribution,General,R,1,0,,,
2128,2017,84000000,105,0,Michael Gracey,0.6604,Hugh Jackman,5.2825,Drama,,Chernin Entertainment,20th Century Fox,General,PG,12,1,Twentieth Century Fox,24147194.0,-59852806.0
2129,2017,19000000,122,1,Malcolm D. Lee,0.4366,Regina Hall,4.2195,Comedy,Romance,Will Packer Productions,Universal Pictures,Girls Trip,R,7,0,Universal Pictures,45439220.0,26439220.0
2130,2017,10000000,91,1,Alex Zamm,0.5415,Eric Bauza,0.8383,Comedy,Family,Universal Pictures,Universal 1440 Entertainment,Woody Woodpecker,PG,10,0,,,
2131,2017,22000000,91,1,David Bowers,0.2114,Jason Ian Drucker,0.3384,Comedy,Family,20th Century Fox,TSG Entertainment,Diary of a Wimpy Kid,PG,5,0,Twentieth Century Fox,9181961.0,-12818039.0
2132,2017,300000000,152,1,Rian Johnson,0.9911,Mark Hamill,3.3221,Adventure,Action,Lucasfilm Ltd.,,Star Wars,PG-13,12,1,,,
2133,2017,400000,83,1,Adam Green,0.1433,Kane Hodder,1.2525,Comedy,Horror,ArieScope Pictures,,Victor Crowley,NR,9,0,,,
2134,2017,1000000,91,0,Tim Smit,0.0214,Dan Stevens,3.1824,Science Fiction,Action,CTM Films,FilmNation Entertainment,General,R,6,0,,,
2135,2017,177200000,137,0,Luc Besson,2.1133,Dane DeHaan,2.9849,Adventure,Science Fiction,Belga Films,River Road Entertainment,General,PG-13,7,0,STX Entertainment,23826147.0,-153373853.0
2136,2017,185000000,118,0,Jordan Vogt-Roberts,0.3706,Tom Hiddleston,3.6928,Action,Adventure,Legendary Pictures,Tencent Pictures,General,PG-13,3,0,Warner Bros.,81275294.0,-103724706.0
2137,2017,2500000,87,0,Joe Lynch,0.7375,Steven Yeun,2.5217,Action,Comedy,Circle of Confusion,Royal Viking Entertainment,General,NR,11,1,,,
2138,2017,60000000,122,0,David Michôd,0.5901,Brad Pitt,9.031,Comedy,Drama,Plan B Entertainment,,General,R,5,0,,,
2139,2017,6000000,130,0,Wayne Blair,0.9553,Abigail Breslin,3.8117,Drama,Romance,Lionsgate Television,,General,NR,5,0,,,
2140,2017,55000000,134,0,Scott Cooper,1.0419,Christian Bale,6.5434,Drama,Western,Waypoint Entertainment,Le Grisbi Productions,General,R,12,1,Entertainment Studios Motion Pictures,52292.0,-54947708.0
2141,2017,60000000,89,0,Kelly Asbury,0.2814,Demi Lovato,1.7033,Family,Comedy,The Kerner Entertainment Company,Columbia Pictures,General,PG,3,0,Sony Pictures Releasing,18230759.0,-41769241.0
2142,2017,38000000,89,1,David Soren,0.8915,Kevin Hart,6.0233,Family,Comedy,DreamWorks Animation,Scholastic Entertainment,Captain Underpants,PG,6,0,Twentieth Century Fox,32262512.0,-5737488.0
2143,2017,35000000,113,0,Martin Campbell,1.3519,Pierce Brosnan,4.1488,Action,Thriller,Sparkle Roll Media,STXfilms,General,R,9,0,STX Entertainment,17394253.0,-17605747.0
2144,2017,80000000,90,1,Kyle Balda,0.7196,Steve Carell,4.2116,Action,Animation,Illumination,Universal Pictures,Despicable Me,PG,6,0,Universal Pictures,115190660.0,35190660.0
2145,2017,9000000,117,0,M. Night Shyamalan,2.3284,James McAvoy,3.6316,Horror,Thriller,Blinding Edge Pictures,Blumhouse Productions,General,PG-13,1,0,Universal Pictures,51730090.0,42730090.0
2146,2017,69000000,116,0,Seth Gordon,0.7003,Dwayne Johnson,5.6007,Comedy,Action,Uncharted,Paramount Pictures,General,R,5,0,Paramount Pictures,31894345.0,-37105655.0
2147,2017,217000000,154,1,Michael Bay,12.8671,Mark Wahlberg,13.7743,Action,Adventure,Paramount Pictures,di Bonaventura Pictures,Transformers,PG-13,6,0,Paramount Pictures,78868996.0,-138131004.0
2148,2017,300000000,120,0,Zack Snyder,5.3725,Ben Affleck,10.0095,Action,Adventure,RatPac Entertainment,Cruel & Unusual Films,General,PG-13,11,1,Warner Bros.,130813383.0,-169186617.0
2149,2017,7000000,101,0,Marc Webb,0.7434,Chris Evans,4.899,Drama,Comedy,Grade A Entertainment,FilmNation Entertainment,General,PG-13,4,0,Fox Searchlight Pictures,1370022.0,-5629978.0
2150,2017,15119234,110,0,Tan Bing,0.0286,Li Dongxue,0.7247,Action,Thriller,Unknown,,General,NR,6,0,,,
2151,2017,150000000,140,1,Matt Reeves,0.9672,Andy Serkis,3.0658,Drama,Science Fiction,20th Century Fox,TSG Entertainment,War for the Planet of the Apes,PG-13,7,0,Twentieth Century Fox,77350914.0,-72649086.0
2152,2017,97000000,122,1,Ridley Scott,2.3966,Michael Fassbender,3.7679,Horror,Science Fiction,20th Century Fox,Brandywine Productions,Alien,R,5,0,Twentieth Century Fox,46822181.0,-50177819.0
2153,2017,19500000,123,0,Guillermo del Toro,6.6062,Sally Hawkins,2.867,Drama,Fantasy,Double Dare You,Fox Searchlight Pictures,General,R,12,1,Fox Searchlight Pictures,231008.0,-19268992.0
2154,2017,5500000,85,0,Dennis Bartok,0.1832,Shauna Macdonald,0.5611,Horror,,Fantastic Films,,General,NR,6,0,,,
2155,2017,150000000,107,0,Christopher Nolan,7.3643,Fionn Whitehead,0.8008,War,Action,Warner Bros. Pictures,Syncopy,General,PG-13,7,0,Warner Bros.,74706220.0,-75293780.0
2156,2017,22000000,100,1,Lasse Hallström,1.3838,Josh Gad,1.9616,Adventure,Comedy,Amblin Entertainment,Walden Media,A Dog's Purpose,PG,1,0,Universal Pictures,22101265.0,101265.0
2157,2017,5000000,102,0,Charlie McDowell,0.7756,Jason Segel,1.1144,Drama,Romance,Protagonist Pictures,Endgame Entertainment,General,NR,3,0,,,
2158,2017,90000000,119,1,Jake Kasdan,0.8696,Dwayne Johnson,5.6007,Adventure,Comedy,Matt Tolmach Productions,Seven Bucks Productions,Jumanji,PG-13,12,1,Sony Pictures Releasing,87125911.0,-2874089.0
2159,2017,11000000,107,1,Taylor Sheridan,5.1267,Jeremy Renner,4.7198,Crime,Mystery,Savvy Media Holdings,Thunder Road,Wind River,R,8,0,The Weinstein Company,228218.0,-10771782.0
2160,2017,1282545,83,0,Hope Dickson Leach,0.0733,Ellie Kendrick,1.1322,Drama,,Wellington Films,,General,NR,5,0,,,
2161,2017,6200000,100,1,Victor Salva,0.692,Stan Shaw,1.0092,Horror,,Scoundrel Media,Infinity Films,Jeepers Creepers,R,9,0,,,
2162,2017,20000000,113,1,Stephen Chbosky,0.5034,Jacob Tremblay,3.0052,Family,Drama,Lionsgate,Participant,Wonder,PG,11,1,Lionsgate,47133059.0,27133059.0
2163,2017,15000000,110,1,David F. Sandberg,0.5309,Stephanie Sigman,1.3943,Horror,,Atomic Monster,New Line Cinema,Annabelle,R,8,0,Warner Bros.,48544221.0,33544221.0
2164,2017,104000000,141,1,Matthew Vaughn,0.8725,Taron Egerton,5.5431,Action,Adventure,20th Century Fox,Marv,Kingsman,R,9,0,Twentieth Century Fox,49701588.0,-54298412.0
2165,2017,32679734,120,0,Cédric Jimenez,0.9541,Jason Clarke,3.1098,War,Action,Légende Films,Cutting Edge Group,General,R,5,0,,,
2166,2017,28000000,104,1,Scott Moore,0.7414,Mila Kunis,6.5315,Comedy,,STXfilms,Robert Simonds Productions,A Bad Moms Christmas,R,8,0,STX Entertainment,24851318.0,-3148682.0
2167,2017,273428,97,0,Kip Andersen,0.0388,Kip Andersen,0.0388,Documentary,,Spark Media,,General,NR,3,0,,,
2168,2017,70000000,101,0,Charlie Bean,0.1701,Dave Franco,5.1723,Family,Comedy,Lin Pictures,Lord Miller,General,PG,9,0,Warner Bros.,23556065.0,-46443935.0
2169,2017,5500000,89,1,Johannes Roberts,0.3291,Mandy Moore,2.0438,Horror,Thriller,Lantica Media,Flexibon Films,47 Meters Down,PG-13,5,0,Entertainment Studios Motion Pictures,16825932.0,11325932.0
2170,2017,30000000,115,0,David Leitch,1.2761,Charlize Theron,5.0947,Action,Adventure,Focus Features,Denver & Delilah Productions,General,R,7,0,Focus Features,25880375.0,-4119625.0
2171,2017,125000000,110,0,Alex Kurtzman,0.9187,Tom Cruise,8.76,Fantasy,Thriller,Secret Hideout,Universal Pictures,General,PG-13,6,0,Universal Pictures,42610700.0,-82389300.0
2172,2017,55000000,118,1,James Foley,0.2799,Dakota Johnson,9.3955,Drama,Romance,Universal Pictures,Michael De Luca Productions,Fifty Shades Darker,R,2,0,Universal Pictures,68696455.0,13696455.0
2173,2017,58000000,104,0,Daniel Espinosa,0.2069,Jake Gyllenhaal,7.9386,Horror,Science Fiction,Columbia Pictures,Skydance Media,General,R,3,0,Sony Pictures Releasing,16744239.0,-41255761.0
2174,2017,69000000,100,1,Sean Anders,1.0064,Will Ferrell,2.198,Comedy,,Red Granite Pictures,Gary Sanchez Productions,Daddy's Home,PG-13,11,1,Paramount Pictures,35776447.0,-33223553.0
2175,2017,2000000,112,0,Sean Baker,1.2701,Brooklynn Prince,0.947,Drama,,Cre Film,Freestyle Picture Company,General,R,10,0,A24,222808.0,-1777192.0
2176,2017,6000000,99,0,Jayson Thiessen,0.5991,Tara Strong,2.0084,Family,Animation,Lionsgate,DHX Media,General,PG,10,0,Lionsgate,11513434.0,5513434.0
2177,2017,15000000,87,0,Alain Desrochers,0.1179,Antonio Banderas,5.077,Action,Thriller,Nu Boyana Film Studios,Nu Image,General,R,3,0,,,
2178,2017,111000000,108,0,Carlos Saldanha,0.3712,John Cena,4.3502,Animation,Family,Blue Sky Studios,20th Century Fox Animation,General,PG,12,1,Twentieth Century Fox,19482884.0,-91517116.0
2179,2017,7000000,115,0,Todd Haynes,0.742,Oakes Fegley,0.6842,Drama,,Amazon Studios,Cinetic Media,General,PG,10,0,Roadside Attractions,87114.0,-6912886.0
2180,2017,10000000,132,0,S. Craig Zahler,0.6029,Vince Vaughn,2.0753,Action,Crime,XYZ Films,Caliber Media Company,General,NR,9,0,,,
2181,2017,6000000,119,0,Ana Lily Amirpour,0.1924,Suki Waterhouse,1.6743,Horror,Science Fiction,Annapurna Pictures,Vice Studios,General,R,6,0,Neon,119074.0,-5880926.0
2182,2017,55000000,114,1,Kenneth Branagh,2.7277,Kenneth Branagh,2.7277,Mystery,Drama,The Mark Gordon Company,Genre Films,Murder on the Orient Express,PG-13,11,1,Twentieth Century Fox,37928362.0,-17071638.0
2183,2017,20000000,84,0,Aram Rappaport,0.4262,Frank Grillo,3.8106,Crime,Thriller,Create Entertainment,Windward Entertainment,General,R,1,0,,,
2184,2017,110000000,107,0,Rupert Sanders,0.3187,Scarlett Johansson,27.1876,Science Fiction,Drama,Weying Galaxy Entertainment,Paramount Pictures,General,PG-13,3,0,Paramount Pictures,24223450.0,-85776550.0
2185,2017,60000000,95,0,Nikolaj Arcel,0.7516,Idris Elba,5.7282,Fantasy,Action,Columbia Pictures,MRC,General,PG-13,8,0,Sony Pictures Releasing,26430764.0,-33569236.0
2186,2017,17000000,104,0,Tony Bancroft,0.438,Emily Blunt,19.2777,Comedy,Animation,Blue Dream Studios,Beijing Wen Hua Dong Run Investment,General,PG,6,0,,,
2187,2017,1500000,95,0,Toa Fraser,0.2399,Jamie Bell,2.4783,Action,Drama,XYZ Films,New Zealand Film Commission,General,R,7,0,,,
2188,2017,66190000,105,0,Steven Quale,0.8542,J.K. Simmons,3.814,Thriller,Action,Studio Babelsberg,EuropaCorp,General,PG-13,8,0,,,
2189,2017,5000000,100,0,Kate Mulleavy,0.5051,Kirsten Dunst,6.0727,Drama,Thriller,Waypoint Entertainment,COTA Films,General,R,9,0,A24,15908.0,-4984092.0
2190,2017,40000000,88,0,Andrew J. Cohen,0.1057,Amy Poehler,1.6278,Comedy,Crime,Village Roadshow Pictures,New Line Cinema,General,R,6,0,Warner Bros.,13815678.0,-26184322.0
2191,2017,9000000,127,0,Destin Daniel Cretton,1.0969,Brie Larson,3.8046,Drama,,Lionsgate,Netter Productions,General,PG-13,8,0,Lionsgate,7156381.0,-1843619.0
2192,2017,80000000,104,0,Chris McKay,0.4975,Will Arnett,1.614,Animation,Action,Lin Pictures,Animal Logic,General,PG,2,0,Warner Bros.,64566314.0,-15433686.0
2193,2017,10000000,112,0,Drake Doremus,0.2478,Nicholas Hoult,8.1208,Romance,Drama,Lost City,Seville International,General,NR,11,1,,,
2194,2017,19000000,111,0,Niels Arden Oplev,0.3102,Elliot Page,5.5678,Drama,Horror,The Safran Company,Columbia Pictures,General,PG-13,9,0,Sony Pictures Releasing,8529602.0,-10470398.0
2195,2017,1400000,89,0,Fabien Dufils,0.0709,John Freeman,0.178,Drama,Thriller,Mad Street Motion Pictures,,General,NR,9,0,,,
2196,2017,17000000,91,0,Jonathan Mostow,0.4046,Sam Worthington,4.0107,Action,Thriller,Maple Leaf Films,FilmEngine,General,R,6,0,,,
2197,2017,45000000,93,1,Trish Sie,0.2866,Anna Kendrick,4.3959,Comedy,Music,Gold Circle Films,Brownstone Productions,Pitch Perfect,PG-13,12,1,Universal Pictures,46490470.0,1490470.0
2198,2017,12000000,97,0,Hallie Meyers-Shyer,0.2179,Reese Witherspoon,3.5603,Comedy,Drama,Black Bicycle Entertainment,,General,PG-13,9,0,Open Road Films (II),11801084.0,-198916.0
2199,2017,2342264,90,0,Éric Summer,0.0505,Claire Forlani,4.5432,Adventure,Action,Fontana,Free Dolphin Productions,General,NR,10,0,,,
2200,2017,3500000,74,0,Sam Liu,0.3564,Kevin Conroy,0.8637,Adventure,Animation,DC Entertainment,Warner Bros. Animation,General,PG-13,8,0,,,
2201,2017,9000000,93,0,Obin Olson,0.0477,Cam Gigandet,2.328,Science Fiction,Action,Status Media & Entertainment,DV3 Productions,General,NR,5,0,,,
2202,2017,10000000,96,0,Stella Meghie,0.518,Amandla Stenberg,2.7531,Drama,Romance,Alloy Entertainment,Itaca Films,General,PG-13,5,0,Warner Bros.,15356113.0,5356113.0
2203,2017,38000000,133,0,Joseph Kosinski,1.6843,Josh Brolin,5.5472,Drama,Action,di Bonaventura Pictures,Black Label Media,General,PG-13,9,0,Sony Pictures Releasing,8490057.0,-29509943.0
2204,2017,20000000,132,0,Stuart Hazeldine,0.1137,Sam Worthington,4.0107,Drama,Family,Summit Entertainment,Netter Productions,General,PG-13,3,0,Lionsgate,22218691.0,2218691.0
2205,2017,3000000,98,0,Pamela Romanowsky,0.6341,Allie Gallerani,0.2196,Thriller,Mystery,Dark Rabbit Productions,Redwire Pictures,General,R,3,0,Argot Pictures,5453.0,-2994547.0
2206,2017,8000000,105,0,Jared Moshé,0.411,Bill Pullman,2.7804,Western,,Higher Content,Om Films,General,R,12,1,A24,5559.0,-7994441.0
2207,2017,4000000,86,0,Chris Sivertson,0.1841,Aubrey Shea,0.7642,Drama,Romance,Citizen Skull Productions,,General,NR,10,0,,,
2208,2017,15000000,115,0,Martin McDonagh,0.6542,Frances McDormand,2.4503,Crime,Drama,Blueprint Pictures,Cutting Edge Group,General,R,12,1,Fox Searchlight Pictures,434225.0,-14565775.0
2209,2017,5000000,120,0,Michael Showalter,0.3784,Kumail Nanjiani,1.4545,Comedy,Drama,FilmNation Entertainment,Apatow Productions,General,R,3,0,Lionsgate,556490.0,-4443510.0
2210,2017,12000000,100,0,Denise Di Novi,0.499,Rosario Dawson,2.4611,Drama,Thriller,Di Novi Pictures,RatPac Entertainment,General,R,3,0,Warner Bros.,6538819.0,-5461181.0
2211,2017,30000000,119,0,David Gordon Green,0.4867,Jake Gyllenhaal,7.9386,Drama,,Lionsgate,Bold Films,General,R,9,0,Roadside Attractions,2242077.0,-27757923.0
2212,2017,700000,104,0,Kogonada,0.3391,John Cho,1.4577,Drama,,Nonetheless Productions,Depth of Field,General,PG-13,8,0,-,,
2213,2017,6500000,91,1,Don Mancini,0.4564,Fiona Dourif,1.6247,Horror,Thriller,Universal 1440 Entertainment,David Kirschner Productions,Cult of Chucky,R,10,0,,,
2214,2017,105000000,124,0,Dean Israelite,0.3034,Dacre Montgomery,8.3133,Action,Adventure,Lionsgate,Saban Brands,General,PG-13,3,0,Lionsgate,50562170.0,-54437830.0
2215,2017,50000000,86,0,Tony Leondis,0.3524,T.J. Miller,1.5726,Animation,Family,Columbia Pictures,Sony Pictures Animation,General,PG,7,0,Sony Pictures Releasing,37101704.0,-12898296.0
2216,2017,600000,93,0,Clay Glen,0.8031,Kelli Berglund,1.4798,Family,Drama,Full Twisting Double Back,,General,PG,3,0,,,
2217,2017,120000000,109,0,Dean Devlin,0.6154,Gerard Butler,8.5815,Action,Science Fiction,Twisted Media,Skydance Media,General,PG-13,10,0,Warner Bros.,17878368.0,-102121632.0
2218,2017,916000,99,0,Ricardo de Montreuil,0.2862,Gabriel Chavarria,0.5029,Drama,Action,Imagine Entertainment,Universal Pictures,General,PG-13,4,0,BH Tilt,3028385.0,2112385.0
2219,2017,50000000,115,0,Doug Liman,0.8618,Tom Cruise,8.76,Action,Comedy,Universal Pictures,Cross Creek Pictures,General,R,8,0,Universal Pictures,22371960.0,-27628040.0
2220,2017,28000000,99,0,Johnny Martin,0.3193,Nicolas Cage,6.3482,Action,Drama,Hannibal Classics,Patriot Pictures,General,R,3,0,,,
2221,2017,20000000,103,0,George Mendeluk,0.1718,Max Irons,1.136,War,Drama,Andamar Entertainment,Devil's Harvest Production,General,R,1,0,Roadside Attractions,297808.0,-19702192.0
2222,2017,30000000,118,1,Patrick Hughes,0.4088,Ryan Reynolds,5.6859,Action,Comedy,Campbell Grobman Films,East Light Media,The Hitman's Bodyguard,R,8,0,Lionsgate,29564004.0,-435996.0
2223,2017,50000000,116,0,Steven Spielberg,3.854,Meryl Streep,3.1563,Drama,History,20th Century Fox,DreamWorks Pictures,General,PG-13,12,1,Twentieth Century Fox,1199041.0,-48800959.0
2224,2017,30000000,121,0,Darren Aronofsky,1.0906,Jennifer Lawrence,5.6721,Drama,Horror,Paramount Pictures,Protozoa Pictures,General,R,9,0,,,
2225,2017,10000000,94,0,Greta Gerwig,2.1343,Saoirse Ronan,3.3042,Drama,Comedy,IAC Films,Scott Rudin Productions,General,R,9,0,A24,532080.0,-9467920.0
2226,2017,10000000,91,1,Michael Spierig,0.688,Tobin Bell,1.9156,Horror,Mystery,Twisted Pictures,A Bigger Boat,Jigsaw,R,10,0,Lionsgate,22136471.0,12136471.0
2227,2017,100,70,0,Maxim Ford,0.4138,Danielle Rose,0.301,Drama,Romance,La Femme Erotic,,General,NR,3,0,,,
2228,2017,1500000,90,0,Adam Randall,0.4492,Bill Milner,0.4106,Action,Science Fiction,Pretty Pictures,XYZ Films,General,NR,1,0,,,
2229,2017,125000000,97,1,Tom McGrath,0.6733,Alec Baldwin,2.354,Animation,Comedy,DreamWorks Animation,,The Boss Baby,PG,3,0,Twentieth Century Fox,63073318.0,-61926682.0
2230,2017,22000000,91,0,Ron Shelton,0.5347,Morgan Freeman,9.2254,Action,Comedy,Reel Chefs Catering,Broad Green Pictures,General,PG-13,12,1,Broad Green Pictures,4485477.0,-17514523.0
2231,2017,500000,88,1,Alexandre Bustillo,0.3918,Stephen Dorff,2.3108,Horror,Thriller,Lionsgate,Mainline Pictures,Leatherface,R,9,0,,,
2232,2017,10000000,102,0,Fabrice Du Welz,0.173,Chadwick Boseman,2.3848,Action,Mystery,The Ink Factory,Entre Chien et Loup,General,NR,5,0,,,
2233,2017,5000000,98,0,Ry Russo-Young,0.1639,Zoey Deutch,4.642,Drama,Fantasy,Jon Shestack Productions,Awesomeness Films,General,PG-13,3,0,Open Road Films (II),5928812.0,928812.0
2234,2017,5000000,102,0,Zak Hilditch,0.5159,Thomas Jane,2.8827,Horror,Crime,Campfire Studios,Lighthouse Pictures,General,NR,10,0,,,
2235,2017,6000000,94,0,Rob W. King,0.0722,Nicolas Cage,6.3482,Science Fiction,Thriller,Minds Eye Entertainment,VMI Worldwide,General,R,7,0,,,
2236,2017,743900,82,0,Tim Brown,0.0929,Dan Payne,1.0839,Horror,Thriller,Co-Pilot Film Services,,General,NR,3,0,,,
2237,2017,3400000,85,0,Rhiannon Bannenberg,0.0593,Debby Ryan,3.4178,Family,Drama,Jaggi Entertainment,,General,NR,10,0,,,
2238,2017,1000000,93,0,Raoul Peck,0.1838,Samuel L. Jackson,9.6371,Documentary,,Independent Lens,RTBF,General,R,2,0,Magnolia Pictures,,
2239,2017,11000000,120,0,Craig Gillespie,1.0897,Margot Robbie,9.8432,Drama,Comedy,LuckyChap Entertainment,Clubhouse Pictures,General,R,12,1,Neon,377365.0,-10622635.0
2240,2017,3000000,100,0,Kevin Sorbo,2.0306,Kevin Sorbo,2.0306,Drama,,LTBL Productions,Vitamin A Films,General,PG-13,10,0,Atlas Distribution Company,2392356.0,-607644.0
2241,2017,30000000,140,0,Aaron Sorkin,0.5871,Jessica Chastain,5.6098,Drama,Crime,The Mark Gordon Company,Pascal Pictures,General,R,12,1,STX Entertainment,5377480.0,-24622520.0
2242,2017,4800000,97,1,Christopher Landon,0.9686,Jessica Rothe,1.7451,Comedy,Horror,Vesuvius Productions,Blumhouse Productions,Happy Death Day,PG-13,10,0,Universal Pictures,31309365.0,26509365.0
2243,2017,3000000,121,0,Yorgos Lanthimos,2.3406,Colin Farrell,5.3528,Drama,Thriller,Element Pictures,TPC,General,R,10,0,A24,170921.0,-2829079.0
2244,2017,10000000,105,0,Colin Trevorrow,1.0545,Naomi Watts,2.8305,Drama,Crime,Sidney Kimmel Entertainment,Double Nickel Entertainment,General,PG-13,6,0,Focus Features,2157355.0,-7842645.0
2245,2017,4000000,98,0,Andrew Getty,0.5363,Frederick Koehler,0.7695,Horror,,"Writers Studio, The",Supernova,General,NR,6,0,,,
2246,2017,5000000,69,0,Scott McAboy,0.1018,Casey Simpson,0.9177,Family,Fantasy,Nickelodeon Productions,,General,G,12,1,,,
2247,2017,40000000,146,0,Gore Verbinski,1.4002,Dane DeHaan,2.9849,Horror,Mystery,Regency Enterprises,New Regency Pictures,General,R,2,0,Twentieth Century Fox,6095250.0,-33904750.0
2248,2017,65000,98,0,Vincent J. Guastini,0.1075,Cortney Palm,0.6293,Horror,Science Fiction,Thunder Road,,General,NR,4,0,,,
2249,2017,20000000,109,0,Jason Hall,0.4389,Miles Teller,4.2421,Drama,War,DreamWorks Pictures,Amblin Entertainment,General,R,10,0,GathrFilms,5094730.0,-14905270.0
2250,2017,31000000,103,0,George Nolfi,0.6533,Philip Ng Wan-Lung,1.286,Action,Drama,Groundswell Productions,Kylin Pictures,General,PG-13,8,0,BH Tilt,3657820.0,-27342180.0
2251,2017,12000000,91,0,John R. Leonetti,0.4616,Joey King,8.0795,Horror,Thriller,Broad Green Pictures,Busted Shark Productions,General,PG-13,7,0,Broad Green Pictures,8044265.0,-3955735.0
2252,2017,68000000,135,0,Alexander Payne,0.9863,Matt Damon,15.403,Drama,Science Fiction,Ad Hominem Enterprises,Gran Via Productions,General,R,12,1,Paramount Pictures,12458365.0,-55541635.0
2253,2017,30000000,110,0,Marc Forster,0.3966,Blake Lively,3.3428,Mystery,Thriller,2DUX²,SC Films International,General,R,8,0,Open Road Films (II),208360.0,-29791640.0
2254,2017,29000000,119,0,Steven Soderbergh,1.2462,Channing Tatum,4.8758,Comedy,Crime,Fingerprint Releasing,,General,PG-13,8,0,Bleecker Street Media,10667414.0,-18332586.0
2255,2017,35000000,130,0,Paul Thomas Anderson,2.719,Daniel Day-Lewis,1.5748,Drama,Romance,Focus Features,Annapurna Pictures,General,R,12,1,Focus Features,527840.0,-34472160.0
2256,2017,4000000,15,0,Richard Curtis,1.3323,Hugh Grant,2.3643,TV Movie,Comedy,Portobello Studios,BBC Film,General,PG,3,0,,,
2257,2017,28210303,93,0,Antonio Negret,0.1906,Scott Eastwood,3.782,Thriller,Action,uMedia,Kinology,General,PG-13,6,0,Vertical Entertainment,7793.0,-28202510.0
2258,2017,181972,96,0,Stephen Cone,0.3321,Jessie Pinnick,0.4182,Romance,Drama,Sunroom Pictures,,General,NR,11,1,,,
2259,2017,5500000,88,0,Martin Guigui,0.4134,Charlie Sheen,2.22,Drama,Thriller,Vitamin A Films,Black Bear Studios,General,R,9,0,,,
2260,2017,12000000,118,0,Reginald Hudlin,0.2317,Chadwick Boseman,2.3848,Drama,,Chestnut Ridge,Starlight Culture Entertainment Group,General,PG-13,10,0,Open Road Films (II),3951991.0,-8048009.0
2261,2017,2500000,97,0,Thomas J. Churchill,0.418,William Forsythe,0.7557,Action,,Chasing Butterflies,Church Hill Productions,General,NR,3,0,,,
2262,2017,63615,85,1,Lloyd Kaufman,0.5582,Asta Paredes,0.3141,Comedy,Horror,Troma Entertainment,,Return to... Return to Nuke 'Em High aka Vol.,NR,1,0,,,
2263,2017,24000000,136,0,Angelina Jolie,14.7538,Sareum Srey Moch,0.0908,War,Drama,Bophana Production,,General,R,2,0,,,
2264,2017,100000,93,0,David Lowery,0.9956,Casey Affleck,3.1493,Drama,Fantasy,Sailor Bear,Zero Trans Fat Productions,General,R,4,0,A24,142306.0,42306.0
2265,2017,5000000,91,0,Mauro Borrelli,0.1047,Wesley Snipes,3.0036,Science Fiction,Horror,VMI Worldwide,Minds Eye Entertainment,General,R,6,0,Freestyle Releasing,9550.0,-4990450.0
2266,2017,50000000,120,0,Bong Joon Ho,1.3982,Ahn Seo-hyun,0.7211,Adventure,Drama,Kate Street Picture Company,Plan B Entertainment,General,PG-13,6,0,,,
2267,2017,25000000,100,0,Dax Shepard,3.7748,Michael Peña,4.5233,Action,Comedy,Primate Pictures,Warner Bros. Pictures,General,R,3,0,,,
2268,2017,90000000,117,0,David Ayer,1.0222,Will Smith,6.4346,Fantasy,Action,Clubhouse Pictures,Overbrook Entertainment,General,R,12,1,,,
2269,2017,25000000,96,0,Zach Braff,3.1186,Morgan Freeman,9.2254,Crime,Comedy,Village Roadshow Pictures,New Line Cinema,General,PG-13,4,0,Warner Bros.,17030478.0,-7969522.0
2270,2017,25000000,101,0,Woody Allen,1.2222,Jim Belushi,2.1004,Drama,Romance,Gravier Productions,Amazon Studios,General,PG-13,12,1,Amazon Studios,166180.0,-24833820.0
2271,2017,35000000,109,0,Hany Abu-Assad,0.1311,Idris Elba,5.7282,Drama,Adventure,Chernin Entertainment,20th Century Fox,General,PG-13,10,0,Twentieth Century Fox,14852922.0,-20147078.0
2272,2017,10000000,86,0,Timothy Reckart,0.0792,Steven Yeun,2.5217,Animation,Comedy,Franklin Entertainment,Sony Pictures Animation,General,PG,11,1,Sony Pictures Releasing,15157196.0,5157196.0
2273,2017,25000000,102,1,F. Javier Gutiérrez,0.1161,Matilda Lutz,2.0113,Horror,,Paramount Pictures,Macari/Edelstein,Rings,PG-13,2,0,Paramount Pictures,15672286.0,-9327714.0
2274,2017,10000000,87,0,Isaac Florentine,0.4991,Antonio Banderas,5.077,Thriller,Action,Nu Boyana Film Studios,,General,R,10,0,,,
2275,2017,400000,93,0,Flying Lotus,0.1703,Iesha Rochelle,0.1004,Animation,Comedy,Brainfeeder Films,,General,NR,1,0,,,
2276,2017,3000000,90,0,Doug Liman,0.8618,Aaron Taylor-Johnson,4.0339,War,Thriller,Big Indie Pictures,Amazon Studios,General,R,5,0,Roadside Attractions,1257720.0,-1742280.0
2277,2017,20000000,101,0,Lucia Aniello,0.2383,Scarlett Johansson,27.1876,Drama,Comedy,Columbia Pictures,LStar Capital,General,R,6,0,Sony Pictures Releasing,11934947.0,-8065053.0
2278,2017,5000000,82,0,Jeremy Rush,0.0763,Frank Grillo,3.8106,Action,Crime,The Solution,WarParty Films,General,R,10,0,,,
2279,2017,40000000,101,0,Adam Wingard,0.755,Nat Wolff,2.0427,Crime,Fantasy,Vertigo Entertainment,Lin Pictures,General,R,8,0,,,
2280,2017,13000000,107,0,Armando Iannucci,0.5179,Steve Buscemi,3.9324,Comedy,Drama,Gaumont,Quad Productions,General,R,10,0,IFC Films,263569.0,-12736431.0
2281,2017,7000000,108,0,Angela Robinson,0.5715,Luke Evans,2.9454,Drama,Romance,Topple Productions,Boxspring Entertainment,General,R,10,0,,,
2282,2017,40000000,91,1,Cal Brunker,0.1654,Will Arnett,1.614,Animation,Family,GulfStream Pictures,Redrover,The Nut Job 2,PG,8,0,Open Road Films (II),12583645.0,-27416355.0
2283,2017,14000000,105,1,Liam O'Donnell,0.2162,Frank Grillo,3.8106,Action,Science Fiction,XYZ Films,Head Gear Films,Beyond Skyline,R,10,0,,,
2284,2017,2000000,102,0,Josh Safdie,1.1423,Robert Pattinson,5.3095,Crime,Thriller,Elara Pictures,Rhea Films,General,R,8,0,A24,175963.0,-1824037.0
2285,2017,10000000,91,0,Zoe Lister-Jones,0.7802,Zoe Lister-Jones,0.7802,Comedy,Drama,QC Entertainment,Mister Lister Films,General,R,6,0,,,
2286,2017,10000000,83,0,Richard Claus,0.7645,Rasmus Hardiker,0.3861,Comedy,Animation,A. Film Production,Ambient Entertainment,General,NR,10,0,,,
2287,2017,25000000,105,0,George Clooney,5.2692,Matt Damon,15.403,Thriller,Crime,Black Bear Pictures,Dark Castle Entertainment,General,R,10,0,Paramount Pictures,3896570.0,-21103430.0
2288,2017,30000000,95,0,Baran bo Odar,0.7267,Jamie Foxx,3.0171,Action,Crime,Vertigo Entertainment,FilmNation Entertainment,General,R,1,0,Open Road Films (II),11486904.0,-18513096.0
2289,2017,5000000,100,1,Ben Browder,0.8748,Sammi Hanratty,1.3426,Comedy,Fantasy,BKG2H Productions,Bad Kids,Bad Kids of Crestview Academy,NR,1,0,,,
2290,2017,21000000,95,0,Luis Prieto,0.1943,Halle Berry,6.2711,Action,Thriller,Ingenious Media,di Bonaventura Pictures,General,R,8,0,Aviron Pictures,14169283.0,-6830717.0
2291,2017,1000000,112,0,Aaron Moorhead,0.4201,Aaron Moorhead,0.4201,Science Fiction,Horror,Snowfort Pictures,Pfaff & Pfaff Productions,General,NR,11,1,Well Go USA Entertainment,,
2292,2017,40000000,111,0,Joseph Ruben,0.9326,Hera Hilmar,1.8081,Romance,Drama,Eastern Sunrise Films,,General,NR,3,0,,,
2293,2017,50000000,132,0,Ridley Scott,2.3966,Michelle Williams,3.8592,Crime,History,Imperative Entertainment,Lotus Production,General,R,12,1,TriStar Pictures,12712380.0,-37287620.0
2294,2017,179554,89,0,Jon Nguyen,0.3622,David Lynch,1.1323,Documentary,,Kong Gulerod Film,Duck Diver Films,General,NR,2,0,,,
2295,2017,25000000,121,0,Valerie Faris,0.3662,Emma Stone,8.3629,Drama,Comedy,Fox Searchlight Pictures,Decibel Films,General,PG-13,9,0,Fox Searchlight Pictures,676733.0,-24323267.0
2296,2017,20000000,126,0,Niki Caro,0.2455,Jessica Chastain,5.6098,Drama,History,Scion Films,Czech Anglo Pictures,General,PG-13,3,0,Focus Features,4714525.0,-15285475.0
2297,2017,2800000,87,0,Justin Barber,0.0718,Florence Hartigan,0.1438,Horror,Mystery,Cinelou Films,The Fyzz Facility,General,PG-13,4,0,Cinelou Films,2361486.0,-438514.0
2298,2017,30000000,92,1,Jérémie Degruson,0.3337,Pappy Faulkner,0.7843,Family,Animation,StudioCanal,nWave Pictures,The Son of Bigfoot,PG,7,0,,,
2299,2017,10500000,93,0,Sofia Coppola,2.5363,Colin Farrell,5.3528,Drama,,American Zoetrope,,General,R,6,0,Focus Features,319448.0,-10180552.0
2300,2017,10000000,135,0,Dee Rees,0.2603,Carey Mulligan,2.8127,Drama,,Zeal Media,Armory Films,General,R,11,1,,,
2301,2017,30000000,95,0,Charles Martin,0.1933,Orlando Bloom,2.4458,Action,Comedy,Bliss Media,,General,NR,9,0,,,
2302,2017,10000000,104,0,James Franco,4.3541,Dave Franco,5.1723,Comedy,Drama,New Line Cinema,Rabbit Bandini Productions,General,R,3,0,A24,1596774.0,-8403226.0
2303,2017,10000000,105,0,Paul McGuigan,0.3336,Annette Bening,2.0445,Romance,Drama,EON Productions,IM Global,General,NR,11,1,Sony Pictures Classics,10660.0,-9989340.0
2304,2017,6000000,92,0,Julio Soto Gurpide,0.0431,Justin Felbinger,0.2841,Animation,Family,Grindstone Entertainment Group,The Thinklab,General,PG,5,0,,,
2305,2017,15000000,112,0,Wim Wenders,0.8142,James McAvoy,3.6316,Drama,Thriller,Green Hummingbird Entertainment,Lila 9th Productions,General,NR,9,0,,,
2306,2017,15000000,109,0,Nacho Vigalondo,0.1692,Anne Hathaway,18.1883,Drama,Fantasy,Toy Fight Productions,Brightlight Pictures,General,R,4,0,Neon,153475.0,-14846525.0
2307,2017,22000000,122,0,Dan Gilroy,1.1124,Denzel Washington,6.0583,Drama,Crime,Culture China - Image Nation Abu Dhabi Fund,Cross Creek Pictures,General,PG-13,11,1,Sony Pictures Releasing,1754044.0,-20245956.0
2308,2017,22000000,112,0,Stephen Frears,0.8289,Judi Dench,2.8241,Drama,History,Working Title Films,BBC Film,General,PG-13,9,0,Focus Features,220345.0,-21779655.0
2309,2017,18000000,110,0,James Ponsoldt,0.2096,Emma Watson,9.1905,Drama,Thriller,Parkes+MacDonald Image Nation,Route One Entertainment,General,PG-13,4,0,STX Entertainment,11695113.0,-6304887.0
2310,2017,200000,84,0,Marita Grabiak,0.4996,Karissa Lee Staples,0.9402,Romance,TV Movie,Johnson Production Group,Annuit Coeptis Entertainment II,General,NR,10,0,,,
2311,2017,25000000,107,0,Justin Chadwick,0.6001,Alicia Vikander,3.616,Drama,Romance,The Weinstein Company,Worldview Entertainment,General,R,7,0,The Weinstein Company,1650220.0,-23349780.0
2312,2017,10500000,92,0,Elliott Lester,0.2009,Arnold Schwarzenegger,3.2463,Drama,Thriller,Ingenious Media,Protozoa Pictures,General,R,2,0,Freestyle Releasing,1540.0,-10498460.0
2313,2017,10000000,95,0,Fisher Stevens,1.9428,Carrie Fisher,1.654,Documentary,,HBO Documentary Films,RatPac Documentary Films,General,NR,1,0,,,
2314,2017,2000000,90,0,Miguel A. Ferrer,0.0311,Amy Johnston,1.9014,Action,,Tadross Media Group,Cineville,General,R,3,0,,,
2315,2017,15100000,106,0,Anders Walter,0.3686,Madison Wolfe,1.2446,Fantasy,Drama,XYZ Films,1492 Pictures,General,PG-13,11,1,,,
2316,2017,30000000,121,0,Peter Chelsom,0.206,Asa Butterfield,3.1554,Romance,Adventure,Los Angeles Media Fund,Southpaw Entertainment,General,PG-13,1,0,STX Entertainment,4825158.0,-25174842.0
2317,2017,500000,90,1,Bryce Wagoner,0.9747,Ginger Lynn Allen,25.008,Documentary,,Karbonshark,WeBros Entertainment,After Porn Ends,NR,3,0,,,
2318,2017,22000000,91,0,Richie Keen,0.3848,Charlie Day,2.9081,Comedy,,Wrigley Pictures,New Line Cinema,General,R,2,0,Warner Bros.,16874827.0,-5125173.0
2319,2017,8000000,90,0,Hèctor Hernández Vicens,0.1693,Sophie Skelton,0.8304,Action,Horror,Nu Boyana Film Studios,,General,R,12,1,,,
2320,2017,1800000,84,0,Ron Oliver,0.2086,Cassidy Gifford,0.5532,Comedy,TV Movie,Hallmark Media,Storybox Entertainment,General,G,4,0,,,
2321,2017,7400000,96,0,Stacy Title,0.2473,Douglas Smith,1.0702,Horror,Thriller,Los Angeles Media Fund,Intrepid Pictures,General,PG-13,1,0,STX Entertainment,16559630.0,9159630.0
2322,2017,5000000,91,0,Trey Edward Shults,0.6177,Joel Edgerton,4.394,Drama,Horror,A24,Animal Kingdom,General,R,6,0,A24,8523164.0,3523164.0
2323,2017,42000000,90,0,Jonathan Levine,0.3281,Amy Schumer,2.9388,Action,Comedy,Chernin Entertainment,Feigco Entertainment,General,R,5,0,Twentieth Century Fox,25182600.0,-16817400.0
2324,2017,40000000,139,0,Benny Boom,0.2107,Demetrius Shipp Jr.,0.6659,History,Drama,Morgan Creek Entertainment,The Program Pictures,General,R,6,0,Lionsgate,32792319.0,-7207681.0
2325,2017,25000000,125,0,Richard Linklater,1.5973,Steve Carell,4.2116,Drama,Comedy,Detour Filmproduction,Zenzero Pictures,General,R,11,1,Lionsgate,69773.0,-24930227.0
2326,2017,1000000,93,0,Ian Truitner,0.1184,Sunny Mabrey,1.0427,Science Fiction,,Thousand Mile Media,High Octane Pictures,General,NR,4,0,,,
2327,2017,10000000,105,0,Ernie Barbarash,0.5029,Eliza Taylor,2.1069,Romance,Comedy,Hideaway Pictures,Motion Picture Corporation of America,General,NR,12,1,,,
2328,2017,3000000,90,1,Anthony C. Ferrante,0.3605,Ian Ziering,0.6127,Action,Comedy,Syfy,The Asylum,Sharknado 5,NR,8,0,,,
2329,2017,9831962,106,0,Xavier Gens,0.311,David Oakes,0.6863,Horror,Fantasy,KanZaman Productions,Babieka Films,General,NR,10,0,,,
2330,2017,34000000,143,0,Kathryn Bigelow,1.148,John Boyega,1.3733,Drama,Thriller,Annapurna Pictures,Page 1,General,R,7,0,Annapurna Pictures,515482.0,-33484518.0
2331,2017,3000000,112,0,Jon Gunn,0.985,Mike Vogel,1.1009,Drama,,Pure Flix Entertainment,Triple Horse Studios,General,PG,4,0,Pure Flix Entertainment,5727704.0,2727704.0
2332,2017,1000000,100,1,Bonni Cohen,0.2299,Al Gore,0.2058,Documentary,,Participant,Actual Films,An Inconvenient Sequel,PG,7,0,Paramount Pictures,152371.0,-847629.0
2333,2017,10000000,129,0,Terrence Malick,0.6816,Michael Fassbender,3.7679,Romance,Drama,FilmNation Entertainment,Waypoint Entertainment,General,R,3,0,,,
2334,2017,6000000,82,0,Alex Tavakoli,0.0286,Scarlett Hefner,0.6575,Action,Thriller,Visionz International,,General,NR,11,1,,,
2335,2017,25000000,113,0,Lawrence Sher,1.1325,Owen Wilson,4.1783,Comedy,,Alcon Entertainment,The Montecito Picture Company,General,R,12,1,Warner Bros.,9063922.0,-15936078.0
2336,2017,4000000,87,0,Joe Miale,0.2538,Lee Pace,2.9352,Science Fiction,Action,Automatik Entertainment,Tea Shop & Film Company,General,R,7,0,,,
2337,2017,25000000,100,1,Tyler Perry,2.1061,Tyler Perry,2.1061,Comedy,,Tyler Perry Studios,,Boo 2! A Madea Halloween,PG-13,10,0,Lionsgate,25521643.0,521643.0
2338,2017,10000000,92,0,Steven C. Miller,0.2152,Nicolas Cage,6.3482,Thriller,Crime,Ingenious Media,Highland Film Group,General,R,1,0,,,
2339,2017,10000000,97,0,Steven C. Miller,0.2152,Bruce Willis,4.9534,Action,Thriller,Ingenious Media,Brookstreet Pictures,General,R,7,0,,,
2340,2017,5000000,87,0,Jeffrey Blitz,0.6376,Anna Kendrick,4.3959,Comedy,Drama,Story Ink,21 Laps Entertainment,General,PG-13,3,0,Fox Searchlight Pictures,2136700.0,-2863300.0
2341,2017,10000000,92,0,Scott Windhauser,0.1348,Dolph Lundgren,4.9853,Action,Horror,Aldamisa Entertainment,Badhouse Studios Mexico,General,R,7,0,,,
2342,2017,5000000,91,0,Dan Bush,0.4266,James Franco,4.3541,Horror,Thriller,Psychopia Pictures,Imprint Entertainment,General,NR,9,0,FilmRise,600.0,-4999400.0
2343,2017,6000000,90,0,Brad Silberling,0.7744,Ben Kingsley,2.8673,Action,Drama,Enderby Entertainment,Reveal Entertainment,General,R,10,0,,,
2344,2017,2000000,102,0,Catalina Aguilar Mastretta,0.103,Karla Souza,1.0757,Romance,Comedy,Pantelion Films,Draco Films,General,PG-13,2,0,Pantelion Films,1266952.0,-733048.0
2345,2018,300000000,149,1,Joe Russo,0.5991,Robert Downey Jr.,7.311,Adventure,Action,Marvel Studios,,Avengers,PG-13,4,0,Walt Disney Studios Motion Pictures,338332540.0,38332540.0
2346,2018,5500000,90,0,Raja Gosnell,0.4874,Will Arnett,1.614,Adventure,Crime,Riverstone Pictures,Open Road Films,General,PG,5,0,Global Road Entertainment,7594725.0,2094725.0
2347,2018,160000000,143,1,James Wan,1.9086,Jason Momoa,9.7049,Action,Adventure,Warner Bros. Pictures,The Safran Company,Aquaman,PG-13,12,1,Warner Bros.,132233615.0,-27766385.0
2348,2018,75000000,85,0,Yarrow Cheney,0.302,Benedict Cumberbatch,6.3234,Family,Comedy,Illumination,Dr. Seuss Enterprises,General,PG,11,1,Universal Pictures,88376280.0,13376280.0
2349,2018,88000000,107,1,Shane Black,0.9573,Boyd Holbrook,2.0354,Science Fiction,Action,Davis Entertainment,TSG Entertainment,The Predator,R,9,0,Twentieth Century Fox,31735122.0,-56264878.0
2350,2018,90000000,117,1,Bob Persichetti,0.7662,Shameik Moore,1.4372,Animation,Action,Columbia Pictures,Lord Miller,Spider-Man,PG,12,1,Sony Pictures Releasing,48100063.0,-41899937.0
2351,2018,200000000,118,1,Brad Bird,1.4167,Craig T. Nelson,2.0882,Action,Adventure,Pixar,,Incredibles,PG,6,0,Walt Disney Studios Motion Pictures,233375536.0,33375536.0
2352,2018,175000000,140,0,Steven Spielberg,3.854,Tye Sheridan,1.7145,Adventure,Action,Amblin Entertainment,Warner Bros. Pictures,General,PG-13,3,0,Warner Bros.,68346687.0,-106653313.0
2353,2018,10000000,128,0,Ari Aster,1.6338,Toni Collette,2.8332,Horror,Mystery,PalmStar Media,Pulse Films,General,R,6,0,A24,20161120.0,10161120.0
2354,2018,22000000,96,1,Corin Hardy,0.532,Taissa Farmiga,5.7531,Horror,,New Line Cinema,Atomic Monster,The Nun,R,9,0,Warner Bros.,66886792.0,44886792.0
2355,2018,48000000,118,0,Sean Anders,1.0064,Mark Wahlberg,13.7743,Comedy,Drama,Closest to the Hole Productions,Paramount Pictures,General,PG-13,11,1,Paramount Pictures,23254178.0,-24745822.0
2356,2018,200000000,135,1,Ryan Coogler,2.021,Chadwick Boseman,2.3848,Action,Adventure,Marvel Studios,,Black Panther,PG-13,2,0,Walt Disney Studios Motion Pictures,242155680.0,42155680.0
2357,2018,1328931,90,0,John V. Soto,0.1259,Jacqueline McKenzie,0.7667,Science Fiction,,Filmscope Entertainment,Convergence Productions Pty,General,NR,5,0,,,
2358,2018,59000000,86,1,John Stevenson,0.2497,Johnny Depp,6.5752,Animation,Family,Rocket Pictures,Paramount Animation,Sherlock Gnomes,PG,3,0,Paramount Pictures,15820646.0,-43179354.0
2359,2018,6000000,114,0,Sebastián Lelio,0.1303,Rachel Weisz,4.2009,Drama,Romance,Braven Films,Element Pictures,General,R,4,0,Bleecker Street Media,328373.0,-5671627.0
2360,2018,55000000,105,1,James Foley,0.2799,Dakota Johnson,9.3955,Drama,Romance,Universal Pictures,Michael De Luca Productions,Fifty Shades Freed,R,1,0,Universal Pictures,45277850.0,-9722150.0
2361,2018,43000000,115,1,Fede Álvarez,0.3897,Claire Foy,1.8412,Action,Crime,Columbia Pictures,Metro-Goldwyn-Mayer,The Girl in the Spider's Web,R,10,0,Sony Pictures Releasing,10790523.0,-32209477.0
2362,2018,30000000,107,0,Eli Roth,1.505,Bruce Willis,4.9534,Action,Crime,Metro-Goldwyn-Mayer,Cave 76 Productions,General,R,3,0,Metro-Goldwyn-Mayer (MGM),17275301.0,-12724699.0
2363,2018,10000000,93,0,Sylvain White,0.2711,Joey King,8.0795,Horror,Mystery,Madhouse Entertainment,Mythology Entertainment,General,PG-13,5,0,Screen Gems,15776579.0,5776579.0
2364,2018,116000000,112,1,Ruben Fleischer,1.0433,Tom Hardy,10.2616,Science Fiction,Action,Matt Tolmach Productions,Pascal Pictures,Venom,PG-13,9,0,Dimension Films,107622151.0,-8377849.0
2365,2018,170000000,129,1,J.A. Bayona,0.8521,Chris Pratt,5.0185,Action,Adventure,Amblin Entertainment,Universal Pictures,Jurassic World,PG-13,6,0,Universal Pictures,181140670.0,11140670.0
2366,2018,2800000,91,0,Scott Speer,0.1855,Bella Thorne,2.8736,Romance,Drama,Boies/Schiller Film Group,Wrigley Pictures,General,PG-13,3,0,Global Road Entertainment,5849216.0,3049216.0
2367,2018,36000000,136,0,Bradley Cooper,3.143,Lady Gaga,1.569,Music,Drama,Warner Bros. Pictures,Live Nation Productions,General,R,10,0,Warner Bros.,64810360.0,28810360.0
2368,2018,13000000,97,1,Gerard McMurray,0.1733,Y'lan Noel,0.4056,Action,Horror,Platinum Dunes,Blumhouse Productions,The First Purge,R,7,0,Universal Pictures,36611585.0,23611585.0
2369,2018,80000000,97,1,Genndy Tartakovsky,0.5195,Adam Sandler,4.1529,Animation,Comedy,Columbia Pictures,Sony Pictures Animation,Hotel Transylvania 3,PG,6,0,Sony Pictures Releasing,66662884.0,-13337116.0
2370,2018,110000000,120,1,David Leitch,1.2761,Ryan Reynolds,5.6859,Action,Comedy,Maximum Effort,Genre Films,Deadpool,R,5,0,Twentieth Century Fox,164707352.0,54707352.0
2371,2018,13000000,110,1,Dimitri Logothetis,0.2528,Alain Moussi,1.1062,Action,Drama,Our House Films,Head Gear Films,Kickboxer,NR,1,0,,,
2372,2018,25000000,102,0,Pierre Morel,0.5911,Jennifer Garner,3.2312,Action,Thriller,STXfilms,Lakeshore Entertainment,General,R,9,0,STX Entertainment,18175804.0,-6824196.0
2373,2018,23000000,130,0,Peter Farrelly,1.252,Viggo Mortensen,2.9793,Drama,Comedy,Participant,DreamWorks Pictures,General,PG-13,11,1,Universal Pictures,2358981.0,-20641019.0
2374,2018,40000000,121,0,Donovan Marsh,0.8047,Gerard Butler,8.5815,Action,Adventure,Original Film,G-BASE,General,R,10,0,Lionsgate,9440116.0,-30559884.0
2375,2018,6700000,90,0,Joe Syracuse,0.3264,Michael Caine,5.5849,Comedy,,Cinedigm Entertainment,Hector Coup,General,NR,3,0,,,
2376,2018,120000000,99,0,Lasse Hallström,1.3838,Mackenzie Foy,3.9656,Fantasy,Adventure,Walt Disney Pictures,The Mark Gordon Company,General,PG,10,0,Walt Disney Studios Motion Pictures,25691534.0,-94308466.0
2377,2018,42000000,90,0,Etan Cohen,0.982,Will Ferrell,2.198,Comedy,Mystery,Columbia Pictures,Mimran Schur Pictures,General,PG-13,12,1,Sony Pictures Releasing,21249250.0,-20750750.0
2378,2018,178000000,147,1,Christopher McQuarrie,0.7084,Tom Cruise,8.76,Action,Adventure,Paramount Pictures,Bad Robot,Mission,PG-13,7,0,Paramount Pictures,89487371.0,-88512629.0
2379,2018,52000000,135,0,Bryan Singer,0.7757,Rami Malek,5.3732,Music,Drama,20th Century Fox,Regency Enterprises,General,PG-13,10,0,Twentieth Century Fox,69160548.0,17160548.0
2380,2018,17000000,91,1,John Krasinski,6.0673,Emily Blunt,19.2777,Horror,Drama,Paramount Pictures,Platinum Dunes,A Quiet Place,PG-13,4,0,Paramount Pictures,67035885.0,50035885.0
2381,2018,35000000,122,1,Stefano Sollima,1.6321,Benicio del Toro,3.8168,Action,Crime,Thunder Road,Black Label Media,Sicario,R,6,0,Sony Pictures Releasing,28002070.0,-6997930.0
2382,2018,70000000,111,0,Gary Ross,0.6313,Sandra Bullock,7.9497,Crime,Comedy,Village Roadshow Pictures,Warner Bros. Pictures,General,PG-13,6,0,Warner Bros.,78588354.0,8588354.0
2383,2018,2500000,90,0,Tommy Wiklund,0.6073,Thomas Lennon,0.9403,Horror,Comedy,Zero Trans Fat Productions,Cinestate,General,NR,8,0,,,
2384,2018,62770198,101,0,Wes Anderson,2.2128,Bryan Cranston,4.7305,Adventure,Comedy,Studio Babelsberg,American Empirical Pictures,General,PG-13,3,0,Fox Searchlight Pictures,3114456.0,-59655742.0
2385,2018,38000000,110,0,Julius Avery,0.5271,Jovan Adepo,2.1048,Horror,War,Bad Robot,Paramount Pictures,General,R,11,1,Paramount Pictures,13892889.0,-24107111.0
2386,2018,37000000,100,0,John Francis Daley,1.5181,Jason Bateman,6.0826,Mystery,Comedy,New Line Cinema,Aggregate Films,General,R,2,0,Warner Bros.,22827766.0,-14172234.0
2387,2018,4000000,105,0,Pasha Patriki,0.9537,Jean-Claude Van Damme,7.5435,Action,Thriller,Dawn's Light,Rodin Entertainment,General,R,5,0,,,
2388,2018,150000000,113,1,Jon Turteltaub,0.9367,Jason Statham,18.2824,Action,Science Fiction,Apelles Entertainment,Gravity Pictures,The Meg,PG-13,8,0,Warner Bros.,62609062.0,-87390938.0
2389,2018,34000000,105,0,Jennifer Yuh Nelson,0.4609,Amandla Stenberg,2.7531,Action,Adventure,21 Laps Entertainment,20th Century Fox,General,PG-13,7,0,Twentieth Century Fox,8845552.0,-25154448.0
2390,2018,15000000,115,0,Joel Edgerton,4.394,Lucas Hedges,0.9868,Drama,,Anonymous Content,Blue-Tongue Films,General,R,9,0,Focus Features,273164.0,-14726836.0
2391,2018,50000000,93,1,Will Gluck,0.5104,James Corden,1.715,Animation,Adventure,Columbia Pictures,Olive Bridge Entertainment,Peter Rabbit,PG,2,0,Sony Pictures Releasing,28010075.0,-21989925.0
2392,2018,80000000,96,0,Karey Kirkpatrick,0.4212,Channing Tatum,4.8758,Family,Comedy,Warner Animation Group,Zaftig Films,General,PG,9,0,Warner Bros.,27860945.0,-52139055.0
2393,2018,18000000,102,0,James Marsh,0.7838,Colin Firth,3.4876,Drama,Adventure,BBC Film,Blueprint Pictures,General,PG-13,2,0,,,
2394,2018,35000,84,1,Damien Leone,1.0357,David Howard Thornton,2.6153,Horror,Thriller,Dark Age Cinema,,Terrifier,NR,1,0,Iconic Events Releasing,323015.0,288015.0
2395,2018,100000000,116,0,Otto Bathurst,0.4142,Taron Egerton,5.5431,Adventure,Action,Appian Way,Safehouse Pictures,General,PG-13,11,1,Universal Pictures,63292871.0,-36707129.0
2396,2018,8500000,100,0,Simon Kaijser,0.1651,Guy Pearce,3.5992,Mystery,Thriller,Chimney Poland,Irish Dreamtime,General,R,4,0,,,
2397,2018,4900000,97,0,Michael Sucsy,0.3304,Angourie Rice,2.2493,Romance,Fantasy,FilmWave,Likely Story,General,PG-13,2,0,Image Entertainment,3714931.0,-1185069.0
2398,2018,62000000,121,1,Antoine Fuqua,0.6658,Denzel Washington,6.0583,Action,Thriller,Lonetree Entertainment,Fuqua Films,The Equalizer,R,7,0,Sony Pictures Releasing,50231345.0,-11768655.0
2399,2018,62000000,143,1,Wes Ball,1.1809,Dylan O'Brien,6.1271,Science Fiction,Action,The Gotham Group,Temple Hill Entertainment,Maze Runner,PG-13,1,0,Twentieth Century Fox,29560199.0,-32439801.0
2400,2018,175000000,112,1,Rich Moore,0.5752,John C. Reilly,2.4497,Family,Animation,Walt Disney Animation Studios,,Ralph Breaks the Internet,PG,11,1,Walt Disney Studios Motion Pictures,90237295.0,-84762705.0
2401,2018,29000000,111,0,Malcolm D. Lee,0.4366,Kevin Hart,6.0233,Comedy,,HartBeat Productions,Will Packer Productions,General,PG-13,9,0,Universal Pictures,34476355.0,5476355.0
2402,2018,5700000,105,1,Michael Mason,0.0505,David A.R. White,0.6044,Drama,,Pure Flix Entertainment,,God's Not Dead,PG,3,0,Pure Flix Entertainment,3818081.0,-1881919.0
2403,2018,36000,75,1,Brendan Steere,0.4634,Gregory James Cohan,0.5994,Action,Horror,WildEye Releasing,Hollow Tree Productions,The VelociPastor,NR,9,0,,,
2404,2018,200000,90,0,Jim Cummings,0.4099,Jim Cummings,0.4099,Comedy,Drama,Vanishing Angle,The 10 East,General,NR,9,0,,,
2405,2018,19800000,124,1,Susanne Bier,0.5078,Sandra Bullock,7.9497,Horror,Thriller,Bluegrass Films,Chris Morgan Productions,Bird Box,R,12,1,,,
2406,2018,5000000,100,0,Clive Tonge,0.1158,Olga Kurylenko,4.5424,Crime,Horror,Moon River Studios,Aloe Entertainment,General,R,8,0,,,
2407,2018,24000000,124,0,Chris Weitz,0.5979,Oscar Isaac,6.0141,Drama,History,Automatik Entertainment,Metro-Goldwyn-Mayer,General,PG-13,8,0,Metro-Goldwyn-Mayer (MGM),10222752.0,-13777248.0
2408,2018,94000000,118,0,Roar Uthaug,0.2928,Alicia Vikander,3.616,Action,Adventure,Square Enix,GK Films,General,PG-13,3,0,Warner Bros.,31318108.0,-62681892.0
2409,2018,2300000,90,0,Stephan Rick,0.2142,Val Kilmer,1.7664,Thriller,Horror,Lionsgate,Wolf Entertainment,General,R,11,1,,,
2410,2018,15000000,94,0,Drew Pearce,0.333,Jodie Foster,5.9869,Thriller,Science Fiction,The Ink Factory,Marc Platt Productions,General,R,6,0,Global Road Entertainment,5094696.0,-9905304.0
2411,2018,60000000,132,0,Adam McKay,1.2573,Christian Bale,6.5434,Drama,Comedy,Annapurna Pictures,Gary Sanchez Productions,General,R,12,1,Annapurna Pictures,19776167.0,-40223833.0
2412,2018,120000000,107,0,Brad Peyton,0.3599,Dwayne Johnson,5.6007,Action,Adventure,Wrigley Pictures,New Line Cinema,General,PG-13,4,0,Warner Bros.,45600066.0,-74399934.0
2413,2018,6000000,108,0,Dinesh D'Souza,1.167,Dinesh D'Souza,1.167,Documentary,History,D'Souza Media,,General,PG-13,8,0,Pure Flix / Quality Flix,3533941.0,-2466059.0
2414,2018,29000000,111,0,Yann Demange,0.5507,Matthew McConaughey,9.2816,Crime,Drama,Studio 8,Protozoa Pictures,General,R,9,0,Studio 8,12410368.0,-16589632.0
2415,2018,40000000,115,0,Alex Garland,1.104,Natalie Portman,5.7498,Science Fiction,Horror,Paramount Pictures,Skydance Media,General,R,2,0,Paramount Pictures,14986742.0,-25013258.0
2416,2018,150000000,111,1,Steven S. DeKnight,0.3662,John Boyega,1.3733,Action,Fantasy,Legendary Pictures,Double Dare You,Pacific Rim,PG-13,3,0,Universal Pictures,36465820.0,-113534180.0
2417,2018,250000000,135,0,Ron Howard,2.9724,Alden Ehrenreich,1.9489,Science Fiction,Adventure,Lucasfilm Ltd.,,General,PG-13,5,0,Walt Disney Studios Motion Pictures,119592692.0,-130407308.0
2418,2018,1700000,86,0,Jonah Hill,2.4314,Sunny Suljic,1.2726,Drama,Comedy,A24,Waypoint Entertainment,General,R,10,0,,,
2419,2018,30000000,140,1,Christian Gudegast,0.883,Gerard Butler,8.5815,Crime,Thriller,Atmosphere Entertainment MM,Diamond Film Productions,Den of Thieves,R,1,0,STX Entertainment,20142445.0,-9857555.0
2420,2018,140000000,119,1,Peyton Reed,0.5581,Paul Rudd,3.0344,Action,Adventure,Marvel Studios,,Ant-Man and the Wasp,PG-13,7,0,Walt Disney Studios Motion Pictures,92839005.0,-47160995.0
2421,2018,4000000,98,0,Zeek Earl,0.0143,Sophie Thatcher,4.7651,Science Fiction,,Depth of Field,Bron Studios,General,R,10,0,,,
2422,2018,75000000,114,1,Ol Parker,0.7088,Lily James,4.4731,Comedy,Romance,Littlestar,Playtone,Mamma Mia! Here We Go Again,PG-13,7,0,Universal Pictures,55424525.0,-19575475.0
2423,2018,175000000,105,0,Andy Serkis,3.0658,Rohan Chand,0.402,Adventure,Drama,The Imaginarium,Warner Bros. Pictures,General,PG-13,11,1,,,
2424,2018,1500000,98,0,Steven Soderbergh,1.2462,Claire Foy,1.8412,Horror,Thriller,Fingerprint Releasing,Regency Enterprises,General,R,3,0,Bleecker Street Media,5381463.0,3881463.0
2425,2018,13000000,95,0,James Oakley,0.099,Uma Thurman,8.3886,Comedy,Crime,Autumn Productions,BondIt,General,R,5,0,,,
2426,2018,135000000,113,0,Travis Knight,1.3758,Dylan O'Brien,6.1271,Action,Adventure,Paramount Pictures,Allspark Pictures,General,PG-13,11,1,Paramount Pictures,46278020.0,-88721980.0
2427,2018,35000000,90,1,Ari Sandel,0.4916,Jeremy Ray Taylor,1.3925,Comedy,Fantasy,Columbia Pictures,Original Film,Goosebumps 2,PG,10,0,Sony Pictures Releasing,19089812.0,-15910188.0
2428,2018,50000000,130,1,Steven Caple Jr.,0.415,Michael B. Jordan,3.9987,Drama,Action,Metro-Goldwyn-Mayer,New Line Cinema,Creed,PG-13,11,1,Metro-Goldwyn-Mayer (MGM),60994745.0,10994745.0
2429,2018,30000000,121,0,Jon M. Chu,2.3895,Constance Wu,1.6202,Comedy,Romance,SK Global Entertainment,Color Force,General,PG-13,8,0,Warner Bros.,44431761.0,14431761.0
2430,2018,110000000,118,0,David Leitch,1.2761,Ryan Reynolds,5.6859,Comedy,Action,20th Century Fox,Genre Films,General,PG-13,12,1,,,
2431,2018,1500000,93,1,Steven Kostanski,0.4889,Taylor Spreitler,0.38,Horror,Comedy,Lionsgate,Syfy,Leprechaun,R,12,1,,,
2432,2018,2300000,104,0,Mat Whitecross,0.7528,Guy Berryman,0.621,Music,Documentary,Mint Pictures,,General,NR,11,1,,,
2433,2018,12500000,86,1,Johannes Roberts,0.3291,Bailee Madison,2.2258,Horror,Thriller,Aviron Pictures,White Comet Films,The Strangers,R,3,0,Aviron Pictures,13802052.0,1302052.0
2434,2018,5000000,86,0,Raúl de la Fuente,0.6361,Artur Queiroz,0.2286,Animation,Documentary,Kanaki Films,Puppetworks Animation Studio,General,NR,10,0,GKIDS,3190.0,-4996810.0
2435,2018,15000000,115,0,Roland Joffé,0.5151,Forest Whitaker,3.417,Thriller,Drama,Light and Dark Films,Jeff Rice Films,General,R,3,0,Roadside Attractions,215314.0,-14784686.0
2436,2018,23000000,133,0,George Tillman Jr.,0.3631,Amandla Stenberg,2.7531,Crime,Drama,Temple Hill Entertainment,,General,PG-13,10,0,Twentieth Century Fox,712314.0,-22287686.0
2437,2018,130178,90,1,James Thomas,0.297,Michael Madsen,2.3352,Action,Science Fiction,The Asylum,,Megalodon,PG-13,8,0,,,
2438,2018,40000000,117,0,Susanna Fogel,0.6762,Mila Kunis,6.5315,Comedy,Action,Imagine Entertainment,Lionsgate,General,R,8,0,Lionsgate,17960385.0,-22039615.0
2439,2018,20000000,100,0,Andrew Niccol,0.8005,Clive Owen,2.9839,Science Fiction,Crime,K5 Film,K5 International,General,R,5,0,,,
2440,2018,32000000,110,0,Abby Kohn,0.2883,Amy Schumer,2.9388,Comedy,Romance,Wonderland Sound and Vision,Voltage Pictures,General,PG-13,4,0,STX Entertainment,21443561.0,-10556439.0
2441,2018,5000000,108,0,Andrew Hyatt,0.1795,Jim Caviezel,4.9482,Drama,,Outside Da Box,Affirm Films,General,PG-13,3,0,Affirm Films,8030838.0,3030838.0
2442,2018,12000000,122,0,Orson Welles,1.1268,John Huston,1.4332,Drama,,SACI,Les Films de l'Astrophore,General,R,11,1,,,
2443,2018,2000000,121,0,Timo Tjahjanto,1.0325,Joe Taslim,1.1069,Action,Crime,Screenplay Infinite Films,XYZ Films,General,NC-17,10,0,,,
2444,2018,2000000,89,1,Michael J. Gallagher,0.5485,Logan Paul,0.9592,Action,Drama,Cinemand,Legendary Digital Media,The Thinning,NR,10,0,,,
2445,2018,69000000,140,0,Francis Lawrence,1.872,Jennifer Lawrence,5.6721,Thriller,Mystery,Chernin Entertainment,20th Century Fox,General,R,2,0,Twentieth Century Fox,22968743.0,-46031257.0
2446,2018,22000000,105,0,Kevin R. Adams,0.2552,John Krasinski,6.0673,Animation,Action,Baozou Manhua,Tangent Animation,General,PG,9,0,,,
2447,2018,42000000,129,0,Steve McQueen,0.904,Viola Davis,3.4759,Crime,Thriller,20th Century Fox,Regency Enterprises,General,R,11,1,Twentieth Century Fox,17630960.0,-24369040.0
2448,2018,3000000,100,0,Leigh Whannell,1.2703,Logan Marshall-Green,1.9264,Action,Thriller,Goalpost Pictures,Automatik Entertainment,General,R,5,0,BH Tilt,6961605.0,3961605.0
2449,2018,30000000,102,0,Josh Baker,0.0966,Myles Truitt,0.9113,Science Fiction,Action,21 Laps Entertainment,No Trace Camping,General,PG-13,8,0,Lionsgate,4513611.0,-25486389.0
2450,2018,65000000,127,0,Feng Xiao,0.6542,Liu Ye,1.6813,Action,Drama,Origin Artistic,Shanghai Film Group,General,R,10,0,,,
2451,2018,20000000,90,1,Lynne Southerland,0.5716,Cassandra Lee Morris,0.4772,Animation,Adventure,Gold Valley Films,Gold Valley Films,Cinderella and the Secret Prince,PG,9,0,,,
2452,2018,30000000,94,0,Clint Eastwood,4.2252,Ray Corasani,0.7156,Drama,Thriller,Warner Bros. Pictures,Malpaso Productions,General,PG-13,2,0,Warner Bros.,17747717.0,-12252283.0
2453,2018,25000000,124,0,Josie Rourke,0.7276,Saoirse Ronan,3.3042,Drama,History,Focus Features,Working Title Films,General,R,12,1,Focus Features,262835.0,-24737165.0
2454,2018,3500000,100,0,Michael Spierig,0.688,Jason Clarke,3.1098,Horror,Thriller,Imagination Design Works,Blacklab Entertainment,General,PG-13,2,0,Lionsgate,12127358.0,8627358.0
2455,2018,3500000,115,0,Gus Van Sant,1.121,Joaquin Phoenix,5.028,Comedy,Drama,Anonymous Content,Iconoclast,General,R,4,0,Amazon Studios,115025.0,-3384975.0
2456,2018,7000000,110,1,Jon Erwin,0.166,J. Michael Finley,0.3452,Music,Drama,Kevin Downes Productions,Mission Pictures International,I Can Only Imagine,PG,2,0,Roadside Attractions,24479491.0,17479491.0
2457,2018,25000000,119,0,Felix van Groeningen,0.1452,Steve Carell,4.2116,Drama,,Plan B Entertainment,,General,R,10,0,Anchor Bay Films,307176.0,-24692824.0
2458,2018,10000000,98,0,Jon S. Baird,0.207,Steve Coogan,0.9911,Comedy,Drama,Fable Pictures,Entertainment One,General,PG,12,1,,,
2459,2018,2000000,105,0,Matthew Ross,0.3867,Keanu Reeves,11.5062,Crime,Romance,Buffalo Gal Pictures,Summerstorm Entertainment,General,R,7,0,,,
2460,2018,30000000,105,0,Ben Falcone,1.1077,Melissa McCarthy,2.007,Comedy,,On the Day,New Line Cinema,General,PG-13,5,0,Warner Bros.,23311507.0,-6688493.0
2461,2018,1600000,127,0,Erik Matti,0.5014,Anne Curtis,0.9418,Action,Drama,Reality Entertainment,Viva Films,General,NR,8,0,,,
2462,2018,1000000,85,0,Steven Luke,1.3518,Jeremy Michael Pereira,0.145,Action,War,Unknown,,General,PG-13,2,0,,,
2463,2018,200000000,134,1,David Yates,1.0555,Eddie Redmayne,4.3591,Fantasy,Adventure,Warner Bros. Pictures,Heyday Films,Fantastic Beasts,PG-13,11,1,Warner Bros.,87178811.0,-112821189.0
2464,2018,20000000,120,0,Mimi Leder,0.659,Felicity Jones,5.126,Drama,History,Participant,Alibaba Pictures Group,General,PG-13,12,1,Focus Features,1676622.0,-18323378.0
2465,2018,10000000,106,1,David Gordon Green,0.4867,Jamie Lee Curtis,5.9583,Horror,Thriller,Universal Pictures,Blumhouse Productions,Halloween,R,10,0,Metro-Goldwyn-Mayer (MGM),128852484.0,118852484.0
2466,2018,87500,120,0,Chris Delforce,0.0579,Rooney Mara,2.1802,Documentary,,Aussie Farms,,General,NR,3,0,,,
2467,2018,10000000,103,1,Adam Robitel,0.7573,Lin Shaye,1.697,Horror,Thriller,Stage 6 Films,Blumhouse Productions,Insidious,PG-13,1,0,Universal Pictures,36241140.0,26241140.0
2468,2018,1200000,129,0,Ethan Hawke,8.4233,Ben Dickey,0.172,Drama,Music,Ansgar Media,Cinetic Media,General,R,8,0,IFC Films,53190.0,-1146810.0
2469,2018,100000,94,0,Matt Angel,0.6409,Dylan Minnette,3.4645,Horror,Thriller,Unknown,,General,NR,1,0,,,
2470,2018,12000000,96,0,Alexandre Moors,0.8723,Tye Sheridan,1.7145,War,Drama,Cinelou Films,Echo Films,General,R,5,0,,,
2471,2018,35000000,130,0,Nicolai Fuglsig,0.5445,Chris Hemsworth,7.7826,War,Drama,Torridon Films,Alcon Entertainment,General,R,1,0,Warner Bros.,21124610.0,-13875390.0
2472,2018,15000000,102,0,Jodi Scurfield,0.1016,John Travolta,3.7668,Crime,Drama,Pimienta,Blue Rider Pictures,General,R,11,1,,,
2473,2018,750000,107,0,Duncan McMath,0.0261,Pep Guardiola,0.604,Documentary,,Zoomsport International,Universal Pictures,General,NR,11,1,,,
2474,2018,100000000,128,0,Christian Rivers,0.8733,Hera Hilmar,1.8081,Adventure,Science Fiction,Scholastic Productions,Silvertongue Films,General,PG-13,11,1,Universal Pictures,10264960.0,-89735040.0
2475,2018,120000,83,0,Caitlin Koller,0.0168,Carrie Preston,1.4843,Horror,Comedy,Film Camp,,General,NR,11,1,,,
2476,2018,10000000,96,0,Stephanie Laing,0.5208,Gugu Mbatha-Raw,1.7721,Comedy,Drama,Rocliffe Ltd.,Opposite Field Pictures,General,NR,2,0,,,
2477,2018,16000000,103,0,Peter Segal,0.8752,Jennifer Lopez,3.938,Romance,Comedy,STXfilms,Nuyorican Productions,General,PG-13,11,1,STX Entertainment,14564062.0,-1435938.0
2478,2018,10000000,78,1,Ethan Spaulding,0.3417,James Arnold Taylor,0.6639,Adventure,Animation,Warner Bros. Animation,DC Entertainment,LEGO DC Comics Super Heroes,NR,2,0,,,
2479,2018,20000000,120,0,Tyler Perry,2.1061,Taraji P. Henson,2.7581,Drama,Thriller,Tyler Perry Studios,Lionsgate,General,R,3,0,Lionsgate,23284580.0,3284580.0
2480,2018,5000000,94,0,Lin Oeding,0.3207,Jason Momoa,9.7049,Drama,Action,Pride of Gypsies,Tinker Productions,General,R,2,0,,,
2481,2018,10000000,112,0,Ken Marino,0.7216,Nina Dobrev,4.0272,Romance,Comedy,LD Entertainment,,General,PG,8,0,LD Entertainment,4556280.0,-5443720.0
2482,2018,6000000,119,1,Luke Sparke,1.0818,Dan Ewing,0.7392,Action,Science Fiction,Film Mode Entertainment,Saban Films,Occupation,R,7,0,,,
2483,2018,4000000,96,0,Colin McIvor,0.0896,Art Parkinson,1.2862,Family,War,Ripple World Pictures,Wee Buns Films,General,PG,6,0,,,
2484,2018,10000000,97,0,Ari Sandel,0.4916,Adam Devine,1.4131,Comedy,Romance,Footprint Features,Wonderland Sound and Vision,General,PG-13,2,0,,,
2485,2018,3500000,102,0,Arto Halonen,0.4202,Pilou Asbæk,2.3758,Drama,Thriller,Art Films Production,MP Films,General,NR,3,0,,,
2486,2018,2500000,88,0,Lin Oeding,0.3207,Brenton Thwaites,2.462,Comedy,Horror,Mind the GAP Productions,Lydiard Films,General,NR,6,0,,,
2487,2018,20000000,105,0,Scott Mann,0.4765,Dave Bautista,5.7719,Action,Thriller,The Fyzz,Drybake Final Score,General,R,9,0,,,
2488,2018,39000000,116,0,Robert Zemeckis,1.7739,Steve Carell,4.2116,Drama,Comedy,DreamWorks Pictures,Universal Pictures,General,PG-13,12,1,Universal Pictures,5537090.0,-33462910.0
2489,2018,20000000,90,0,Ross Venokur,0.4588,Demi Lovato,1.7033,Animation,Adventure,3QU Media,Storyoscopic Films,General,NR,3,0,,,
2490,2018,5500000,89,0,Gregory Plotkin,0.3667,Amy Forsyth,1.0234,Horror,Thriller,Valhalla Motion Pictures,Tucker Tooley Entertainment,General,R,9,0,Lionsgate,6789476.0,1289476.0
2491,2018,15000000,120,0,Yorgos Lanthimos,2.3406,Emma Stone,8.3629,History,Comedy,Waypoint Entertainment,Element Pictures,General,R,11,1,Fox Searchlight Pictures,574310.0,-14425690.0
2492,2018,20000000,117,1,Paul Feig,0.9215,Anna Kendrick,4.3959,Thriller,Comedy,Feigco Entertainment,Bron Studios,A Simple Favor,R,9,0,Lionsgate,22162414.0,2162414.0
2493,2018,10000000,104,1,Bill Holderman,0.1437,Diane Keaton,3.8559,Romance,Comedy,June Pictures,Apartment Story,Book Club,PG-13,5,0,Paramount Pictures,22208010.0,12208010.0
2494,2018,12000000,120,0,Barry Jenkins,0.4703,KiKi Layne,1.0453,Romance,Drama,Annapurna Pictures,Plan B Entertainment,General,R,12,1,Annapurna Pictures,313148.0,-11686852.0
2495,2018,6000000,87,1,Brandon Camp,0.641,Gabriel Bateman,1.1701,Drama,Family,Blumhouse Productions,Symbolic Exchange,Benji,PG,3,0,,,
2496,2018,20000000,93,1,Steven C. Miller,0.2152,Sylvester Stallone,9.4362,Action,Thriller,Leomus Pictures,Grindstone Entertainment Group,Escape Plan 2,R,6,0,,,
2497,2018,2393600,96,0,Chris Sun,0.1092,John Jarratt,0.5131,Horror,,Slaughter FX,OZPIX Entertainment,General,NR,6,0,,,
2498,2018,9000000,121,0,Karyn Kusama,0.9013,Nicole Kidman,8.5751,Thriller,Crime,30WEST,Automatik Entertainment,General,R,12,1,Annapurna Pictures,122100.0,-8877900.0
2499,2018,125000000,102,0,Rawson Marshall Thurber,0.4084,Dwayne Johnson,5.6007,Action,Thriller,Flynn Picture Company,Legendary Pictures,General,PG-13,7,0,Universal Pictures,35789120.0,-89210880.0
2500,2018,50000000,116,0,Clint Eastwood,4.2252,Clint Eastwood,4.2252,Crime,Drama,Imperative Entertainment,Bron Studios,General,R,12,1,Warner Bros.,25703465.0,-24296535.0
2501,2018,35000000,94,0,Peter Berg,1.3308,Mark Wahlberg,13.7743,Action,Thriller,STXfilms,Closest to the Hole Productions,General,R,8,0,STX Entertainment,19140954.0,-15859046.0
2502,2018,1000000,78,0,Sam Liu,0.3564,Bruce Greenwood,3.9067,Thriller,Action,Warner Bros. Animation,DC Entertainment,General,R,1,0,,,
2503,2018,3500000,101,0,Jeff Wadlow,0.5543,Lucy Hale,3.7893,Thriller,Horror,Blumhouse Productions,,General,PG-13,4,0,Universal Pictures,22475415.0,18975415.0
2504,2018,30000000,104,0,Jaume Collet-Serra,0.7757,Liam Neeson,7.5562,Action,Thriller,StudioCanal,TF1 Films Production,General,PG-13,1,0,Lionsgate,19023529.0,-10976471.0
2505,2018,16000000,107,0,Director X.,0.2133,Trevor Jackson,0.6284,Action,Crime,Columbia Pictures,Silver Pictures,General,R,6,0,Sony Pictures Releasing,10764164.0,-5235836.0
2506,2018,9500000,86,0,Diederik Van Rooijen,0.2246,Shay Mitchell,1.2865,Horror,Drama,Screen Gems,Broken Road Productions,General,R,11,1,Screen Gems,8331549.0,-1168451.0
2507,2018,10000000,84,1,Aaron Horvath,0.666,Greg Cipes,0.9983,Animation,Action,Warner Bros. Animation,DC Entertainment,Teen Titans Go! To the Movies,PG,7,0,,,
2508,2018,70000000,141,0,Damien Chazelle,1.1285,Ryan Gosling,7.8717,History,Drama,Universal Pictures,DreamWorks Pictures,General,PG-13,10,0,Universal Pictures,21435050.0,-48564950.0
2509,2018,25000000,113,0,Jason Reitman,1.1694,Hugh Jackman,5.2825,Drama,History,Bron Studios,Right of Way Films,General,R,11,1,Sony Pictures Releasing,78024.0,-24921976.0
2510,2018,3500000,90,0,Michael Winnick,0.3721,Bojana Novaković,1.9577,Thriller,Horror,Lost Hills Film Fund,,General,NR,6,0,,,
2511,2018,12000000,112,0,Rob Greenberg,0.2073,Anna Faris,3.6158,Romance,Comedy,Metro-Goldwyn-Mayer,Pantelion Films,General,PG-13,4,0,Pantelion Films,19493977.0,7493977.0
2512,2018,28000000,100,0,Jeff Tomsic,0.35,Ed Helms,1.3708,Comedy,Action,New Line Cinema,Broken Road Productions,General,R,5,0,Warner Bros.,22167545.0,-5832455.0
2513,2018,19000000,85,0,Tim Kirkby,0.3507,Johnny Knoxville,2.8052,Comedy,,Paramount Pictures,Gerber Pictures,General,R,6,0,Paramount Pictures,3568033.0,-15431967.0
2514,2018,130000000,131,1,Rob Marshall,0.6187,Emily Blunt,19.2777,Fantasy,Family,Walt Disney Pictures,Marc Platt Productions,Mary Poppins,PG,12,1,Walt Disney Studios Motion Pictures,49946455.0,-80053545.0
2515,2018,25000000,85,0,Richard Lanni,0.0505,Logan Lerman,6.8261,Animation,Adventure,Fun Academy Media Group,Mikros Image,General,PG,4,0,Fun Academy Media Group,1678626.0,-23321374.0
2516,2018,4000000,96,0,Deon Taylor,0.2614,Paula Patton,2.6589,Thriller,Action,Hidden Empire Film Group,Lionsgate,General,R,4,0,Lionsgate,5132274.0,1132274.0
2517,2018,20000000,152,0,Luca Guadagnino,2.1099,Dakota Johnson,9.3955,Horror,Mystery,Frenesy Film,Videa,General,R,10,0,Amazon Studios,250857.0,-19749143.0
2518,2018,19000000,110,0,Tyler Perry,2.1061,Tiffany Haddish,2.9592,Comedy,Romance,BET Films,Tyler Perry Studios,General,R,10,0,Paramount Pictures,17736108.0,-1263892.0
2519,2018,10000000,98,0,Oliver Daly,0.0336,Alex Neustaedter,0.4771,Science Fiction,Action,Lakeshore Entertainment,Global Road Entertainment,General,PG,8,0,Global Road Entertainment,3784935.0,-6215065.0
2520,2018,51000000,97,0,Albert Hughes,0.4498,Kodi Smit-McPhee,1.5802,Adventure,Drama,Studio 8,Columbia Pictures,General,PG-13,8,0,Studio 8,14560574.0,-36439426.0
2521,2018,3500000,104,0,Bethany Ashton Wolf,0.1715,Alex Roe,1.5152,Romance,Drama,LD Entertainment,,General,PG,1,0,Roadside Attractions,5559159.0,2059159.0
2522,2018,45000000,102,0,Julius Onah,0.5256,Gugu Mbatha-Raw,1.7721,Horror,Thriller,Paramount Pictures,Bad Robot,General,PG-13,2,0,,,
2523,2018,30000000,107,0,Jeffrey Nachmanoff,0.3384,Keanu Reeves,11.5062,Science Fiction,Thriller,di Bonaventura Pictures,Company Films,General,PG-13,10,0,Entertainment Studios Motion Pictures,3225873.0,-26774127.0
2524,2018,601191,107,0,Richard Billingham,0.0143,Justin Salinger,0.7089,Drama,,BFI,Primitive Film,General,NR,10,0,,,
2525,2018,3200000,112,0,Boots Riley,0.2233,LaKeith Stanfield,2.6452,Fantasy,Science Fiction,Cinereach,Significant Productions,General,R,7,0,Annapurna Pictures,1064952.0,-2135048.0
2526,2018,30000000,108,0,Alfonso Gomez-Rejon,0.5869,Benedict Cumberbatch,6.3234,Drama,History,Bazelevs,Film Rites,General,PG-13,2,0,101 Studios,3745233.0,-26254767.0
2527,2018,13500000,100,1,Jay Chandrasekhar,0.6675,Jay Chandrasekhar,0.6675,Comedy,Crime,Broken Lizard Industries,Cataland Films,Super Troopers,R,4,0,Twentieth Century Fox,18484929.0,4984929.0
2528,2018,19000000,103,0,Charles Stone III,0.3125,Kyrie Irving,0.2375,Comedy,,Lionsgate,Summit Entertainment,General,PG-13,6,0,Lionsgate,21145674.0,2145674.0
2529,2018,6000000,88,0,James McTeigue,0.5862,Gabrielle Union,2.6224,Thriller,Crime,Will Packer Productions,Breaking In Pictures,General,PG-13,5,0,Universal Pictures,22279710.0,16279710.0
2530,2018,731000,90,0,Marko Mäkilaakso,0.0566,Mark Arnold,1.5962,Horror,Action,Roger! Pictures,Bufo,General,NR,9,0,,,
2531,2018,1000000,92,1,Stephen Susco,0.4268,Colin Woodell,1.3732,Horror,Mystery,BH Tilt,Bazelevs,Unfriended,R,7,0,BH Tilt,5893430.0,4893430.0
2532,2018,21000000,102,0,Kay Cannon,0.6665,Leslie Mann,3.8885,Comedy,,Hurwitz & Schlossberg Productions,Good Universe,General,R,3,0,Universal Pictures,26633670.0,5633670.0
2533,2018,100000,88,0,P.R. Brown,0.0168,Amy Lee,0.7849,Music,,Eagle Rock Entertainment,,General,NR,10,0,,,
2534,2018,42000000,105,0,Eli Roth,1.505,Jack Black,5.4901,Comedy,Fantasy,Reliance Entertainment,Mythology Entertainment,General,PG,9,0,Universal Pictures,32253225.0,-9746775.0
2535,2018,32000000,141,0,Drew Goddard,0.6035,Jeff Bridges,3.8008,Thriller,Mystery,20th Century Fox,Goddard Textiles,General,R,10,0,Twentieth Century Fox,10041801.0,-21958199.0
2536,2018,3500000,110,0,Bruce Macdonald,0.8305,Taylor James,1.0978,Action,Drama,Pure Flix Entertainment,Boomtown films,General,PG-13,2,0,Pure Flix Entertainment,2544332.0,-955668.0
2537,2018,13000000,103,0,Peter Hedges,0.2287,Julia Roberts,6.2251,Drama,,Black Bear Pictures,Color Force,General,R,12,1,Roadside Attractions,108932.0,-12891068.0
2538,2018,17000000,110,0,Greg Berlanti,0.7794,Nick Robinson,2.3969,Comedy,Drama,Temple Hill Entertainment,Fox 2000 Pictures,General,PG-13,2,0,Twentieth Century Fox,15895601.0,-1104399.0
2539,2018,3000000,46,0,Michelle Johnston,1.3274,Jace Norman,3.1708,Family,Comedy,Pacific Bay Entertainment Canada,Pacific Bay Entertainment,General,G,10,0,,,
2540,2018,8500000,139,0,David Robert Mitchell,0.8324,Andrew Garfield,5.3592,Crime,Drama,Michael De Luca Productions,Good Fear,General,R,8,0,A24,46083.0,-8453917.0
2541,2018,12000000,114,0,Ariel Vromen,0.2077,Marwan Kenzari,2.3143,Action,Drama,Adama Pictures,Sumatra Films,General,NR,5,0,,,
2542,2018,75000000,104,0,Marc Forster,0.3966,Ewan McGregor,3.3672,Adventure,Comedy,Walt Disney Pictures,2DUX²,General,PG,8,0,Walt Disney Studios Motion Pictures,37589317.0,-37410683.0
2543,2018,1000000,82,0,Austin Vesely,0.0429,Chance the Rapper,0.2089,Comedy,Horror,N2ition Cinema,Frëhand,General,R,9,0,,,
2544,2018,15000000,136,0,Spike Lee,1.2793,John David Washington,3.2724,Crime,Comedy,Legendary Pictures,QC Entertainment,General,R,8,0,Focus Features,16009490.0,1009490.0
2545,2018,2000000,97,0,Brett Haley,0.6634,Nick Offerman,1.6711,Music,Drama,Burn Later Productions,Houston King Productions,General,PG-13,6,0,,,
2546,2018,7000000,108,0,Sam Levinson,1.2932,Odessa Young,1.3324,Thriller,Horror,Bron Studios,Phantom Four,General,NR,9,0,Neon,1525747.0,-5474253.0
2547,2018,1000000,102,1,Aneesh Chaganty,0.3648,John Cho,1.4577,Drama,Mystery,Bazelevs,Timur Bekmambetov Productions,Searching,PG-13,8,0,Screen Gems,508480.0,-491520.0
2548,2018,3500000,113,0,Paul Schrader,1.1198,Ethan Hawke,8.4233,Drama,,Arclight Films,Omeira Studio Partners,General,R,5,0,A24,142962.0,-3357038.0
2549,2018,8000000,118,0,Mathew Cullen,0.0423,Amber Heard,2.7849,Crime,Thriller,Muse Productions,Media Talent Group,General,R,9,0,GVN Releasing,247652.0,-7752348.0
2550,2018,3000000,86,1,Anthony C. Ferrante,0.3605,Ian Ziering,0.6127,Action,Comedy,The Asylum,Syfy,The Last Sharknado,NR,8,0,,,
2551,2018,2000000,98,0,Joe Penna,0.7413,Mads Mikkelsen,7.2969,Drama,Adventure,Armory Films,Pegasus Pictures,General,PG-13,11,1,,,
2552,2018,3500000,93,0,Mitch Gould,0.0677,Dominique Swain,1.5172,Science Fiction,Action,Film Tiger,Hollywood Media Bridge,General,NR,3,0,,,
2553,2018,15000000,135,0,Alfonso Cuarón,1.2364,Yalitza Aparicio,0.7606,Drama,,Participant,Esperanto Filmoj,General,R,11,1,,,
2554,2018,35000000,96,0,Baltasar Kormákur,0.5055,Shailene Woodley,4.1002,Thriller,Romance,STXfilms,RVK Studios,General,PG-13,5,0,STX Entertainment,16690025.0,-18309975.0
2555,2018,103000000,109,0,Ava DuVernay,0.5243,Storm Reid,1.17,Adventure,Science Fiction,Whitaker Entertainment,Walt Disney Pictures,General,PG,3,0,Walt Disney Studios Motion Pictures,44494654.0,-58505346.0
2556,2018,20000000,113,0,David M. Rosenthal,0.27,Theo James,8.141,Science Fiction,Thriller,Paul Schiff Productions,Sierra/Affinity,General,NR,7,0,United Artists,6068.0,-19993932.0
2557,2018,1403910,98,0,Clayton Jacobson,0.0995,Shane Jacobson,0.3191,Comedy,Crime,Label,Film Victoria,General,NR,6,0,,,
2558,2018,10000000,94,0,Alex Ross Perry,0.2069,Emily Browning,4.2495,Drama,,Webber Gilbert Media,Faliro House Productions,General,R,2,0,Vertical Entertainment,15827.0,-9984173.0
2559,2018,6000000,122,0,Panos Cosmatos,0.8142,Nicolas Cage,6.3482,Fantasy,Action,SpectreVision,XYZ Films,General,NR,9,0,RLJ Entertainment,131251.0,-5868749.0
2560,2018,500000,86,1,Brittany Andrews,3.958,Christy Canyon,14.522,Documentary,,Karbonshark,WeBros Entertainment,After Porn Ends,NR,10,0,,,
2561,2018,20000000,95,0,Russell Mulcahy,0.4079,Thomas Cocquerel,0.8477,Comedy,Action,ILF AU Productions,308 Enterprises,General,R,7,0,,,
2562,2018,3000000,96,1,Jesse V. Johnson,0.6198,Scott Adkins,5.6607,Action,Comedy,Tarzana Productions,Cohesive Entertainment Group,The Debt Collector,R,6,0,,,
2563,2018,10000000,91,0,Andrew Fleming,0.3051,Paul Rudd,3.0344,Comedy,Drama,Mustard & Co,Remstar Studios,General,NR,6,0,,,
2564,2018,35000000,103,0,Rob Cohen,0.5285,Toby Kebbell,1.1288,Action,Adventure,Lipsync Productions,Head Gear Films,General,PG-13,2,0,Entertainment Studios Motion Pictures,4335921.0,-30664079.0
2565,2018,3000000,85,0,Mathieu Weschler,0.0331,Steven Seagal,3.1614,Action,,Sivko Partners,Steamroller Productions,General,R,9,0,,,
2566,2018,350000,81,1,Gary J. Tunnicliffe,0.1817,Damon Carney,0.1699,Horror,Thriller,Dimension Films,,Hellraiser,NR,2,0,,,
2567,2018,40000000,91,0,Brian Henson,0.4513,Melissa McCarthy,2.007,Action,Comedy,STXfilms,Black Bear Pictures,General,R,8,0,STX Entertainment,12615694.0,-27384306.0
2568,2018,15000000,120,0,Joseph Kahn,0.5118,Calum Worthy,1.3013,Drama,Comedy,YouTube Originals,,General,R,11,1,Neon,71652.0,-14928348.0
2569,2018,2000000,94,0,Bo Burnham,0.6347,Elsie Fisher,1.4686,Comedy,Drama,A24,Scott Rudin Productions,General,R,1,0,A24,402801.0,-1597199.0
2570,2018,1000000,95,0,Daniel Goldhaber,0.0885,Madeline Brewer,2.0518,Horror,Mystery,Divide / Conquer,Gunpowder & Sky,General,NR,10,0,,,
2571,2018,10000000,104,0,Charles Stone III,0.3125,Eden Sher,1.7782,Comedy,,Broad Green Pictures,,General,PG-13,1,0,,,
2572,2018,15800000,94,0,David Lowery,0.9956,Robert Redford,2.6545,Comedy,Crime,Condé Nast Entertainment,Endgame Entertainment,General,PG-13,9,0,Fox Searchlight Pictures,190455.0,-15609545.0
2573,2018,10000000,111,0,Nash Edgerton,0.9533,David Oyelowo,1.0165,Comedy,Action,Denver & Delilah Productions,Amazon Studios,General,R,3,0,STX Entertainment,3866211.0,-6133789.0
2574,2018,10000000,106,0,Kevin Connolly,1.1087,John Travolta,3.7668,Crime,Drama,Highland Film Group,Fiore Films,General,R,6,0,Vertical Entertainment,2131287.0,-7868713.0
2575,2018,7000000,90,0,Victor Levin,0.2504,Winona Ryder,7.1882,Romance,Comedy,The Fyzz,Sunshine Pictures,General,R,8,0,,,
2576,2018,10000000,118,0,Dan Fogelman,0.7227,Oscar Isaac,6.0141,Drama,Romance,FilmNation Entertainment,Nostromo Pictures,General,R,9,0,Amazon Studios,2982521.0,-7017479.0
2577,2018,14000000,88,0,Babak Najafi,0.4503,Taraji P. Henson,2.7581,Thriller,Action,Screen Gems,,General,R,1,0,Screen Gems,13281604.0,-718396.0
2578,2018,6000000,98,1,Harold Cronk,0.7467,Samuel Hunt,0.8363,Drama,,Universal 1440 Entertainment,Matt Baer Films,Unbroken,PG-13,9,0,Pure Flix Entertainment,3255522.0,-2744478.0
2579,2018,5000000,92,0,Cory Finley,0.8425,Olivia Cooke,3.7376,Drama,Thriller,June Pictures,B Story,General,R,3,0,Focus Features,1806360.0,-3193640.0
2580,2018,28000000,86,1,Ryan Bellgardt,0.5508,Ryan Merriman,1.1136,Science Fiction,Action,High Octane Pictures,,The Jurassic Games,NR,5,0,,,
2581,2018,900000,92,0,Desiree Akhavan,0.6651,Chloë Grace Moretz,4.9924,Drama,,Beachside Films,Parkville Pictures,General,NR,7,0,,,
2582,2018,3000000,117,0,Bart Layton,0.3377,Evan Peters,7.2341,Drama,Crime,Film4 Productions,RAW,General,R,6,0,The Orchard,187598.0,-2812402.0
2583,2018,14000000,94,0,Ben Lewin,0.27,Paul Rudd,3.0344,Drama,War,Serena Films,Animus Films,General,R,6,0,IFC Films,144362.0,-13855638.0
2584,2018,1000000,95,0,Robin Bain,0.9255,Felix Ryan,0.2544,Drama,,Leslin Films,,General,NR,5,0,,,
2585,2018,7000000,114,0,Brady Corbet,1.1259,Natalie Portman,5.7498,Drama,Music,Bold Films,Andrew Lauren Productions,General,R,9,0,Neon,189211.0,-6810789.0
2586,2018,1500000,85,0,Fulvio Sestito,0.0832,Ryan Carnes,0.7308,Science Fiction,Horror,Elysian Fields Entertainment,,General,NR,9,0,,,
2587,2018,10000000,101,0,David Wain,0.4788,Will Forte,1.9039,Comedy,Drama,Abominable Pictures,Principato-Young Entertainment,General,R,1,0,,,
2588,2018,34000000,107,0,John Curran,0.4811,Jason Clarke,3.1098,History,Drama,Apex Entertainment,DMG Entertainment,General,PG-13,4,0,Entertainment Studios Motion Pictures,7981383.0,-26018617.0
2589,2018,700000,86,0,Johanna Demetrakas,0.1035,Laurie Anderson,0.1817,Documentary,,Crazy Wisdom Productions,,General,NR,2,0,,,
2590,2019,79000000,169,1,Andy Muschietti,1.5056,Bill Skarsgård,16.2748,Horror,Thriller,New Line Cinema,Vertigo Entertainment,It Chapter Two,R,9,0,,,
2591,2019,55000000,122,1,Todd Phillips,0.923,Joaquin Phoenix,5.028,Crime,Thriller,Warner Bros. Pictures,Joint Effort,Joker,R,10,0,UTV Motion Pictures,137874132.0,82874132.0
2592,2019,356000000,181,1,Anthony Russo,0.6725,Robert Downey Jr.,7.311,Adventure,Science Fiction,Marvel Studios,,Avengers,PG-13,4,0,Walt Disney Studios Motion Pictures,473894638.0,117894638.0
2593,2019,160000000,129,1,Jon Watts,0.8295,Tom Holland,6.5228,Action,Adventure,Marvel Studios,Pascal Pictures,Spider-Man,PG-13,6,0,,,
2594,2019,40000000,131,1,Rian Johnson,0.9911,Daniel Craig,4.4069,Comedy,Crime,Lionsgate,MRC,Knives Out,PG-13,11,1,Lionsgate,45891055.0,5891055.0
2595,2019,125000000,123,1,Jake Kasdan,0.8696,Dwayne Johnson,5.6007,Adventure,Comedy,Columbia Pictures,Seven Bucks Productions,Jumanji,PG-13,12,1,Sony Pictures Releasing,75811365.0,-49188635.0
2596,2019,170000000,132,1,Michael Dougherty,0.5236,Kyle Chandler,2.2876,Science Fiction,Action,Legendary Pictures,Huahua Media,Godzilla,PG-13,5,0,Warner Bros.,63057097.0,-106942903.0
2597,2019,30000000,102,0,Paul Feig,0.9215,Emilia Clarke,6.7421,Comedy,Romance,Universal Pictures,Feigco Entertainment,General,PG-13,11,1,Universal Pictures,15875765.0,-14124235.0
2598,2019,95000000,162,1,Quentin Tarantino,3.8346,Leonardo DiCaprio,7.7581,Comedy,Drama,Heyday Films,Columbia Pictures,Once Upon a Time... in Hollywood,R,7,0,Sony Pictures Releasing,58817475.0,-36182525.0
2599,2019,80000000,86,1,Chris Renaud,0.6278,Patton Oswalt,1.3375,Family,Comedy,Universal Pictures,Illumination,The Secret Life of Pets,PG,5,0,Universal Pictures,67319390.0,-12680610.0
2600,2019,40000000,122,1,Ric Roman Waugh,1.0493,Gerard Butler,8.5815,Action,Thriller,Campbell Grobman Films,Eclectic Pictures,Angel Has Fallen,R,8,0,Lionsgate,29114221.0,-10885779.0
2601,2019,9000000,99,1,Adam Robitel,0.7573,Taylor Russell,2.2224,Horror,Thriller,Columbia Pictures,Original Film,Escape Room,PG-13,1,0,Sony Pictures Releasing,23532931.0,14532931.0
2602,2019,185000000,119,1,Joachim Rønning,1.1432,Angelina Jolie,14.7538,Family,Fantasy,Walt Disney Pictures,Roth Films,Maleficent,PG,10,0,Walt Disney Studios Motion Pictures,46875158.0,-138124842.0
2603,2019,260000000,118,1,Jon Favreau,3.4142,Chiwetel Ejiofor,2.1278,Adventure,Drama,Walt Disney Pictures,Fairview Entertainment,The Lion King,PG,7,0,Walt Disney Studios Motion Pictures,275251534.0,15251534.0
2604,2019,14000000,106,1,Jenny Gage,0.5078,Josephine Langford,4.3493,Romance,Drama,CalMaple Films,Wattpad,After,PG-13,4,0,Aviron Pictures,7935149.0,-6064851.0
2605,2019,200000000,137,0,David Leitch,1.2761,Dwayne Johnson,5.6007,Action,Adventure,Chris Morgan Productions,Seven Bucks Productions,General,PG-13,7,0,Universal Pictures,83113780.0,-116886220.0
2606,2019,2400000,88,0,Jesse V. Johnson,0.6198,Scott Adkins,5.6607,Crime,Action,Compound B,Dreamstage Films,General,NR,5,0,,,
2607,2019,150000000,103,1,Jennifer Lee,1.3763,Idina Menzel,1.9792,Family,Animation,Walt Disney Animation Studios,,Frozen,PG,11,1,Walt Disney Studios Motion Pictures,202867358.0,52867358.0
2608,2019,183000000,127,0,Guy Ritchie,2.8818,Will Smith,6.4346,Adventure,Fantasy,Walt Disney Pictures,Rideback,General,PG,5,0,Walt Disney Studios Motion Pictures,142697174.0,-40302826.0
2609,2019,175000000,100,1,Josh Cooley,0.605,Tom Hanks,14.407,Family,Comedy,Pixar,,Toy Story,G,6,0,Walt Disney Studios Motion Pictures,178989809.0,3989809.0
2610,2019,55000000,131,1,Chad Stahelski,1.1834,Keanu Reeves,11.5062,Action,Thriller,Thunder Road,Lionsgate,John Wick,R,5,0,Lionsgate,76638941.0,21638941.0
2611,2019,20000000,116,0,Jordan Peele,2.0466,Lupita Nyong'o,3.5366,Horror,Mystery,Monkeypaw Productions,Universal Pictures,General,R,3,0,Universal Pictures,94614440.0,74614440.0
2612,2019,21000000,100,1,Dennis Widmyer,0.5494,Jason Clarke,3.1098,Horror,,di Bonaventura Pictures,Paramount Pictures,Pet Sematary,R,4,0,Paramount Pictures,31121660.0,10121660.0
2613,2019,129000000,104,1,Dean DeBlois,0.9633,Jay Baruchel,3.0487,Animation,Family,DreamWorks Animation,Mad Hatter Entertainment,How to Train Your Dragon,PG,1,0,Universal Pictures,65150275.0,-63849725.0
2614,2019,27000000,106,1,Gary Dauberman,0.5012,Mckenna Grace,10.4672,Horror,,Atomic Monster,The Safran Company,Annabelle Comes Home,R,6,0,Warner Bros.,36396403.0,9396403.0
2615,2019,99000000,107,1,Mike Mitchell,0.7056,Chris Pratt,5.0185,Action,Adventure,Vertigo Entertainment,Warner Animation Group,The Lego Movie 2,PG,2,0,Warner Bros.,40875359.0,-58124641.0
2616,2019,489900000,142,1,J.J. Abrams,1.4739,Carrie Fisher,1.654,Adventure,Action,Lucasfilm Ltd.,Bad Robot,Star Wars,PG-13,12,1,,,
2617,2019,65000000,97,1,Thurop Van Orman,0.6074,Jason Sudeikis,3.7303,Animation,Adventure,Rovio Animation,Columbia Pictures,The Angry Birds Movie,PG,8,0,Sony Pictures Releasing,17102892.0,-47897108.0
2618,2019,34000000,119,0,Luc Besson,2.1133,Sasha Luss,1.4356,Action,Adventure,EuropaCorp,TF1 Films Production,General,R,6,0,Vertical Entertainment,5235597.0,-28764403.0
2619,2019,19000000,136,0,Josh Safdie,1.1423,Adam Sandler,4.1529,Drama,Thriller,A24,Elara Pictures,General,R,8,0,A24,777864.0,-18222136.0
2620,2019,40000000,100,0,Tom Harper,0.368,Eddie Redmayne,4.3591,Adventure,Drama,Amazon Studios,Mandeville Films,General,PG-13,11,1,,,
2621,2019,100000000,119,0,Sam Mendes,1.2818,George MacKay,1.0049,War,History,DreamWorks Pictures,Reliance Entertainment,General,R,12,1,Universal Pictures,1326178.0,-98673822.0
2622,2019,26000000,116,0,Danny Boyle,1.36,Himesh Patel,1.1489,Comedy,Fantasy,Working Title Films,Working Title Films,General,PG-13,6,0,Universal Pictures,26132740.0,132740.0
2623,2019,9000000,147,0,Ari Aster,1.6338,Florence Pugh,6.5983,Horror,Drama,B-Reel Films,Square Peg,General,R,7,0,A24,13093014.0,4093014.0
2624,2019,170000000,122,0,Robert Rodriguez,2.0538,Rosa Salazar,3.0414,Action,Science Fiction,Troublemaker Studios,Lightstorm Entertainment,General,PG-13,1,0,Twentieth Century Fox,47079933.0,-122920067.0
2625,2019,80000000,132,1,David F. Sandberg,0.5309,Zachary Levi,1.9849,Action,Comedy,New Line Cinema,The Safran Company,Shazam!,PG-13,3,0,Warner Bros.,66448013.0,-13551987.0
2626,2019,7000000,116,0,Justin Baldoni,1.3272,Haley Lu Richardson,2.9082,Romance,Drama,Wayfarer Entertainment,CBS Films,General,PG-13,3,0,Lionsgate,17711064.0,10711064.0
2627,2019,50000000,121,0,Neil Marshall,0.4793,David Harbour,6.2894,Fantasy,Horror,Campbell Grobman Films,Dark Horse Entertainment,General,R,4,0,Lionsgate,15796271.0,-34203729.0
2628,2019,97600000,153,0,James Mangold,0.8538,Matt Damon,15.403,Drama,Action,20th Century Fox,TSG Entertainment,General,PG-13,11,1,Twentieth Century Fox,41989570.0,-55610430.0
2629,2019,6000000,92,0,Nicholas McCarthy,0.6116,Taylor Schilling,1.279,Horror,Thriller,Vinson Films,XYZ Films,General,R,2,0,Orion Pictures,7865474.0,1865474.0
2630,2019,8000000,102,0,Deon Taylor,0.2614,Michael Ealy,1.5146,Thriller,,Hidden Empire Film Group,Screen Gems,General,PG-13,5,0,Screen Gems,14375126.0,6375126.0
2631,2019,10000000,109,0,Bill Condon,1.0483,Helen Mirren,4.6272,Crime,,New Line Cinema,Bron Studios,General,R,11,1,Warner Bros.,8390794.0,-1609206.0
2632,2019,20000000,127,0,Todd Haynes,0.742,Mark Ruffalo,5.1981,Drama,Thriller,Participant,Willi Hill,General,PG-13,11,1,Focus Features,343789.0,-19656211.0
2633,2019,18000000,109,0,Simon Curtis,0.3302,Kevin Costner,6.6546,Drama,Romance,Original Film,Shifting Gears Productions,General,PG,8,0,Twentieth Century Fox,12478187.0,-5521813.0
2634,2019,66000,95,0,Drew T. Pierce,1.0813,John-Paul Howard,0.3841,Horror,Mystery,Little Runway Productions,,General,NR,12,1,IFC Films,79026.0,13026.0
2635,2019,49000000,102,0,James Bobin,0.7809,Isabela Merced,6.7318,Family,Comedy,Nickelodeon Movies,Paramount Players,General,PG,8,0,Paramount Pictures,25409724.0,-23590276.0
2636,2019,20000000,117,0,Adam Shankman,0.4547,Taraji P. Henson,2.7581,Comedy,Romance,BET Films,Paramount Players,General,R,2,0,Paramount Pictures,25230328.0,5230328.0
2637,2019,1600000,91,0,Rapman,0.7837,Stephen Odubola,0.6243,Crime,Drama,Paramount Pictures,BBC Film,General,R,11,1,,,
2638,2019,59000000,120,0,Joe Cornish,0.6129,Louis Ashbourne Serkis,0.3262,Action,Adventure,Working Title Films,Big Talk Studios,General,PG,1,0,Twentieth Century Fox,8973676.0,-50026324.0
2639,2019,10000000,96,0,Jesse V. Johnson,0.6198,Tony Jaa,4.2708,Thriller,Action,Hamilton Entertainment,Kungfuman Culture Media,General,R,3,0,,,
2640,2019,150000000,128,0,Michael Bay,12.8671,Ryan Reynolds,5.6859,Action,Comedy,Skydance Media,Bay Films,General,R,12,1,,,
2641,2019,100000000,138,0,Roland Emmerich,0.8237,Ed Skrein,2.8936,Action,War,AGC Studios,Centropolis Entertainment,General,PG-13,11,1,Lionsgate,26390773.0,-73609227.0
2642,2019,42000000,99,1,Ruben Fleischer,1.0433,Woody Harrelson,6.0845,Horror,Comedy,Columbia Pictures,2.0 Entertainment,Zombieland,R,10,0,Sony Pictures Releasing,35400273.0,-6599727.0
2643,2019,49000000,133,0,John Lee Hancock,0.5985,Kevin Costner,6.6546,Crime,Drama,Casey Silver Productions,,General,R,3,0,,,
2644,2019,50000000,89,1,Adrian Grünberg,0.1753,Sylvester Stallone,9.4362,Action,Thriller,Millennium Media,Templeton Media,Rambo,R,9,0,Lionsgate,24575810.0,-25424190.0
2645,2019,10000000,90,0,Lars Klevberg,0.3233,Mark Hamill,3.3221,Horror,Thriller,KatzSmith Productions,Bron Studios,General,R,6,0,United Artists Releasing,19128399.0,9128399.0
2646,2019,24000000,97,1,Kyle Newacheck,0.6171,Adam Sandler,4.1529,Action,Comedy,Vinson Films,Endgame Entertainment,Murder Mystery,PG-13,5,0,,,
2647,2019,17000000,125,0,Kasi Lemmons,0.606,Cynthia Erivo,9.1655,Drama,History,Stay Gold Features,Martin Chase Productions,General,PG-13,11,1,Focus Features,16233140.0,-766860.0
2648,2019,40000000,135,0,Greta Gerwig,2.1343,Saoirse Ronan,3.3042,Drama,Romance,Columbia Pictures,Regency Enterprises,General,PG,12,1,Pinnacle Peak Pictures,38591743.0,-1408257.0
2649,2019,15000000,104,0,Catherine Hardwicke,0.5487,Gina Rodriguez,1.5008,Action,,Columbia Pictures,Canana,General,PG-13,1,0,Sony Pictures Releasing,9140096.0,-5859904.0
2650,2019,13500000,87,1,Alexandre Aja,0.4412,Kaya Scodelario,4.5962,Horror,Thriller,Raimi Productions,Fire Axe Pictures,Crawl,R,7,0,Paramount Pictures,17834810.0,4334810.0
2651,2019,185000000,128,1,Tim Miller,1.0214,Linda Hamilton,3.2438,Science Fiction,Action,20th Century Fox,Skydance Media,Terminator,R,10,0,Paramount Pictures,37657130.0,-147342870.0
2652,2019,152000000,124,1,Ryan Fleck,0.2438,Brie Larson,3.8046,Action,Adventure,Marvel Studios,,Captain Marvel,PG-13,3,0,Walt Disney Studios Motion Pictures,196895933.0,44895933.0
2653,2019,11000000,104,0,Jim Jarmusch,0.5709,Bill Murray,2.315,Comedy,Horror,Kill the Head,Animal Kingdom,General,R,5,0,Focus Features,3627915.0,-7372085.0
2654,2019,2000,105,0,Zach Lipovsky,0.8286,Emile Hirsch,2.6127,Science Fiction,Thriller,Amazing Incorporated,My Way Entertainment,General,R,9,0,,,
2655,2019,6500000,90,0,Justin Dec,0.4574,Elizabeth Lail,3.7947,Horror,Thriller,Wrigley Pictures,Universal Pictures,General,PG-13,10,0,STX Entertainment,11916036.0,5416036.0
2656,2019,25000000,137,0,Destin Daniel Cretton,1.0969,Michael B. Jordan,3.9987,Drama,Crime,Netter Productions,Outlier Society,General,PG-13,12,1,Warner Bros.,267881.0,-24732119.0
2657,2019,45000000,152,1,Mike Flanagan,1.6771,Ewan McGregor,3.3672,Horror,Fantasy,Vertigo Entertainment,Intrepid Pictures,Doctor Sleep,R,10,0,Warner Bros.,18858159.0,-26141841.0
2658,2019,20000000,90,0,Gene Stupnitsky,0.8771,Jacob Tremblay,3.0052,Comedy,,Good Universe,Point Grey Pictures,General,R,8,0,Universal Pictures,30307505.0,10307505.0
2659,2019,3500000,94,0,Alma Har'el,0.3434,Shia LaBeouf,4.797,Drama,,Stay Gold Features,Delirio Films,General,R,9,0,Amazon Studios,374097.0,-3125903.0
2660,2019,14000000,116,0,Roxann Dawson,1.1524,Chrissy Metz,0.425,Drama,,Fox 2000 Pictures,20th Century Fox,General,PG,4,0,Twentieth Century Fox,18007071.0,4007071.0
2661,2019,9000000,93,1,Michael Chaves,1.0006,Linda Cardellini,6.2114,Horror,,Atomic Monster,New Line Cinema,The Curse of La Llorona,R,4,0,Warner Bros.,33784301.0,24784301.0
2662,2019,170000000,112,0,Tim Burton,2.9308,Colin Farrell,5.3528,Family,Fantasy,Tim Burton Productions,Walt Disney Pictures,General,PG,3,0,Walt Disney Studios Motion Pictures,58047489.0,-111952511.0
2663,2019,6000000,136,0,Trey Edward Shults,0.6177,"Kelvin Harrison, Jr.",0.7837,Romance,Drama,A24,Bron Studios,General,R,11,1,A24,167231.0,-5832769.0
2664,2019,75000000,97,0,Jill Culton,0.1528,Chloe Bennet,5.1432,Family,Animation,DreamWorks Animation,Pearl Studio,General,PG,9,0,Universal Pictures,25833115.0,-49166885.0
2665,2019,110000000,115,0,F. Gary Gray,0.577,Chris Hemsworth,7.7826,Comedy,Science Fiction,Amblin Entertainment,Parkes+MacDonald Image Nation,General,PG-13,6,0,Sony Pictures Releasing,41939654.0,-68060346.0
2666,2019,6000000,95,1,Matt Bettinelli-Olpin,0.9502,Samara Weaving,4.9274,Horror,Comedy,Mythology Entertainment,Vinson Films,Ready or Not,R,8,0,Fox Searchlight Pictures,13040462.0,7040462.0
2667,2019,18000000,89,0,Fred Durst,0.9916,John Travolta,3.7668,Crime,Thriller,Daniel Grodnik Productions,Fig Production Group,General,R,8,0,,,
2668,2019,25000000,110,0,Rupert Wyatt,0.2265,John Goodman,2.9597,Science Fiction,Action,Participant,Lightfuse & Gettaway,General,PG-13,3,0,Focus Features,4310660.0,-20689340.0
2669,2019,16000000,93,0,Michael Dowse,0.1306,Dave Bautista,5.7719,Action,Comedy,GoldDay,,General,R,7,0,Twentieth Century Fox,12081864.0,-3918136.0
2670,2019,16000000,109,1,Gail Mancuso,0.2781,Marg Helgenberger,1.8225,Family,Adventure,Amblin Entertainment,Reliance Entertainment,A Dog's Journey,PG,5,0,Universal Pictures,10830535.0,-5169465.0
2671,2019,25000000,123,0,Anthony Maras,0.5056,Dev Patel,2.2607,Thriller,History,Xeitgeist Entertainment Group,Screen Australia,General,R,3,0,Bleecker Street Media,115479.0,-24884521.0
2672,2019,3000000,98,0,Adam Randall,0.4492,Helen Hunt,2.9348,Horror,Thriller,Zodiac Features,,General,R,9,0,,,
2673,2019,40000000,87,1,Conrad Vernon,1.0455,Oscar Isaac,6.0141,Family,Animation,Cinesite Animation,Nitrogen Studios Canada,The Addams Family,PG,10,0,United Artists Releasing,40759027.0,759027.0
2674,2019,8000000,100,0,Vincent D'Onofrio,2.9781,Ethan Hawke,8.4233,Western,Drama,Suretone Pictures,Mimran Schur Pictures,General,R,3,0,Lionsgate,783426.0,-7216574.0
2675,2019,5000000,92,0,Sophia Takal,0.5924,Imogen Poots,2.9723,Horror,Mystery,Universal Pictures,Blumhouse Productions,General,PG-13,12,1,Metro-Goldwyn-Mayer (MGM),16366568.0,11366568.0
2676,2019,12000000,109,0,Deon Taylor,0.2614,Naomie Harris,3.0257,Action,Crime,Hidden Empire Film Group,Royal Viking Entertainment,General,R,10,0,Screen Gems,11392478.0,-607522.0
2677,2019,76000,84,0,Stewart Sparke,0.714,Lyndsey Craine,1.2282,Comedy,Horror,Dark Rift Films,,General,NR,3,0,,,
2678,2019,18000000,96,0,Charles Martin Smith,1.571,Bryce Dallas Howard,3.5829,Drama,Adventure,Bona Film Group,Columbia Pictures,General,PG,1,0,Sony Pictures Releasing,14168496.0,-3831504.0
2679,2019,200000000,114,1,Simon Kinberg,0.7621,Sophie Turner,3.7437,Science Fiction,Action,Genre Films,Hutch Parker Entertainment,Dark Phoenix,PG-13,6,0,,,
2680,2019,21000000,113,0,Dan Gilroy,1.1124,Rene Russo,2.4693,Thriller,Mystery,Jennifer Fox Productions,,General,R,2,0,,,
2681,2019,7800000,89,0,Brian De Palma,1.1062,Nikolaj Coster-Waldau,3.668,Crime,Thriller,N279 Entertainment,Backup Media,General,R,5,0,New Line Cinema,6317000.0,-1483000.0
2682,2019,75000000,97,0,Jill Culton,0.1528,Chloe Bennet,5.1432,Family,Animation,DreamWorks Animation,Pearl Studio,General,PG,9,0,Universal Pictures,25833115.0,-49166885.0
2683,2019,5000000,99,1,Tate Taylor,0.7234,Octavia Spencer,2.0534,Horror,Thriller,Blumhouse Productions,Wyolah Films,Ma,R,5,0,Universal Pictures,24948075.0,19948075.0
2684,2019,30000000,111,1,Tim Story,1.0149,Samuel L. Jackson,9.6371,Action,Crime,Davis Entertainment,New Line Cinema,Shaft,R,6,0,Warner Bros.,12386394.0,-17613606.0
2685,2019,14000000,108,0,Taika Waititi,4.3475,Roman Griffin Davis,1.0246,Comedy,War,Fox Searchlight Pictures,Defender Films,General,PG-13,10,0,Fox Searchlight Pictures,459424.0,-13540576.0
2686,2019,159000000,209,0,Martin Scorsese,3.0015,Robert De Niro,6.5125,Crime,Drama,Tribeca Productions,Sikelia Productions,General,R,11,1,,,
2687,2019,284058,7,0,Everett Downing Jr.,0.4046,Issa Rae,1.2444,Animation,Family,Sony Pictures Animation,Matthew A. Cherry Entertainment,General,G,8,0,,,
2688,2019,38000000,103,0,Andrea Berloff,0.5473,Melissa McCarthy,2.007,Action,Crime,New Line Cinema,Michael De Luca Productions,General,R,8,0,Warner Bros.,8167285.0,-29832715.0
2689,2019,21000000,94,0,Chris Addison,0.5556,Rebel Wilson,2.349,Comedy,Crime,Pin High,Metro-Goldwyn-Mayer,General,PG-13,5,0,United Artists Releasing,17064724.0,-3935276.0
2690,2019,25000000,109,0,Marielle Heller,0.7801,Matthew Rhys,7.6099,Drama,History,TriStar Pictures,Tencent Pictures,General,PG,9,0,Sony Pictures Releasing,22515344.0,-2484656.0
2691,2019,3000000,100,0,Matt Aselton,0.0912,Theo James,8.141,Crime,Comedy,Artina Films,COTA Films,General,R,7,0,,,
2692,2019,10000000,133,0,Robin Bissell,0.0691,Taraji P. Henson,2.7581,Drama,History,Material Pictures,STXfilms,General,PG-13,4,0,STX Entertainment,6101570.0,-3898430.0
2693,2019,20000000,129,0,M. Night Shyamalan,2.3284,James McAvoy,3.6316,Thriller,Drama,Blinding Edge Pictures,Blumhouse Productions,General,PG-13,1,0,Universal Pictures,54541135.0,34541135.0
2694,2019,60000000,101,0,Charlie Bean,0.1701,Tessa Thompson,4.0095,Family,Romance,Walt Disney Pictures,Taylor Made Entertainment,General,PG,11,1,,,
2695,2019,20000000,109,0,Richard Linklater,1.5973,Cate Blanchett,3.8576,Comedy,Drama,Annapurna Pictures,Color Force,General,PG-13,8,0,United Artists Releasing,5185560.0,-14814440.0
2696,2019,150000000,105,1,Rob Letterman,0.4577,Ryan Reynolds,5.6859,Action,Adventure,Legendary Pictures,The Pokémon Company,Pokémon Detective Pikachu,PG,5,0,,,
2697,2019,6000000,102,0,Olivia Wilde,3.3847,Kaitlyn Dever,3.8388,Comedy,,Annapurna Pictures,Gloria Sanchez Productions,General,R,5,0,United Artists Releasing,11038184.0,5038184.0
2698,2019,3600000,97,1,John Herzfeld,0.2319,Sylvester Stallone,9.4362,Action,Thriller,Twirly Films,Leomus Pictures,Escape Plan,R,6,0,,,
2699,2019,5000000,84,0,Scott Moore,0.7414,Adam Devine,1.4131,Comedy,,CBS Films,Team Todd,General,R,10,0,Lionsgate,4519684.0,-480316.0
2700,2019,20000000,131,0,Melina Matsoukas,0.2696,Daniel Kaluuya,3.5041,Crime,Drama,Hillman Grad Productions,De La Revolución,General,R,11,1,Universal Pictures,18564970.0,-1435030.0
2701,2019,30000,72,0,Jordan Downey,0.1166,Christopher Rygh,1.1067,Horror,Fantasy,Brayne Studios,Detention Films,General,NR,4,0,,,
2702,2019,7000000,88,0,David Hackl,0.2168,Gina Carano,5.3447,Action,Thriller,Minds Eye Entertainment,Falconer Pictures,General,R,6,0,,,
2703,2019,3000000,115,1,Rob Zombie,0.9084,Sheri Moon Zombie,1.5281,Horror,Thriller,Lionsgate,Capital Arts Entertainment,3 from Hell,R,9,0,Saban Films,1809226.0,-1190774.0
2704,2019,5000000,119,0,Alex Kendrick,0.3981,Alex Kendrick,0.3981,Drama,,Kendrick Brothers,,General,PG,8,0,Affirm Films,11546629.0,6546629.0
2705,2019,4000000,93,0,Lior Geller,0.7439,Jean-Claude Van Damme,7.5435,Drama,Action,Dream Team Films,Premiere Picture,General,R,5,0,,,
2706,2019,1000000,84,0,Josh Lobo,0.0071,Scott Poythress,0.3427,Horror,Mystery,Yellow Veil Pictures,,General,NR,4,0,,,
2707,2019,11000000,109,0,Robert Eggers,1.6807,Robert Pattinson,5.3095,Drama,Fantasy,RT Features,Parts & Labor,General,R,10,0,A24,580487.0,-10419513.0
2708,2019,5000000,93,1,Scott Beck,0.5448,Katie Stevens,0.3811,Horror,Thriller,Broken Road Productions,Nickel City Pictures,Haunt,R,9,0,,,
2709,2019,3600000,110,0,Joel Souza,0.2099,Thomas Jane,2.8827,Crime,Drama,Brittany House Pictures,BondIt Media Capital,General,R,11,1,,,
2710,2019,140000000,117,0,Ang Lee,1.4533,Will Smith,6.4346,Science Fiction,Action,Skydance Media,Jerry Bruckheimer Films,General,PG-13,10,0,Paramount Pictures,28016543.0,-111983457.0
2711,2019,6000000,95,0,Alice Waddington,0.0168,Emma Roberts,5.8354,Fantasy,Science Fiction,Nostromo Pictures,Colina Paraiso AIE,General,NR,8,0,,,
2712,2019,110000,90,0,Brandon Slagle,0.1634,Teilor Grubbs,0.5746,Horror,Thriller,Unknown,,General,R,9,0,,,
2713,2019,37500000,126,0,Neil Burger,1.1213,Kevin Hart,6.0233,Comedy,Drama,Escape Artists,,General,PG-13,1,0,STX Entertainment,28313439.0,-9186561.0
2714,2019,5000000,84,0,Scott Moore,0.7414,Adam Devine,1.4131,Comedy,,CBS Films,Team Todd,General,R,10,0,Lionsgate,4519684.0,-480316.0
2715,2019,1800000,104,0,Riley Stearns,0.597,Jesse Eisenberg,4.9929,Comedy,Thriller,End Cue,,General,R,7,0,Bleecker Street Media,159289.0,-1640711.0
2716,2019,10000000,105,1,Kevin Smith,1.34,Jason Mewes,0.7881,Comedy,Action,SModcast Pictures,View Askew Productions,Jay and Silent Bob Reboot,R,10,0,Saban Films,1011305.0,-8988695.0
2717,2019,9000000,97,0,Nick Powell,0.2763,Nicolas Cage,6.3482,Action,Adventure,Daniel Grodnik Productions,Wonderfilm Media,General,NR,12,1,,,
2718,2019,6000000,91,0,David Yarovesky,0.379,Jackson A. Dunn,1.3339,Horror,Science Fiction,Troll Court Entertainment,Screen Gems,General,R,5,0,Screen Gems,11897552.0,5897552.0
2719,2019,2100000,88,0,Ben Smith,0.0214,Luke Evans,2.9454,Animation,Comedy,Head Gear Films,Metrol Technology,General,PG,12,1,,,
2720,2019,71640,90,0,Jordan Barker,0.0928,Hannah Kasulka,0.4274,Horror,Mystery,Gearshift Films,Voltage Pictures,General,NR,8,0,,,
2721,2019,8000000,119,0,Scott Z. Burns,0.6858,Adam Driver,2.1578,Drama,,Margin of Error,Vice Studios,General,R,9,0,,,
2722,2019,48000000,118,0,Elizabeth Banks,3.4881,Kristen Stewart,6.9117,Action,Adventure,Columbia Pictures,Brownstone Productions,General,PG-13,11,1,Sony Pictures Releasing,10765592.0,-37234408.0
2723,2019,48000000,118,0,Elizabeth Banks,3.4881,Kristen Stewart,6.9117,Action,Adventure,Columbia Pictures,Brownstone Productions,General,PG-13,11,1,Sony Pictures Releasing,10765592.0,-37234408.0
2724,2019,31000000,88,0,Todd Strauss-Schulson,0.1986,Rebel Wilson,2.349,Comedy,Fantasy,New Line Cinema,Bron Studios,General,PG-13,2,0,Warner Bros.,24427953.0,-6572047.0
2725,2019,15000000,106,1,Kenny Ortega,0.7374,Dove Cameron,3.423,Family,TV Movie,"Bad Angels Productions, Ltd.",5678 Productions,Descendants,PG,8,0,,,
2726,2019,15000000,159,0,S. Craig Zahler,0.6029,Mel Gibson,4.9984,Crime,Action,Cinestate,Look to the Sky Films,General,R,2,0,,,
2727,2019,12000000,90,1,Johannes Roberts,0.3291,Sophie Nélisse,1.3601,Horror,Thriller,The Fyzz,Entertainment Studios,47 Meters Down,PG-13,8,0,Entertainment Studios Motion Pictures,11415947.0,-584053.0
2728,2019,5000000,69,1,Savage Steve Holland,0.3609,Ricardo Hurtado,0.4082,Action,Comedy,Pacific Bay Entertainment,Pacific Bay Entertainment Canada,Malibu Rescue,NR,5,0,,,
2729,2019,20000000,108,0,Tina Gordon,0.3851,Regina Hall,4.2195,Comedy,Fantasy,Will Packer Productions,Universal Pictures,General,PG-13,4,0,Universal Pictures,20929410.0,929410.0
2730,2019,5000000,95,0,Harmony Korine,0.9079,Matthew McConaughey,9.2816,Comedy,Drama,Riverstone Pictures,Vice Studios,General,R,3,0,Neon,2518330.0,-2481670.0
2731,2019,6000000,96,0,James Franco,4.3541,James Franco,4.3541,Comedy,Drama,Rabbit Bandini Productions,,General,R,9,0,,,
2732,2019,84,90,0,Terry Ingram,0.4364,Meghann Fahy,2.9399,TV Movie,Romance,Two 4 The Money Media,Sydell Albert Productions,General,NR,3,0,,,
2733,2019,7000000,90,0,James Cullen Bressack,1.0062,Steven Seagal,3.1614,Action,,UFO Pictures,Scotty Gelt,General,NR,12,1,,,
2734,2019,26000000,145,0,Edward Norton,5.062,Edward Norton,5.062,Drama,Thriller,Class 5 Films,MWM Studios,General,R,10,0,Warner Bros.,5157074.0,-20842926.0
2735,2019,45000000,88,0,Kelly Asbury,0.2814,Kelly Clarkson,0.6332,Animation,Music,Original Force Animation,Reel FX Creative Studios,General,PG,5,0,STX Entertainment,10360796.0,-34639204.0
2736,2019,4000000,102,0,Nisha Ganatra,0.24,Emma Thompson,6.8841,Comedy,Drama,FilmNation Entertainment,30WEST,General,R,1,0,Amazon Studios,312819.0,-3687181.0
2737,2019,4000000,102,0,Nisha Ganatra,0.24,Emma Thompson,6.8841,Comedy,Drama,FilmNation Entertainment,30WEST,General,R,1,0,Amazon Studios,312819.0,-3687181.0
2738,2019,5000000,107,0,Jacob Aaron Estes,0.464,David Oyelowo,1.0165,Horror,Mystery,Blumhouse Productions,,General,R,8,0,OTL Releasing,3500680.0,-1499320.0
2739,2019,1500000,95,0,Josh Janowicz,0.8484,Drew Van Acker,0.7645,Thriller,Science Fiction,Lionsgate,Sprockefeller Pictures,General,R,5,0,,,
2740,2019,20000000,112,0,Dome Karukoski,0.1402,Nicholas Hoult,8.1208,War,Drama,Fox Searchlight Pictures,TSG Entertainment,General,PG-13,5,0,Fox Searchlight Pictures,3036739.0,-16963261.0
2741,2019,250000,99,0,Tyler Jensen,0.0766,Mark Patton,0.4114,Documentary,Horror,The End Productions,,General,NR,4,0,,,
2742,2019,100000000,102,0,Nick Bruno,0.4775,Will Smith,6.4346,Animation,Action,Chernin Entertainment,Blue Sky Studios,General,PG,12,1,Twentieth Century Fox,29323688.0,-70676312.0
2743,2019,35000,11,0,Sam Spear,0.2379,Mikela Jay,0.2364,Science Fiction,Horror,Tongal,20th Century Fox,General,NR,3,0,,,
2744,2019,7000000,91,0,Mark Steven Johnson,1.2199,Travis Fimmel,5.508,Crime,,AMBI Group,BondIt,General,R,3,0,,,
2745,2019,9260980,82,0,Cecilia Aranovich,0.3327,Frank Welker,1.7482,Comedy,Family,Warner Bros. Animation,,General,NR,2,0,,,
2746,2019,11000,95,0,Toby Poser,0.4561,John Adams,0.3289,Horror,Drama,Wonder Wheel Productions,,General,NR,7,0,,,
2747,2019,32000000,109,0,Jay Roach,0.7561,Charlize Theron,5.0947,Drama,,Lighthouse Management + Media,Denver & Delilah Productions,General,R,12,1,Lionsgate,409281.0,-31590719.0
2748,2019,5500000,100,0,Michael Winterbottom,0.5063,Steve Coogan,0.9911,Comedy,Drama,Film4 Productions,Revolution Films,General,R,9,0,,,
2749,2019,15600000,119,0,Armando Iannucci,0.5179,Dev Patel,2.2607,Comedy,,FilmNation Entertainment,Film4 Productions,General,PG,11,1,Searchlight Pictures,613947.0,-14986053.0
2750,2019,450000,88,0,Henry Dunham,0.1853,James Badge Dale,1.3086,Crime,Drama,Look to the Sky Films,XYZ Films,General,NR,1,0,,,
2751,2019,25000000,124,0,Farhad Safinia,0.4976,Mel Gibson,4.9984,History,Drama,Fastnet Films,22h22,General,NR,3,0,,,
2752,2019,20000000,110,0,Lorene Scafaria,0.6011,Constance Wu,1.6202,Drama,Comedy,Gloria Sanchez Productions,Nuyorican Productions,General,R,9,0,STX Entertainment,45545213.0,25545213.0
2753,2019,20000000,110,0,Lorene Scafaria,0.6011,Constance Wu,1.6202,Drama,Comedy,Gloria Sanchez Productions,Nuyorican Productions,General,R,9,0,STX Entertainment,45545213.0,25545213.0
2754,2019,35000,10,0,Chris Reading,0.2922,Gaia Weiss,1.6695,Drama,Horror,20th Century Fox,Tongal,General,NR,3,0,,,
2755,2019,2500000,91,0,Jason Axinn,0.0286,Morena Baccarin,10.9767,Animation,Horror,"Coverage, Ink",,General,R,11,1,,,
2756,2019,79000000,40,0,Constantine Nasr,0.1929,Andy Muschietti,1.5056,Documentary,,Warner Home Video,,General,NR,12,1,,,
2757,2019,8000000,103,0,Benedict Andrews,0.1136,Kristen Stewart,6.9117,Thriller,Drama,Automatik Entertainment,Ingenious Media,General,NR,12,1,Amazon Studios,52966.0,-7947034.0
2758,2019,33000000,99,0,Brian Kirk,0.4419,Chadwick Boseman,2.3848,Crime,Action,STXfilms,MWM Studios,General,R,10,0,STX Entertainment,13633670.0,-19366330.0
2759,2019,45000000,131,0,Clint Eastwood,4.2252,Paul Walter Hauser,5.8574,Drama,History,Warner Bros. Pictures,Malpaso Productions,General,R,12,1,Warner Bros.,6977659.0,-38022341.0
2760,2019,9000000,100,0,Ry Russo-Young,0.1639,Yara Shahidi,2.4674,Romance,Drama,Alloy Entertainment,Metro-Goldwyn-Mayer,General,PG-13,5,0,Warner Bros.,3486824.0,-5513176.0
2761,2019,40000000,121,0,Dexter Fletcher,1.108,Taron Egerton,5.5431,Music,Drama,Paramount Pictures,New Republic Pictures,General,R,5,0,Paramount Pictures,36498756.0,-3501244.0
2762,2019,1000000,92,0,Joe Begos,0.2425,Stephen Lang,3.0722,Action,Crime,Fangoria Films,Channel 83 Films,General,NR,9,0,,,
2763,2019,25000000,102,0,Steven Knight,1.9557,Matthew McConaughey,9.2816,Thriller,Mystery,Nebulastar,Shoebox Films,General,R,1,0,Universal Pictures,18504816.0,-6495184.0
2764,2019,9000000,100,1,Christopher Landon,0.9686,Jessica Rothe,1.7451,Comedy,Horror,Digital Riot Media,Blumhouse Productions,Happy Death Day 2U,PG-13,2,0,Universal Pictures,15586375.0,6586375.0
2765,2019,25000000,108,1,André Øvredal,0.526,Zoe Colletti,3.5234,Horror,Adventure,1212 Entertainment,Double Dare You,Scary Stories to Tell in the Dark,PG-13,8,0,Lionsgate,30166784.0,5166784.0
2766,2019,75000000,99,0,Lino DiSalvo,0.1778,Anya Taylor-Joy,12.1144,Family,Animation,Morgen Studios,DMG Entertainment,General,PG,6,0,STX Entertainment,822723.0,-74177277.0
2767,2019,40000000,149,0,John Crowley,0.3625,Ansel Elgort,1.939,Drama,,Color Force,Amazon Studios,General,R,9,0,Warner Bros.,3780103.0,-36219897.0
2768,2019,95000000,110,0,Tom Hooper,0.4419,Francesca Hayward,0.7805,Fantasy,Comedy,Universal Pictures,Perfect World Pictures,General,PG,12,1,Universal Pictures,12990175.0,-82009825.0
2769,2019,40000000,125,0,Jonathan Levine,0.3281,Charlize Theron,5.0947,Comedy,Romance,AG Studios,Denver & Delilah Productions,General,R,5,0,Lionsgate,13611935.0,-26388065.0
2770,2019,11000000,108,0,Stephen Merchant,1.6684,Florence Pugh,6.5983,Comedy,,WWE Studios,Misher Films,General,PG-13,2,0,Metro-Goldwyn-Mayer (MGM),209713.0,-10790287.0
2771,2019,7000000,110,0,Aleksandr Boguslavskiy,0.4383,Tinatin Dalakishvili,0.8883,Adventure,Fantasy,Kinodanz,20th Century Fox,General,PG,8,0,Universal Pictures,13537755.0,6537755.0
2772,2019,9000000,173,0,Terrence Malick,0.6816,August Diehl,1.3585,History,Drama,Studio Babelsberg,Elizabeth Bay Productions,General,PG-13,8,0,Fox Searchlight Pictures,72143.0,-8927857.0
2773,2019,6200000,97,0,Tyler Nilson,0.2538,Shia LaBeouf,4.797,Adventure,Comedy,Armory Films,Endeavor Content,General,PG-13,8,0,Roadside Attractions,296190.0,-5903810.0
2774,2019,3000000,85,0,Michael Merino,0.1499,Sean Patrick Flanery,1.3983,Action,Thriller,7Heaven Productions,CineTel Films,General,NR,11,1,,,
2775,2019,20000000,109,1,Tyler Perry,2.1061,Tyler Perry,2.1061,Comedy,,Tyler Perry Studios,,A Madea Family Funeral,PG-13,3,0,Lionsgate,33829810.0,13829810.0
2776,2019,4500000,85,0,John Turturro,1.8684,John Turturro,1.8684,Comedy,Crime,Sidney Kimmel Entertainment,New Element Media,General,R,10,0,,,
2777,2019,87500000,123,0,James Gray,0.2373,Brad Pitt,9.031,Science Fiction,Drama,New Regency Productions,MadRiver Pictures,General,PG-13,9,0,Twentieth Century Fox,25382600.0,-62117400.0
2778,2019,250300,100,0,Lulu Wang,0.4787,Zhao Shuzhen,0.4231,Comedy,Drama,Big Beach,Depth of Field,General,PG,7,0,A24,503427.0,253127.0
2779,2019,750000,108,0,Jen McGowan,0.2501,Hermione Corfield,2.5028,Thriller,Drama,Lunacy Productions,,General,R,1,0,,,
2780,2019,35000,10,0,Benjamin Howdeshell,0.0143,Jessica Clark,0.7455,Science Fiction,Horror,20th Century Fox,Tongal,General,NR,3,0,,,
2781,2019,100000000,93,0,Chris Butler,0.2529,Hugh Jackman,5.2825,Family,Animation,LAIKA,Annapurna Pictures,General,PG,4,0,United Artists Releasing,8607241.0,-91392759.0
2782,2019,6000000,92,0,Melanie Martinez,0.8328,Melanie Martinez,0.8328,Music,Fantasy,Atlantic Records,Little Ugly,General,R,9,0,Abramorama,303230.0,-5696770.0
2783,2019,100000000,86,0,Dylan Brown,0.1351,Brianna Denski,0.2873,Comedy,Animation,Nickelodeon Movies,Paramount Animation,General,PG,3,0,Paramount Pictures,20477304.0,-79522696.0
2784,2019,10000000,94,0,Nicolas Pesce,0.4961,Andrea Riseborough,2.0712,Horror,Mystery,Ghost House Pictures,Good Universe,General,R,12,1,Sony Pictures Releasing,14406715.0,4406715.0
2785,2019,29900000,96,0,Andy Fickman,0.3789,John Cena,4.3502,Family,Comedy,Broken Road Productions,Nickelodeon Movies,General,PG,11,1,Paramount Pictures,16947824.0,-12952176.0
2786,2019,35000,11,0,Kelsey Taylor,0.1134,Jolene Andersen,0.3922,Drama,Horror,20th Century Fox,Tongal,General,NR,3,0,,,
2787,2019,1000000,99,0,Daniel Woltosz,0.0239,Jackson Rathbone,1.9421,Horror,Thriller,Iron Compass Entertainment,,General,NR,9,0,,,
2788,2019,2900000,110,0,Akhtem Seitablaiev,0.6981,Alex MacNicoll,1.8291,Action,History,Kinorob,Cinema Day,General,NR,10,0,,,
2789,2019,10000000,99,0,Tom Shadyac,0.8724,Aldis Hodge,2.1534,Drama,,Shivhans Pictures,Gidden Media,General,PG-13,8,0,Bleecker Street Media,3040865.0,-6959135.0
2790,2019,80000,98,0,Callum Burn,0.0461,Kris Saddler,0.3347,Drama,War,Tin Hat Productions,,General,NR,2,0,,,
2791,2019,6000000,106,0,Cary Solomon,0.1945,Ashley Bratcher,0.5817,Drama,,Unknown,,General,R,3,0,Pure Flix Entertainment,9267510.0,3267510.0
2792,2019,25000000,92,0,Woody Allen,1.2222,Timothée Chalamet,6.9868,Comedy,Romance,Gravier Productions,Perdido Productions,General,PG-13,7,0,,,
2793,2019,25000000,84,1,Ryan Bellgardt,0.5508,Molly Clayton,0.0602,Family,Adventure,Anton Capital Entertainment,The Adventures of Jurassic Pet,The Adventures of Jurassic Pet,PG,6,0,,,
2794,2020,205000000,150,0,Christopher Nolan,7.3643,John David Washington,3.2724,Action,Thriller,Warner Bros. Pictures,Syncopy,General,PG-13,8,0,Warner Bros.,,
2795,2020,150000000,101,0,Pete Docter,1.348,Jamie Foxx,3.0171,Animation,Family,Pixar,,General,PG,12,1,Walt Disney Studios Motion Pictures,714516.0,-149285484.0
2796,2020,200000000,151,1,Patty Jenkins,0.4554,Gal Gadot,4.6218,Action,Adventure,Warner Bros. Pictures,The Stone Quarry,Wonder Woman 1984,PG-13,12,1,Warner Bros.,20180074.0,-179819926.0
2797,2020,14000000,94,0,Floria Sigismondi,0.4763,Mackenzie Davis,2.8775,Horror,Thriller,DreamWorks Pictures,Vertigo Entertainment,General,PG-13,1,0,Universal Pictures,8655440.0,-5344560.0
2798,2020,5000000,102,0,Michael Almereyda,0.197,Ethan Hawke,8.4233,History,Drama,Campbell Grobman Films,Intrinsic Value Films,General,PG-13,8,0,IFC Films,55724.0,-4944276.0
2799,2020,85000000,99,1,Jeff Fowler,0.3555,Ben Schwartz,1.712,Action,Science Fiction,Original Film,Blur Studio,Sonic the Hedgehog,PG,2,0,Paramount Pictures,80301671.0,-4698329.0
2800,2020,65000000,95,1,Joel Crawford,0.8895,Nicolas Cage,6.3482,Animation,Family,DreamWorks Animation,,The Croods,PG,11,1,Universal Pictures,14274455.0,-50725545.0
2801,2020,14000000,105,1,Roger Kumble,0.5033,Josephine Langford,4.3493,Romance,Drama,Voltage Pictures,Offspring Entertainment,After We Collided,R,9,0,Open Road Films (II),472691.0,-13527309.0
2802,2020,125000000,94,0,Kenneth Branagh,2.7277,Ferdia Shaw,0.3064,Adventure,Fantasy,Tribeca Productions,Walt Disney Pictures,General,PG,5,0,,,
2803,2020,175000000,101,0,Stephen Gaghan,0.2808,Robert Downey Jr.,7.311,Family,Comedy,Universal Pictures,Team Downey,General,PG,1,0,Universal Pictures,32184730.0,-142815270.0
2804,2020,90000000,91,1,Walt Dohrn,0.5318,Anna Kendrick,4.3959,Family,Animation,DreamWorks Animation,,Trolls World Tour,PG,3,0,,,
2805,2020,1700000,90,0,Aneesh Chaganty,0.3648,Sarah Paulson,3.5568,Thriller,Horror,Search Party,,General,PG-13,11,1,,,
2806,2020,109000000,100,0,Chris Sanders,1.4262,Harrison Ford,6.6538,Adventure,Family,3 Arts Entertainment,20th Century Studios,General,PG,2,0,20th Century Studios,32804038.0,-76195962.0
2807,2020,90000000,124,1,Bilall Fallah,0.4104,Will Smith,6.4346,Thriller,Action,Columbia Pictures,2.0 Entertainment,Bad Boys for Life,R,1,0,Sony Pictures Releasing,86644165.0,-3355835.0
2808,2020,30000000,109,0,Michael Matthews,0.5577,Dylan O'Brien,6.1271,Comedy,Adventure,21 Laps Entertainment,,General,PG-13,10,0,Paramount Pictures,362275.0,-29637725.0
2809,2020,65000000,116,1,Sam Hargrave,0.9339,Chris Hemsworth,7.7826,Action,Thriller,AGBO,Thematic Entertainment,Extraction,R,4,0,,,
2810,2020,33000000,90,0,Derrick Borte,0.1183,Russell Crowe,4.5456,Action,Thriller,Solstice Studios,Burek Films,General,R,7,0,Solstice Studios,,
2811,2020,12000000,102,0,Tomm Moore,0.4504,Honor Kneafsey,0.8312,Animation,Family,Cartoon Saloon,Melusine Productions,General,PG,10,0,,,
2812,2020,5000000,102,0,Christopher Landon,0.9686,Vince Vaughn,2.0753,Horror,Comedy,Universal Pictures,Blumhouse Productions,General,R,11,1,Universal Pictures,4372295.0,-627705.0
2813,2020,60000000,95,1,Tim Hill,0.7342,Tom Kenny,1.835,Family,Comedy,United Plankton Pictures,Nickelodeon Movies,The SpongeBob Movie,PG,8,0,Paramount Pictures,1232796.0,-58767204.0
2814,2020,50300000,92,0,Aaron Schneider,0.2127,Tom Hanks,14.407,War,Action,Playtone,Bron Studios,General,PG-13,7,0,,,
2815,2020,75000000,109,0,Cathy Yan,0.2623,Margot Robbie,9.8432,Action,Crime,Warner Bros. Pictures,DC Films,General,R,2,0,,,
2816,2020,200000000,115,0,Niki Caro,0.2455,Liu Yifei,5.099,Adventure,Fantasy,Walt Disney Pictures,Good Fear,General,PG-13,9,0,,,
2817,2020,16000000,137,0,David Prior,0.3555,James Badge Dale,1.3086,Horror,Mystery,BOOM! Studios,Out of Africa Entertainment,General,R,10,0,20th Century Studios,1626007.0,-14373993.0
2818,2020,21000000,107,0,Andy Tennant,0.7588,Katie Holmes,3.9596,Drama,Romance,Savvy Media Holdings,Covert Media,General,PG,4,0,,,
2819,2020,14000000,103,0,Steven Brill,0.419,Adam Sandler,4.1529,Comedy,Mystery,Happy Madison Productions,,General,PG-13,10,0,,,
2820,2020,10000000,97,1,Mike Rohl,0.6751,Vanessa Hudgens,4.4366,Family,Romance,Motion Picture Corporation of America,Brad Krevoy Television,The Princess Switch,G,11,1,,,
2821,2020,38000000,118,0,Paul Greengrass,1.2285,Tom Hanks,14.407,Drama,Western,Playtone,Pretty Pictures,General,PG-13,12,1,Universal Pictures,3396945.0,-34603055.0
2822,2020,25000000,132,0,David Fincher,2.0014,Gary Oldman,6.4017,Drama,History,Netflix International Pictures,,General,R,11,1,,,
2823,2020,34000000,120,1,Ric Roman Waugh,1.0493,Gerard Butler,8.5815,Action,Adventure,STXfilms,Thunder Road,Greenland,PG-13,7,0,,,
2824,2020,7000000,109,0,Jeff Wadlow,0.5543,Michael Peña,4.5233,Adventure,Fantasy,Blumhouse Productions,Columbia Pictures,General,PG-13,2,0,Sony Pictures Releasing,15987070.0,8987070.0
2825,2020,15000000,105,0,Gerard Bush,0.3985,Janelle Monáe,1.0679,Horror,,Lionsgate,QC Entertainment,General,R,9,0,,,
2826,2020,1200000,98,0,Marc Price,0.1342,Phoebe Sparrow,0.2713,Science Fiction,,Dead Pixel Productions,,General,NR,10,0,,,
2827,2020,80000,102,0,Cooper Raiff,1.1051,Cooper Raiff,1.1051,Comedy,Drama,CMR Productions,,General,R,10,0,IFC Films,5835.0,-74165.0
2828,2020,18000000,98,0,Tim Hill,0.7342,Robert De Niro,6.5125,Comedy,Family,Marro Films,EFO Films,General,PG,8,0,101 Studios,4754332.0,-13245668.0
2829,2020,5000000,90,0,Max Barbakow,0.3622,Andy Samberg,4.8276,Comedy,Romance,Limelight,The Lonely Island,General,R,7,0,,,
2830,2020,10000000,113,0,Emerald Fennell,1.5798,Carey Mulligan,2.8127,Thriller,Crime,LuckyChap Entertainment,FilmNation Entertainment,General,R,12,1,Focus Features,1208180.0,-8791820.0
2831,2020,70000000,125,1,Gina Prince-Bythewood,0.6474,Charlize Theron,5.0947,Action,Fantasy,Skydance Media,Denver & Delilah Productions,The Old Guard,R,7,0,,,
2832,2020,15000000,98,0,Jason Lei Howden,0.6465,Daniel Radcliffe,4.9996,Action,Comedy,Occupant Entertainment,Four Knights Film,General,R,2,0,,,
2833,2020,14000000,90,0,Craig Zobel,0.3323,Betty Gilpin,3.4354,Action,Thriller,Blumhouse Productions,Universal Pictures,General,R,3,0,Universal Pictures,5775060.0,-8224940.0
2834,2020,35000000,130,0,Aaron Sorkin,0.5871,Eddie Redmayne,4.3591,Drama,History,DreamWorks Pictures,Marc Platt Productions,General,R,9,0,,,
2835,2020,500000,80,0,Christopher Forbes,0.5639,William Adams,0.4105,Western,,Unknown,,General,R,11,1,,,
2836,2020,7200000,97,0,Yuval Adler,0.0912,Noomi Rapace,3.2718,Thriller,History,AGC Studios,di Bonaventura Pictures,General,R,9,0,Bleecker Street Media,10730.0,-7189270.0
2837,2020,21000000,123,1,Harry Bradbeer,0.323,Millie Bobby Brown,15.892,Adventure,Mystery,PCMA Productions,Legendary Pictures,Enola Holmes,PG-13,9,0,,,
2838,2020,9000000,96,0,Jacob Chase,0.3115,Gillian Jacobs,1.4604,Horror,Mystery,Amblin Partners,The Picture Company,General,PG-13,10,0,Focus Features,3931825.0,-5068175.0
2839,2020,16000000,118,0,Greg Barker,0.1331,Wagner Moura,3.4739,Drama,,Black Rabbit Media,Anima Pictures,General,R,1,0,,,
2840,2020,20600000,103,0,Josh Trank,0.5032,Tom Hardy,10.2616,Crime,Drama,Bron Studios,Addictive Pictures,General,R,6,0,,,
2841,2020,2000000,122,0,Kelly Reichardt,0.7126,John Magaro,1.807,Drama,Western,filmscience,,General,PG-13,3,0,A24,101068.0,-1898932.0
2842,2020,35000000,137,0,Judd Apatow,1.3011,Pete Davidson,3.201,Comedy,Drama,Universal Pictures,Apatow Productions,General,R,7,0,,,
2843,2020,23000000,102,0,Dimitri Logothetis,0.2528,Alain Moussi,1.1062,Action,Science Fiction,Acme Rocket Fuel,Green Olive Films,General,R,11,1,,,
2844,2020,475000,89,0,John Barr,0.0582,Tom Berenger,2.03,Thriller,Crime,Allagash Films,,General,NR,5,0,,,
2845,2020,3500000,93,0,Reinaldo Marcus Green,0.4778,Mark Wahlberg,13.7743,Drama,,Nine Stories Productions,Argent Pictures,General,R,9,0,Roadside Attractions,1095444.0,-2404556.0
2846,2020,50000000,109,0,Reed Morano,0.1624,Blake Lively,3.3428,Action,Thriller,EON Productions,Global Road Entertainment,General,R,1,0,Paramount Pictures,3892991.0,-46107009.0
2847,2020,2500000,85,0,Adam Mason,0.222,KJ Apa,2.6218,Science Fiction,Thriller,Invisible Narratives,Platinum Dunes,General,PG-13,12,1,,,
2848,2020,70000000,113,1,Liam O'Donnell,0.2162,Lindsey Morgan,1.1164,Science Fiction,Action,Mirabelle Pictures Productions,Artbox,Skylines,R,10,0,,,
2849,2020,200000000,102,0,Dan Scanlon,0.5043,Tom Holland,6.5228,Family,Comedy,Walt Disney Pictures,Pixar,General,PG,2,0,Walt Disney Studios Motion Pictures,52997565.0,-147002435.0
2850,2020,25000000,128,1,Luke Sparke,1.0818,Dan Ewing,0.7392,Science Fiction,Action,Sparke Films,Saban Films,Occupation,R,10,0,,,
2851,2020,8000000,111,0,Thor Freudenthal,0.3207,Charlie Plummer,1.6107,Drama,Romance,LD Entertainment,,General,PG-13,8,0,Roadside Attractions,537070.0,-7462930.0
2852,2020,67000000,94,0,Josh Boone,0.6373,Blu Hunt,1.4147,Science Fiction,Horror,20th Century Studios,Genre Films,General,PG-13,4,0,20th Century Studios,7954226.0,-59045774.0
2853,2020,12000000,115,0,Andrew Erwin,0.8564,KJ Apa,2.6218,Music,Drama,Kevin Downes Productions,Lionsgate,General,PG,3,0,Lionsgate,9852768.0,-2147232.0
2854,2020,21000000,114,0,Thomas Bezucha,0.5961,Diane Lane,5.1845,Thriller,Crime,The Mazur Kaplan Company,Focus Features,General,R,11,1,Focus Features,5087465.0,-15912535.0
2855,2020,20000000,100,0,Eshom Nelms,0.5581,Mel Gibson,4.9984,Drama,Thriller,Rough House Pictures,Sprockefeller Pictures,General,R,10,0,,,
2856,2020,2000000,85,0,Pat Williams,0.0826,Italia Ricci,2.0375,TV Movie,Romance,Front Street Pictures,,General,NR,1,0,,,
2857,2020,30000000,95,0,David Ayer,1.0222,Bobby Soto,1.024,Action,Crime,Cross Creek Pictures,Cedar Park Entertainment,General,R,8,0,RLJ Entertainment,115000.0,-29885000.0
2858,2020,18000000,94,1,Zoe Lister-Jones,0.7802,Cailee Spaeny,4.2105,Horror,Drama,Blumhouse Productions,Red Wagon Entertainment,The Craft,PG-13,10,0,,,
2859,2020,5000000,100,1,John Pogue,0.4798,Tania Raymonde,3.3625,Action,Horror,Roserock Films,,Deep Blue Sea,R,8,0,,,
2860,2020,250000,96,0,Justin G. Dyck,0.5372,Sheila McCarthy,0.5584,Horror,,Vortex Productions,,General,NR,4,0,,,
2861,2020,45000000,155,0,Spike Lee,1.2793,Delroy Lindo,1.9629,War,Drama,40 Acres and a Mule Filmworks,Rahway Road Productions,General,R,6,0,,,
2862,2020,1200000,97,0,Gabriel Sabloff,0.0739,David A.R. White,0.6044,Action,,Pure Flix Entertainment,Five Arts Films,General,NR,9,0,,,
2863,2020,5000000,75,0,Galt Niederhoffer,0.422,Christina Ricci,3.4723,Drama,Romance,Franklin Avenue Films,,General,NR,3,0,,,
2864,2020,6100000,94,0,Chris Riedell,0.4431,Lucy Hale,3.7893,Comedy,Romance,Vertical,SPR Media,General,R,7,0,,,
2865,2020,10000000,125,0,Autumn de Wilde,0.2347,Anya Taylor-Joy,12.1144,Comedy,Romance,Working Title Films,Blueprint Pictures,General,PG,2,0,Focus Features,301450.0,-9698550.0
2866,2020,150000,100,0,Alex Thompson,0.2203,Kelly O'Sullivan,0.1083,Comedy,Drama,Visit Films,Easy Open Productions,General,NR,2,0,,,
2867,2020,29000000,83,0,Miguel Arteta,0.395,Tiffany Haddish,2.9592,Comedy,,Artists First,Paramount Pictures,General,R,1,0,Paramount Pictures,13083588.0,-15916412.0
2868,2020,42000000,110,0,Dave Wilson,0.1326,Vin Diesel,9.8318,Action,Science Fiction,Cross Creek Pictures,Original Film,General,PG-13,3,0,Sony Pictures Releasing,9967115.0,-32032885.0
2869,2020,25000000,104,0,George Gallo,0.5377,Robert De Niro,6.5125,Comedy,Crime,Cloudburst Entertainment,Alla Prima Productions,General,R,11,1,,,
2870,2020,7000000,124,0,Leigh Whannell,1.2703,Elisabeth Moss,2.2969,Thriller,Science Fiction,Blumhouse Productions,Goalpost Pictures,General,R,2,0,Universal Pictures,37543570.0,30543570.0
2871,2020,1700000,95,0,Steven Kostanski,0.4889,Nita-Josee Hanna,0.5142,Science Fiction,Comedy,Dystopia Films,Raven Banner Entertainment,General,R,10,0,,,
2872,2020,50000000,95,0,William Eubank,0.6061,Kristen Stewart,6.9117,Horror,Science Fiction,Chernin Entertainment,20th Century Fox,General,PG-13,1,0,Twentieth Century Fox,9220707.0,-40779293.0
2873,2020,17000000,84,1,Sean McNamara,0.747,Melissa Rauch,2.3706,Family,Comedy,Warner Bros. Pictures,,Cats & Dogs 3,PG,10,0,,,
2874,2020,23000000,108,0,Gavin O'Connor,0.603,Ben Affleck,10.0095,Drama,,Warner Bros. Pictures,Pearl Street Films,General,R,3,0,Newmarket Films,15028277.0,-7971723.0
2875,2020,18000000,99,1,Peter Segal,0.8752,Dave Bautista,5.7719,Family,Action,STXfilms,MWM Studios,My Spy,PG-13,1,0,,,
2876,2020,1126036,129,0,Alex Winter,3.2689,Frank Zappa,0.8221,Music,Documentary,Trouper Productions,Zipper Bros Films,General,NR,11,1,,,
2877,2020,1900000,132,0,Mark Toia,0.0545,Neal McDonough,4.5676,Science Fiction,Action,MRT Films Pty Ltd,Hanuman Films,General,R,11,1,,,
2878,2020,20000000,110,0,Todd Robinson,0.4863,Sebastian Stan,4.0314,Drama,Action,Foresight Unlimited,Provocator,General,R,1,0,Roadside Attractions,1565443.0,-18434557.0
2879,2020,90000000,93,0,Tony Cervone,0.3995,Will Forte,1.9039,Animation,Comedy,Warner Animation Group,Warner Bros. Pictures,General,PG,7,0,,,
2880,2020,138000,135,0,Daniel Roby,0.3449,Antoine Olivier Pilon,0.3918,Thriller,Crime,Caramel Films,Highland Film Group,General,R,7,0,,,
2881,2020,3000000,92,0,Chris Henchy,0.4212,Paula Abdul,0.4518,Comedy,,Funny or Die,truTV,General,PG-13,2,0,truTV,3077091.0,77091.0
2882,2020,18000000,123,0,Rod Lurie,0.486,Scott Eastwood,3.782,War,Drama,Millennium Media,York Films,General,R,6,0,,,
2883,2020,45000000,99,0,Tom McCarthy,1.2804,Winslow Fegley,0.5286,Family,Mystery,Walt Disney Pictures,Whitaker Entertainment,General,PG,1,0,,,
2884,2020,5000000,111,0,Benh Zeitlin,0.2182,Devin France,0.0906,Fantasy,Drama,Searchlight Pictures,Department of Motion Pictures,General,PG-13,2,0,Fox Searchlight Pictures,29979.0,-4970021.0
2885,2020,24000000,100,0,Mark Waters,0.531,Adam Devine,1.4131,Family,Fantasy,Team Todd,Gunn Films,General,PG,8,0,,,
2886,2020,141129,106,0,Russell Owen,0.0759,Jess Chanliau,0.6078,Horror,,Golden Crab Films,,General,NR,2,0,,,
2887,2020,5000000,103,0,Michael Duggan,0.3984,Eli Brown,0.287,Comedy,,Awesomeness Films,Paramount Pictures,General,R,7,0,,,
2888,2020,4500000,101,0,Adrian Bol,0.1143,Scott Adkins,5.6607,Thriller,Action,Film Polska Production,Sarke Studio,General,NR,7,0,,,
2889,2020,568443,82,0,Andrew Lawrence,1.6033,Adam Copeland,1.6575,Action,Crime,Dawn's Light,Taylor & Dodge,General,R,9,0,,,
2890,2020,10000000,86,1,William Brent Bell,0.4031,Katie Holmes,3.9596,Horror,Mystery,STXfilms,Lakeshore Entertainment,Brahms,PG-13,2,0,STX Entertainment,7147619.0,-2852381.0
2891,2020,6000000,110,1,Richard Stanley,0.4232,Nicolas Cage,6.3482,Horror,Science Fiction,SpectreVision,BRO Cinema,Color Out of Space,R,1,0,,,
2892,2020,25000000,92,1,Dean Parisot,0.3224,Keanu Reeves,11.5062,Comedy,Science Fiction,Endeavor Content,Hammerstone Studios,Bill & Ted Face the Music,PG-13,8,0,United Artists Releasing,1309149.0,-23690851.0
2893,2020,3500000,88,0,Dave Franco,5.1723,Dan Stevens,3.1824,Horror,Thriller,Black Bear Pictures,Ramona Films,General,R,7,0,IFC Films,499500.0,-3000500.0
2894,2020,5000000,87,0,Osgood Perkins,1.2385,Sophia Lillis,6.1465,Horror,Fantasy,Automatik Entertainment,Bron Studios,General,PG-13,1,0,United Artists Releasing,8024240.0,3024240.0
2895,2020,1229578,89,0,Natalie Erika James,0.1391,Emily Mortimer,2.3466,Horror,Mystery,Nine Stories Productions,AGBO,General,R,7,0,IFC Films,263694.0,-965884.0
2896,2020,5000000,93,1,Cary Murnion,0.1972,Lulu Wilson,1.8749,Thriller,Horror,Yale Productions,BoulderLight Pictures,Becky,R,7,0,Quiver Distribution,251712.0,-4748288.0
2897,2020,2000000,85,0,Jim Cummings,0.4099,Jim Cummings,0.4099,Horror,Thriller,Vanishing Angle,New Form Digital,General,R,10,0,United Artists Releasing,141695.0,-1858305.0
2898,2020,25000000,93,0,Marc Meyers,0.1667,Jessica Rothe,1.7451,Romance,Drama,Broken Road Productions,Perfect World Pictures,General,PG-13,10,0,Universal Pictures,432415.0,-24567585.0
2899,2020,2355484,123,0,Mads Brügger,0.8769,Mads Brügger,0.8769,Documentary,,Wingman Media,DR,General,NR,10,0,,,
2900,2020,15000000,91,0,Michael Polish,0.2563,Mel Gibson,4.9984,Action,Adventure,Ingenious Media,Blue Box International,General,R,7,0,,,
2901,2020,300,70,0,Brett Kelly,0.8633,Steph Goodwin,0.0071,Horror,Comedy,Wild Eye Releasing,,General,NR,3,0,,,
2902,2020,16000000,106,0,Stella Meghie,0.518,Issa Rae,1.2444,Drama,Romance,Universal Pictures,Will Packer Productions,General,PG-13,2,0,Universal Pictures,14844640.0,-1155360.0
2903,2020,800000,93,0,Kurt Wimmer,0.7423,Elena Kampouris,1.6174,Horror,Thriller,ANVL Entertainment,Digital Riot Media,General,R,10,0,,,
2904,2020,50000,86,0,Taylor Morden,0.3125,Sandi Harding,0.0621,Documentary,,PopMotion Pictures,September Club,General,NR,12,1,,,
2905,2020,80,18,0,Mark Berezov,0.0453,Anish Bhat,0.0193,Drama,Fantasy,Unknown,,General,NR,1,0,,,
2906,2021,200000000,148,1,Jon Watts,0.8295,Tom Holland,6.5228,Action,Adventure,Marvel Studios,Pascal Pictures,Spider-Man,PG-13,12,1,Sony Pictures Releasing,385865477.0,185865477.0
2907,2021,165000000,155,1,Denis Villeneuve,2.2494,Timothée Chalamet,6.9868,Science Fiction,Adventure,Legendary Pictures,,Dune,PG-13,9,0,Universal Pictures,,
2908,2021,16000000,91,1,Ilya Naishuller,1.3718,Bob Odenkirk,3.4088,Action,Thriller,87North Productions,OPE Partners,Nobody,R,3,0,,8816191.0,-7183809.0
2909,2021,110000000,115,1,Shawn Levy,2.0627,Ryan Reynolds,5.6859,Comedy,Adventure,Berlanti Productions,21 Laps Entertainment,Free Guy,PG-13,8,0,20th Century Studios,40022975.0,-69977025.0
2910,2021,85000000,110,1,Garth Jennings,0.5621,Matthew McConaughey,9.2816,Family,Comedy,Illumination,,Sing,PG,12,1,Universal Pictures,53182125.0,-31817875.0
2911,2021,185000000,132,1,James Gunn,3.2228,Margot Robbie,9.8432,Action,Comedy,DC Films,Atlas Entertainment,The Suicide Squad,R,7,0,Warner Bros.,26250000.0,-158750000.0
2912,2021,200000000,138,1,Chris McKay,0.4975,Chris Pratt,5.0185,Action,Science Fiction,Skydance Media,Phantom Four,The Tomorrow War,PG-13,9,0,,,
2913,2021,39000000,111,1,Michael Chaves,1.0006,Vera Farmiga,6.1041,Horror,Mystery,New Line Cinema,The Safran Company,The Conjuring,R,5,0,Warner Bros.,24010000.0,-14990000.0
2914,2021,150000000,102,1,Byron Howard,2.0656,Stephanie Beatriz,2.8187,Animation,Comedy,Walt Disney Animation Studios,,Encanto,PG,10,0,Walt Disney Studios Motion Pictures,43228940.0,-106771060.0
2915,2021,40000000,119,0,Guy Ritchie,2.8818,Jason Statham,18.2824,Thriller,Crime,Miramax,Toff Guy Films,General,R,4,0,United Artists Releasing,10860233.0,-29139767.0
2916,2021,110000000,97,1,Andy Serkis,3.0658,Tom Hardy,10.2616,Science Fiction,Action,Columbia Pictures,Pascal Pictures,Venom,PG-13,9,0,Sony Pictures Releasing,109665616.0,-334384.0
2917,2021,23000000,108,0,Robert Lorenz,0.5111,Liam Neeson,7.5562,Action,Drama,Sculptor Media,Zero Gravity Management,General,PG-13,1,0,Open Road Films (II),3503257.0,-19496743.0
2918,2021,190000000,147,1,Lana Wachowski,0.7604,Keanu Reeves,11.5062,Science Fiction,Action,Warner Bros. Pictures,Village Roadshow Pictures,The Matrix Resurrections,R,12,1,Warner Bros.,24479617.0,-165520383.0
2919,2021,200000000,95,0,Enrico Casarosa,0.2834,Jacob Tremblay,3.0052,Animation,Comedy,Pixar,,General,PG,6,0,Walt Disney Studios Motion Pictures,,
2920,2021,150000000,132,0,Destin Daniel Cretton,1.0969,Simu Liu,2.1508,Action,Adventure,Marvel Studios,,General,PG-13,9,0,Walt Disney Studios Motion Pictures,109815141.0,-40184859.0
2921,2021,70000000,242,0,Zack Snyder,5.3725,Ben Affleck,10.0095,Action,Adventure,Warner Bros. Pictures,The Stone Quarry,General,R,3,0,,,
2922,2021,160000000,118,0,Rawson Marshall Thurber,0.4084,Dwayne Johnson,5.6007,Action,Comedy,Flynn Picture Company,Seven Bucks Productions,General,PG-13,11,1,,,
2923,2021,25000000,91,1,Nia DaCosta,0.8999,Yahya Abdul-Mateen II,1.026,Horror,Thriller,Metro-Goldwyn-Mayer,Monkeypaw Productions,Candyman,R,8,0,Universal Pictures,28513370.0,3513370.0
2924,2021,200000000,134,1,Craig Gillespie,1.0897,Emma Stone,8.3629,Comedy,Crime,Walt Disney Pictures,Gunn Films,Cruella,PG-13,5,0,Walt Disney Studios Motion Pictures,32441673.0,-167558327.0
2925,2021,200000000,134,0,Cate Shortland,0.4161,Scarlett Johansson,27.1876,Action,Adventure,Marvel Studios,,General,PG-13,7,0,Walt Disney Studios Motion Pictures,105761671.0,-94238329.0
2926,2021,26000000,86,1,Cal Brunker,0.1654,Tyler Perry,2.1061,Family,Comedy,Spin Master,Nickelodeon Movies,PAW Patrol,G,8,0,Paramount Pictures,17456280.0,-8543720.0
2927,2021,75000000,138,0,Adam McKay,1.2573,Leonardo DiCaprio,7.7581,Comedy,Science Fiction,Hyperobject Industries,,General,R,12,1,,,
2928,2021,200000000,127,0,Jaume Collet-Serra,0.7757,Dwayne Johnson,5.6007,Fantasy,Adventure,Walt Disney Pictures,Seven Bucks Productions,General,PG-13,7,0,Walt Disney Studios Motion Pictures,49624454.0,-150375546.0
2929,2021,18000000,108,0,M. Night Shyamalan,2.3284,Gael García Bernal,2.3549,Thriller,Mystery,Universal Pictures,Perfect World Pictures,General,PG-13,7,0,Universal Pictures,23853255.0,5853255.0
2930,2021,2500000,115,0,Miguel Sapochnik,0.4051,Tom Hanks,14.407,Science Fiction,Drama,Amblin Entertainment,ImageMovers,General,PG-13,11,1,,,
2931,2021,70000000,117,1,Patrick Hughes,0.4088,Ryan Reynolds,5.6859,Action,Comedy,Nu Boyana Film Studios,Summit Entertainment,Hitman's Wife's Bodyguard,R,6,0,Lionsgate,19250750.0,-50749250.0
2932,2021,5000000,91,1,Vance Null,0.105,David A.R. White,0.6044,Drama,,Pure Flix Entertainment,Pinnacle Peak Pictures,God's Not Dead,PG,10,0,,,
2933,2021,82000000,107,1,Tom McGrath,0.6733,Alec Baldwin,2.354,Animation,Comedy,DreamWorks Animation,,The Boss Baby,PG,7,0,,,
2934,2021,75000000,124,1,Jason Reitman,1.1694,Mckenna Grace,10.4672,Fantasy,Comedy,Columbia Pictures,Bron Studios,Ghostbusters,PG-13,11,1,Sony Pictures Releasing,63314511.0,-11685489.0
2935,2021,50000000,144,0,Reinaldo Marcus Green,0.4778,Will Smith,6.4346,Drama,History,Star Thrower Entertainment,Westbrook,General,PG-13,11,1,Warner Bros.,8073542.0,-41926458.0
2936,2021,30000000,88,1,Elaine Bogan,0.5422,Isabela Merced,6.7318,Animation,Adventure,Universal Pictures,DreamWorks Animation,Spirit Untamed,PG,5,0,Universal Pictures,7330045.0,-22669955.0
2937,2021,15000000,99,0,Randall Emmett,1.3026,Megan Fox,7.3324,Crime,Mystery,Pimienta,BondIt Media Capital,General,R,7,0,,,
2938,2021,20000000,139,0,Tom McCarthy,1.2804,Matt Damon,15.403,Drama,Crime,Participant,DreamWorks Pictures,General,R,7,0,Focus Features,7140070.0,-12859930.0
2939,2021,200000,91,0,Albert Birney,0.2064,Penny Fuller,0.809,Fantasy,Science Fiction,Ley Line Entertainment,Kaleidoscope Pictures,General,NR,7,0,,,
2940,2021,200000000,156,0,Chloé Zhao,1.458,Gemma Chan,3.3427,Science Fiction,Action,Marvel Studios,,General,PG-13,11,1,Walt Disney Studios Motion Pictures,91265255.0,-108734745.0
2941,2021,88000000,121,0,Robert Schwentke,0.7224,Henry Golding,2.8306,Action,Adventure,Paramount Pictures,Metro-Goldwyn-Mayer,General,PG-13,7,0,,,
2942,2021,100000000,153,0,Ridley Scott,2.3966,Matt Damon,15.403,History,Drama,20th Century Studios,Pearl Street Films,General,R,10,0,20th Century Studios,6467968.0,-93532032.0
2943,2021,45000000,101,0,Joe Carnahan,0.538,Frank Grillo,3.8106,Action,Science Fiction,WarParty Films,Highland Film Group,General,R,2,0,,,
2944,2021,200000000,114,1,Adam Wingard,0.755,Alexander Skarsgård,3.4987,Action,Science Fiction,Legendary Pictures,,Godzilla vs. Kong,PG-13,3,0,Warner Bros.,52861417.0,-147138583.0
2945,2021,100000000,107,0,Carlos López Estrada,0.4145,Kelly Marie Tran,0.7888,Animation,Family,Walt Disney Animation Studios,,General,PG,3,0,Walt Disney Studios Motion Pictures,10337165.0,-89662835.0
2946,2021,25000000,107,0,Johannes Roberts,0.3291,Kaya Scodelario,4.5962,Action,Horror,Constantin Film,Screen Gems,General,R,11,1,Screen Gems,9777845.0,-15222155.0
2947,2021,5000000,95,0,Gia Coppola,0.5988,Andrew Garfield,5.3592,Comedy,Drama,Automatik Entertainment,American Zoetrope,General,R,5,0,IFC Films,23032.0,-4976968.0
2948,2021,33000000,104,0,Clint Eastwood,4.2252,Clint Eastwood,4.2252,Drama,Western,Malpaso Productions,ASR Productions,General,PG-13,9,0,Warner Bros.,,
2949,2021,60000000,151,0,Guillermo del Toro,6.6062,Bradley Cooper,3.143,Crime,Drama,Searchlight Pictures,Double Dare You,General,R,12,1,Searchlight Pictures,4107491.0,-55892509.0
2950,2021,64000000,96,0,Walt Becker,0.1354,Darby Camp,1.3233,Family,Adventure,Paramount Pictures,Entertainment One,General,PG,11,1,Paramount Pictures,24048755.0,-39951245.0
2951,2021,100000000,131,1,Matthew Vaughn,0.8725,Ralph Fiennes,4.5451,Action,Adventure,Marv,Cloudy Productions,The King's Man,R,12,1,20th Century Studios,12373043.0,-87626957.0
2952,2021,18000000,103,1,Everardo Gout,0.3209,Ana de la Reguera,1.767,Action,Horror,Blumhouse Productions,Platinum Dunes,The Forever Purge,R,6,0,Universal Pictures,20734915.0,2734915.0
2953,2021,15000000,88,1,Adam Robitel,0.7573,Taylor Russell,2.2224,Horror,Thriller,Original Film,Columbia Pictures,Escape Room,PG-13,7,0,Sony Pictures Releasing,12648270.0,-2351730.0
2954,2021,10000000,112,0,Sian Heder,0.4387,Emilia Jones,3.6908,Drama,Music,Vendôme Pictures,Pathé,General,PG-13,8,0,,,
2955,2021,20000000,110,1,Simon McQuoid,0.6612,Lewis Tan,1.8803,Action,Fantasy,Atomic Monster,Broken Road Productions,Mortal Kombat,R,4,0,Warner Bros.,23300000.0,3300000.0
2956,2021,15000000,98,1,Rodo Sayagues,0.529,Stephen Lang,3.0722,Thriller,Horror,Ghost House Pictures,Stage 6 Films,Don't Breathe,R,8,0,Screen Gems,14622202.0,-377798.0
2957,2021,21700000,107,0,Adam Randall,0.4492,Jorge Lendeborg Jr.,0.5482,Horror,Thriller,42,Unique Features,General,R,10,0,,,
2958,2021,90000000,148,1,Zack Snyder,5.3725,Dave Bautista,5.7719,Crime,Action,The Stone Quarry,,Army of the Dead,R,5,0,,,
2959,2021,11000000,129,0,Halle Berry,6.2711,Halle Berry,6.2711,Drama,,Romulus Entertainment,Entertainment 360,General,R,11,1,,,
2960,2021,1500000,99,0,Potsy Ponciroli,0.562,Tim Blake Nelson,1.4378,Western,Action,Shout! Studios,Hideout Pictures,General,NR,10,0,Shout! Factory,30148.0,-1469852.0
2961,2021,55000000,96,1,John Krasinski,6.0673,Emily Blunt,19.2777,Science Fiction,Thriller,Paramount Pictures,Platinum Dunes,A Quiet Place Part,PG-13,5,0,Paramount Pictures,69110985.0,14110985.0
2962,2021,14000000,99,1,Castille Landon,0.3935,Josephine Langford,4.3493,Romance,Drama,Voltage Pictures,Wattpad,After We Fell,R,9,0,Vertical Entertainment,576028.0,-13423972.0
2963,2021,45000000,93,1,Will Gluck,0.5104,James Corden,1.715,Family,Comedy,Columbia Pictures,Olive Bridge Entertainment,Peter Rabbit 2,PG,3,0,Sony Pictures Releasing,14225283.0,-30774717.0
2964,2021,6500000,97,0,Josh Ruben,0.4504,Sam Richardson,0.8862,Horror,Comedy,Vanishing Angle,Ubisoft Film & Television,General,R,6,0,IFC Films,357817.0,-6142183.0
2965,2021,2500000,80,0,Shane Dax Taylor,0.1985,Alyvia Alyn Lind,2.7057,Thriller,,Rider Entertainment,XYZ Films,General,NR,7,0,,,
2966,2021,250000,78,0,Emma Seligman,0.5802,Rachel Sennott,3.6258,Comedy,Drama,Neon Heart Productions,Dimbo Pictures,General,NR,3,0,,,
2967,2021,25000000,108,0,Wes Anderson,2.2128,Benicio del Toro,3.8168,Drama,Comedy,Indian Paintbrush,American Empirical Pictures,General,R,10,0,,,
2968,2021,25000000,112,0,Andrew Erwin,0.8564,Zachary Levi,1.9849,Drama,Family,Lionsgate,City on a Hill Productions,General,PG,12,1,Lionsgate,12213600.0,-12786400.0
2969,2021,43500000,108,0,Joe Carnahan,0.538,Gerard Butler,8.5815,Thriller,Crime,WarParty Films,Sculptor Media,General,R,9,0,Open Road Films (II),3226996.0,-40273004.0
2970,2021,50000000,101,0,Tim Story,1.0149,Chloë Grace Moretz,4.9924,Comedy,Family,Warner Animation Group,Turner Entertainment Co.,General,PG,2,0,Warner Bros.,16341601.0,-33658399.0
2971,2021,45223,7,0,McKenna Jean Harris,0.0937,Jack Dylan Grazer,2.7557,Animation,Comedy,Pixar,,General,PG,11,1,,,
2972,2021,20000000,88,0,Edward Drake,0.3287,Bruce Willis,4.9534,Science Fiction,Action,308 Enterprises,BondIt Media Capital,General,R,3,0,,,
2973,2021,20000000,100,1,James Cullen Bressack,1.0062,Jesse Metcalfe,1.7671,Action,Thriller,EFO Films,Grindstone Entertainment Group,Fortress,R,12,1,,,
2974,2021,200000000,143,1,Justin Lin,0.7866,Vin Diesel,9.8318,Action,Adventure,Original Film,One Race,F9,PG-13,5,0,,,
2975,2021,3000000,92,0,Michael Sarnoski,0.7506,Nicolas Cage,6.3482,Drama,Thriller,AI Film,Pulse Films,General,R,7,0,Neon,1465931.0,-1534069.0
2976,2021,20000000,93,1,Darren Lynn Bousman,0.9837,Chris Rock,1.9764,Horror,Mystery,Twisted Pictures,Lionsgate,Spiral,R,5,0,,,
2977,2021,30000000,127,1,Matthias Schweighöfer,2.5252,Matthias Schweighöfer,2.5252,Action,Crime,Pantaleon Films,The Stone Quarry,Army of Thieves,R,10,0,,,
2978,2021,75000000,158,0,Ridley Scott,2.3966,Lady Gaga,1.569,Drama,Crime,Metro-Goldwyn-Mayer,Bron Studios,General,R,11,1,United Artists Releasing,24641198.0,-50358802.0
2979,2021,2000000,115,0,Lee Isaac Chung,0.5748,Steven Yeun,2.5217,Drama,,Plan B Entertainment,,General,PG-13,2,0,A24,216887.0,-1783113.0
2980,2021,32000,119,0,Michael Mailer,0.1353,Michael Shannon,3.5204,Drama,,Vertical,Eightboat Productions,General,PG-13,9,0,Vertical Entertainment,37000.0,5000.0
2981,2021,250000,84,1,Phil Tippett,0.5339,Alex Cox,0.4118,Animation,Fantasy,Tippett Studio,,Mad God,NR,9,0,IFC Films,15113.0,-234887.0
2982,2021,12400000,111,0,John Swab,0.8314,Josh Hartnett,3.5761,Crime,Thriller,Roxwell Films,BondIt,General,R,11,1,,,
2983,2021,26000000,126,0,Shaka King,0.65,Daniel Kaluuya,3.5041,Drama,History,MACRO,Bron Studios,General,R,2,0,Warner Bros.,2451061.0,-23548939.0
2984,2021,150000000,115,1,Malcolm D. Lee,0.4366,LeBron James,0.671,Family,Comedy,Warner Animation Group,Proximity Media,Space Jam,PG,7,0,Warner Bros.,13100000.0,-136900000.0
2985,2021,5000000,88,0,Kevin Lewis,0.2621,Nicolas Cage,6.3482,Horror,Thriller,Saturn Films,JD Entertainment,General,NR,2,0,,,
2986,2021,20000000,108,0,Neil Burger,1.1213,Tye Sheridan,1.7145,Science Fiction,Thriller,Nota Bene,Thunder Road,General,PG-13,4,0,Lionsgate,1681184.0,-18318816.0
2987,2021,10000000,124,0,Edson Oda,0.1774,Winston Duke,1.2494,Drama,Fantasy,Juniper Productions,Mandalay Pictures,General,R,7,0,Sony Pictures Classics,7000.0,-9993000.0
2988,2021,4000000,92,0,Collin Schiffli,0.7439,Diego Boneta,0.9808,Action,Comedy,Align,Digital Ignition Entertainment,General,R,7,0,,,
2989,2021,100000000,156,0,Steven Spielberg,3.854,Ansel Elgort,1.939,Drama,Romance,20th Century Studios,Amblin Entertainment,General,PG-13,12,1,20th Century Studios,14566021.0,-85433979.0
2990,2021,55000000,145,0,Liesl Tommy,0.14,Jennifer Hudson,0.9291,Drama,Music,Metro-Goldwyn-Mayer,Bron Studios,General,PG-13,8,0,Metro-Goldwyn-Mayer (MGM),11968712.0,-43031288.0
2991,2021,75000000,110,1,Mike Rianda,0.8509,Abbi Jacobson,1.2358,Animation,Adventure,Lord Miller,Columbia Pictures,The Mitchells vs. the Machines,PG,4,0,,,
2992,2021,2000000,109,0,Kyle Rankin,0.479,Isabel May,5.6642,Action,Crime,Bonfire Legend,Good Wizard,General,R,6,0,,,
2993,2021,50000000,120,0,Alan Taylor,0.6197,Alessandro Nivola,1.4061,Crime,Drama,HBO Films,New Line Cinema,General,R,9,0,Warner Bros.,,
2994,2021,30000000,114,1,Navot Papushado,0.0843,Karen Gillan,5.0798,Action,Crime,Studio Babelsberg,Canal+,Gunpowder Milkshake,R,7,0,,,
2995,2021,25900000,125,0,Valérie Lemercier,0.4284,Valérie Lemercier,0.4284,Music,Comedy,Caramel Films,Rectangle Productions,General,PG-13,11,1,Roadside Attractions,291075.0,-25608925.0
2996,2021,15000000,130,0,David Lowery,0.9956,Dev Patel,2.2607,Adventure,Drama,A24,Bron Studios,General,R,7,0,A24,9571727.0,-5428273.0
2997,2021,40000000,100,0,Joe Wright,1.8202,Amy Adams,5.3101,Crime,Mystery,Fox 2000 Pictures,20th Century Studios,General,R,5,0,,,
2998,2021,20000000,122,0,Joe Wright,1.8202,Peter Dinklage,4.2481,Drama,Romance,Metro-Goldwyn-Mayer,Working Title Films,General,PG-13,12,1,United Artists Releasing,1891950.0,-18108050.0
2999,2021,15000000,93,0,Dan Mazer,0.3523,Archie Yates,0.4114,Family,Comedy,20th Century Studios,Hutch Parker Entertainment,General,PG,11,1,,,
3000,2021,30000000,128,0,John Lee Hancock,0.5985,Denzel Washington,6.0583,Drama,Crime,Warner Bros. Pictures,Gran Via Productions,General,R,1,0,Warner Bros.,5620268.0,-24379732.0
3001,2021,27500000,137,0,Stephen Chbosky,0.5034,Ben Platt,1.1865,Drama,,Universal Pictures,Marc Platt Productions,General,PG-13,9,0,Universal Pictures,9349160.0,-18150840.0
3002,2021,5000000,119,0,Eytan Rockaway,0.606,Harvey Keitel,3.0958,Crime,Drama,Above the Clouds Media Group,CaliWood Pictures,General,R,6,0,Vertical Entertainment,39770.0,-4960230.0
3003,2021,20000000,105,1,David Gordon Green,0.4867,Jamie Lee Curtis,5.9583,Horror,Thriller,Blumhouse Productions,Miramax,Halloween Kills,R,10,0,Universal Pictures,58604845.0,38604845.0
3004,2021,20000000,100,0,Taylor Sheridan,5.1267,Angelina Jolie,14.7538,Thriller,Action,Bron Studios,New Line Cinema,General,R,5,0,,,
3005,2021,125000000,109,0,Doug Liman,0.8618,Tom Holland,6.5228,Fantasy,Science Fiction,Quadrant Pictures,Lionsgate,General,PG-13,2,0,Lionsgate,4261887.0,-120738113.0
3006,2021,8300000,109,0,Mike Mills,0.8644,Joaquin Phoenix,5.028,Drama,,A24,Be Funny When You Can,General,R,11,1,A24,218727.0,-8081273.0
3007,2021,5900000,116,0,Tiller Russell,0.1389,Jason Clarke,3.1098,Crime,Thriller,Piccadilly Pictures,High Frequency Entertainment,General,R,2,0,,,
3008,2021,40000000,133,0,Paul Thomas Anderson,2.719,Alana Haim,1.1901,Drama,Comedy,Metro-Goldwyn-Mayer,Focus Features,General,R,11,1,United Artists Releasing,537798.0,-39462202.0
3009,2021,40000000,142,0,Joe Russo,0.5991,Tom Holland,6.5228,Drama,Crime,AGBO,The Hideaway Entertainment,General,R,2,0,,,
3010,2021,10000000,99,0,Evan Spiliotopoulos,0.5867,Jeffrey Dean Morgan,6.9416,Horror,Mystery,Ghost House Pictures,Screen Gems,General,PG-13,3,0,Screen Gems,3478590.0,-6521410.0
3011,2021,5000000,98,0,Andrew Baird,0.8306,Guy Pearce,3.5992,Science Fiction,Thriller,Highland Film Group,El Ride Productions,General,R,9,0,,,
3012,2021,5000000,86,0,Janicza Bravo,0.2699,Taylour Paige,5.838,Comedy,Crime,Killer Films,Ramona Films,General,R,6,0,A24,2550468.0,-2449532.0
3013,2021,40000000,111,0,James Wan,1.9086,Annabelle Wallis,4.7409,Horror,Mystery,New Line Cinema,Atomic Monster,General,R,9,0,,,
3014,2021,8000000,116,0,Ric Roman Waugh,1.0493,Stephan James,0.6059,Drama,,STXfilms,Thunder Road,General,R,12,1,STX Entertainment,420674.0,-7579326.0
3015,2021,68000000,116,0,Lisa Joy,0.435,Hugh Jackman,5.2825,Mystery,Science Fiction,FilmNation Entertainment,Michael De Luca Productions,General,PG-13,8,0,,,
3016,2021,60000000,108,1,Craig Brewer,0.928,Eddie Murphy,4.9959,Comedy,,Paramount Pictures,New Republic Pictures,Coming 2 America,PG-13,3,0,,,
3017,2021,84919,53,0,Matt D'Avella,0.0602,Joshua Fields Millburn,0.2093,Documentary,,Booklight Productions,Catalyst Films,General,NR,1,0,,,
3018,2021,17000000,99,0,Scott Cooper,1.0419,Keri Russell,4.1076,Drama,Horror,Searchlight Pictures,Phantom Four,General,R,10,0,Searchlight Pictures,5605908.0,-11394092.0
3019,2021,5000000,108,0,Chloé Zhao,1.458,Frances McDormand,2.4503,Drama,,Cor Cordium Productions,Hear/Say Productions,General,R,1,0,Searchlight Pictures,,
3020,2021,16000000,107,0,Sia,1.5729,Kate Hudson,4.3898,Music,Drama,Atlantic Films,Pineapple Lasagne Productions,General,PG-13,1,0,,,
3021,2021,3000000,89,0,Chris Baugh,0.0783,Jack Rowan,0.5461,Horror,Comedy,Six Mile Hill Productions,Endeavor Content,General,NR,8,0,,,
3022,2021,20000000,89,0,Eddie Huang,0.2154,Taylor Takahashi,0.242,Drama,,Focus Features,Immersive Pictures,General,R,3,0,Focus Features,1547660.0,-18452340.0
3023,2021,55000000,143,0,Jon M. Chu,2.3895,Anthony Ramos,2.991,Drama,Romance,Likely Story,Scott Sanders Productions,General,PG-13,6,0,Warner Bros.,5000000.0,-50000000.0
3024,2021,25000000,106,0,Cedric Nicolas-Troyan,0.4808,Mary Elizabeth Winstead,5.1983,Action,Thriller,Clubhouse Pictures,87North Productions,General,R,9,0,,,
3025,2021,7000000,110,0,Aron Gaudet,0.0865,Kristen Bell,3.8039,Comedy,Crime,AGC Studios,Marquee Entertainment,General,R,8,0,,,
3026,2021,2500000,106,0,Sam Levinson,1.2932,John David Washington,3.2724,Drama,Romance,Little Lamb Productions,FotoKem,General,R,1,0,,,
3027,2021,1100000,130,0,Sean Baker,1.2701,Simon Rex,0.9969,Drama,Comedy,FilmNation Entertainment,Cre Film,General,R,12,1,A24,118135.0,-981865.0
3028,2021,10000000,116,0,Joe Penna,0.7413,Anna Kendrick,4.3959,Science Fiction,Drama,RainMaker Films,Yale Productions,General,R,6,0,,,
3029,2021,18000000,116,0,Pablo Larraín,0.4366,Kristen Stewart,6.9117,Drama,History,FilmNation Entertainment,Komplizen Film,General,R,11,1,Neon,3179321.0,-14820679.0
3030,2021,11000000,98,0,Kenneth Branagh,2.7277,Jude Hill,0.6565,Drama,History,TKBC,Northern Ireland Screen,General,PG-13,11,1,Focus Features,2496010.0,-8503990.0
3031,2021,25000000,131,0,Denzel Washington,6.0583,Michael B. Jordan,3.9987,Drama,Romance,Outlier Society,Escape Artists,General,PG-13,12,1,Sony Pictures Releasing,3905919.0,-21094081.0
3032,2021,10000000,118,0,Doug Liman,0.8618,Anne Hathaway,18.1883,Comedy,Crime,AGC Studios,Storyteller Productions,General,R,2,0,,,
3033,2022,350000000,192,1,James Cameron,4.3403,Sam Worthington,4.0107,Action,Adventure,20th Century Studios,Lightstorm Entertainment,Avatar,PG-13,12,1,20th Century Studios,197681686.0,-152318314.0
3034,2022,16000000,103,1,Scott Derrickson,1.3249,Mason Thames,8.513,Horror,Thriller,Blumhouse Productions,Crooked Highway,The Black Phone,R,6,0,Universal Pictures,35164325.0,19164325.0
3035,2022,170000000,131,1,Joseph Kosinski,1.6843,Tom Cruise,8.76,Action,Drama,Skydance Media,Don Simpson/Jerry Bruckheimer Films,Top Gun,PG-13,5,0,Paramount Pictures,205604011.0,35604011.0
3036,2022,65000000,100,1,Dan Trachtenberg,1.0767,Amber Midthunder,2.8575,Thriller,Action,20th Century Studios,Davis Entertainment,Prey,R,8,0,Vertical Entertainment,5336.0,-64994664.0
3037,2022,50000000,126,0,Marc Forster,0.3966,Tom Hanks,14.407,Comedy,Drama,Playtone,SF Studios,General,PG-13,12,1,Columbia Pictures,85480.0,-49914520.0
3038,2022,185000000,177,1,Matt Reeves,0.9672,Robert Pattinson,5.3095,Crime,Mystery,6th & Idaho Motion Picture Company,Dylan Clark Productions,The Batman,PG-13,3,0,Warner Bros.,172520826.0,-12479174.0
3039,2022,90000000,126,0,David Leitch,1.2761,Brad Pitt,9.031,Action,Comedy,87North Productions,Columbia Pictures,General,R,8,0,Sony Pictures Releasing,41082703.0,-48917297.0
3040,2022,35000000,107,0,Mark Mylod,0.5644,Anya Taylor-Joy,12.1144,Comedy,Horror,Hyperobject Industries,Searchlight Pictures,General,R,11,1,Searchlight Pictures,13465649.0,-21534351.0
3041,2022,90000000,103,1,Joel Crawford,0.8895,Antonio Banderas,5.077,Animation,Adventure,DreamWorks Animation,,Puss in Boots,PG,12,1,Universal Pictures,32066595.0,-57933405.0
3042,2022,583900000,147,1,Colin Trevorrow,1.0545,Chris Pratt,5.0185,Adventure,Action,Amblin Entertainment,Universal Pictures,Jurassic World Dominion,PG-13,6,0,,,
3043,2022,75000000,105,0,Daniel Espinosa,0.2069,Jared Leto,3.717,Action,Science Fiction,Columbia Pictures,Matt Tolmach Productions,General,PG-13,3,0,Columbia Pictures,46877221.0,-28122779.0
3044,2022,1000000,106,1,Ti West,0.6824,Mia Goth,6.0874,Horror,Thriller,A24,Little Lamb Productions,X,R,3,0,A24,6068497.0,5068497.0
3045,2022,290000000,126,1,Sam Raimi,1.8116,Benedict Cumberbatch,6.3234,Fantasy,Action,Marvel Studios,Kevin Feige Productions,Doctor Strange in the Multiverse of Madness,PG-13,5,0,Walt Disney Studios Motion Pictures,230859523.0,-59140477.0
3046,2022,25000000,140,0,Daniel Scheinert,1.0189,Michelle Yeoh,4.3696,Action,Adventure,IAC Films,AGBO,General,R,3,0,A24,747080.0,-24252920.0
3047,2022,80000000,100,1,Pierre Perifel,1.029,Sam Rockwell,3.1889,Family,Comedy,DreamWorks Animation,,The Bad Guys,PG,3,0,Universal Pictures,28344400.0,-51655600.0
3048,2022,1000000,102,1,Ti West,0.6824,Mia Goth,6.0874,Horror,Thriller,A24,Little Lamb Productions,Pearl,R,9,0,A24,4732700.0,3732700.0
3049,2022,70000000,137,0,Robert Eggers,1.6807,Alexander Skarsgård,3.4987,Action,Adventure,Regency Enterprises,New Regency Pictures,General,R,4,0,Focus Features,16496350.0,-53503650.0
3050,2022,110000000,123,1,Jeff Fowler,0.3555,Ben Schwartz,1.712,Action,Adventure,Original Film,Blur Studio,Sonic the Hedgehog,PG,3,0,Paramount Pictures,89612388.0,-20387612.0
3051,2022,250000000,119,1,Taika Waititi,4.3475,Chris Hemsworth,7.7826,Fantasy,Action,Marvel Studios,Kevin Feige Productions,Thor,PG-13,7,0,Walt Disney Studios Motion Pictures,187271136.0,-62728864.0
3052,2022,250000000,162,1,Ryan Coogler,2.021,Letitia Wright,3.12,Action,Adventure,Marvel Studios,,Black Panther,PG-13,11,1,Walt Disney Studios Motion Pictures,220692647.0,-29307353.0
3053,2022,175000000,100,0,Domee Shi,0.3951,Rosalie Chiang,0.2355,Animation,Family,Pixar,,General,PG,3,0,Walt Disney Studios Motion Pictures,810341.0,-174189659.0
3054,2022,14000000,95,1,Castille Landon,0.3935,Josephine Langford,4.3493,Romance,Drama,Voltage Pictures,Wattpad,After Ever Happy,R,8,0,Fathom Events,1072750.0,-12927250.0
3055,2022,74000000,112,0,Aaron Nee,0.5964,Sandra Bullock,7.9497,Action,Adventure,Fortis Films,3dot Productions,General,PG-13,3,0,Magnolia Pictures,40027572.0,-33972428.0
3056,2022,20000000,111,1,Tommy Wirkola,0.3192,David Harbour,6.2894,Action,Comedy,87North Productions,Universal Pictures,Violent Night,R,11,1,Universal Pictures,15967545.0,-4032455.0
3057,2022,30000000,114,0,Martin Campbell,1.3519,Liam Neeson,7.5562,Action,Thriller,Black Bear Pictures,Welle Entertainment,General,R,4,0,Open Road Films (II),4326265.0,-25673735.0
3058,2022,3000000,107,1,Scott Mann,0.4765,Grace Caroline Currey,2.9157,Thriller,,Tea Shop Productions,Capstone Pictures,Fall,PG-13,8,0,Lionsgate,3614367.0,614367.0
3059,2022,75000000,92,1,Derek Drymon,0.4678,Andy Samberg,4.8276,Animation,Comedy,Sony Pictures Animation,Sony Pictures,Hotel Transylvania,PG,1,0,,,
3060,2022,146000000,131,0,Roland Emmerich,0.8237,Halle Berry,6.2711,Science Fiction,Adventure,Centropolis Entertainment,Street Entertainment,General,PG-13,2,0,Lionsgate,12303549.0,-133696451.0
3061,2022,30000000,134,0,D.J. Caruso,0.4507,Abigail Cowen,2.6845,Romance,Drama,Mission Pictures International,Advantage Entertainment,General,PG-13,1,0,Universal Pictures,4681765.0,-25318235.0
3062,2022,75000000,122,0,Simon Kinberg,0.7621,Jessica Chastain,5.6098,Action,Adventure,Freckle Films,Genre Films,General,PG-13,1,0,Universal Pictures,6077505.0,-68922495.0
3063,2022,17000000,115,1,Parker Finn,0.8334,Sosie Bacon,1.9838,Horror,Mystery,Paramount Players,Paramount Pictures,Smile,R,9,0,Paramount Pictures,32294662.0,15294662.0
3064,2022,68000000,130,0,Jordan Peele,2.0466,Daniel Kaluuya,3.5041,Horror,Science Fiction,Universal Pictures,Monkeypaw Productions,General,R,7,0,Universal Pictures,62033425.0,-5966575.0
3065,2022,40000000,140,1,Rian Johnson,0.9911,Daniel Craig,4.4069,Comedy,Crime,T-Street,,Glass Onion,PG-13,11,1,,,
3066,2022,24000000,114,1,Tyler Gillett,0.6263,Melissa Barrera,2.1137,Horror,Mystery,Paramount Pictures,Project X Entertainment,Scream,R,1,0,Paramount Pictures,38947929.0,14947929.0
3067,2022,12000000,102,1,Gerard Johnstone,0.5324,Allison Williams,3.5357,Science Fiction,Horror,Atomic Monster,Blumhouse Productions,M3GAN,PG-13,12,1,Universal Pictures,38533510.0,26533510.0
3068,2022,35000000,117,0,Mark Gustafson,0.1626,Ewan McGregor,3.3672,Animation,Fantasy,The Jim Henson Company,ShadowMachine,General,PG,11,1,,,
3069,2022,8500000,89,0,Le Van Kiet,0.571,Alicia Silverstone,5.1148,Horror,Mystery,Film Bridge International,Paper Street Pictures,General,R,1,0,,,
3070,2022,15000,86,0,Steven Luke,1.3518,Dolph Lundgren,4.9853,War,Thriller,Relis Pic,,General,NR,10,0,,,
3071,2022,120000000,116,1,Ruben Fleischer,1.0433,Tom Holland,6.5228,Action,Adventure,Columbia Pictures,Atlas Entertainment,Uncharted,PG-13,2,0,Sony Pictures Releasing,60135478.0,-59864522.0
3072,2022,50000000,135,0,Gina Prince-Bythewood,0.6474,Viola Davis,3.4759,Action,Drama,TriStar Pictures,JuVee Productions,General,PG-13,9,0,TriStar Pictures,25153724.0,-24846276.0
3073,2022,20000000,98,0,Oran Zegman,0.1474,Angourie Rice,2.2493,Comedy,,Awesomeness Films,Guardian Pictures,General,R,7,0,,,
3074,2022,75000000,127,0,Sean Anders,1.0064,Will Ferrell,2.198,Comedy,,Maximum Effort,Gloria Sanchez Productions,General,PG-13,11,1,,,
3075,2022,200000000,125,0,Jaume Collet-Serra,0.7757,Dwayne Johnson,5.6007,Action,Adventure,New Line Cinema,Flynn Picture Company,General,PG-13,10,0,Warner Bros.,83438667.0,-116561333.0
3076,2022,200000000,142,1,David Yates,1.0555,Eddie Redmayne,4.3591,Fantasy,Adventure,Warner Bros. Pictures,Heyday Films,Fantastic Beasts,PG-13,4,0,Warner Bros.,53116750.0,-146883250.0
3077,2022,78000000,189,0,Damien Chazelle,1.1285,Diego Calva,0.7724,Drama,Comedy,Paramount Pictures,Marc Platt Productions,General,R,12,1,Paramount Pictures,7409502.0,-70590498.0
3078,2022,30000000,107,1,Anne Fletcher,0.6359,Bette Midler,1.289,Fantasy,Comedy,Walt Disney Pictures,Weimaraner Republic Pictures,Hocus Pocus,PG,9,0,,,
3079,2022,75000000,113,0,Patrick Hughes,0.4088,Kevin Hart,6.0233,Action,Adventure,Escape Artists,Sony Pictures,General,PG-13,12,1,,,
3080,2022,90000000,127,1,Kenneth Branagh,2.7277,Kenneth Branagh,2.7277,Mystery,Crime,The Mark Gordon Company,Genre Films,Death on the Nile,PG-13,2,0,20th Century Studios,18727032.0,-71272968.0
3081,2022,90000000,105,0,Jared Stern,0.2548,Dwayne Johnson,5.6007,Family,Comedy,Warner Animation Group,DC Entertainment,General,PG,7,0,Warner Bros.,33901882.0,-56098118.0
3082,2022,1500000,98,0,Alejandro Hidalgo,0.2309,Will Beinbrink,0.327,Horror,Crime,Epica Pictures INC,Kabche Film Production,General,R,3,0,,,
3083,2022,250000,138,1,Damien Leone,1.0357,David Howard Thornton,2.6153,Horror,Thriller,Dark Age Cinema,Fuzz on the Lens Productions,Terrifier,NR,10,0,Cinedigm Entertainment Group,1413000.0,1163000.0
3084,2022,4000000,124,0,Rosalind Ross,0.4359,Mark Wahlberg,13.7743,Drama,,Municipal Pictures,Palm Drive Productions,General,R,4,0,Sony Pictures Releasing,9388619.0,5388619.0
3085,2022,22000000,167,0,Andrew Dominik,0.8538,Ana de Armas,11.3212,Drama,,Plan B Entertainment,,General,NC-17,9,0,,,
3086,2022,5000000,105,0,Graham Moore,1.1855,Mark Rylance,1.2937,Crime,Drama,Focus Features,FilmNation Entertainment,General,R,2,0,Focus Features,2172990.0,-2827010.0
3087,2022,2500000,86,0,Howard J. Ford,0.6723,Brittany Ashworth,1.2252,Thriller,Adventure,Head Gear Films,Metrol Technology,General,R,2,0,,,
3088,2022,10000000,99,1,William Brent Bell,0.4031,Isabelle Fuhrman,2.1369,Horror,Thriller,Dark Castle Entertainment,Entertainment One,Orphan,R,7,0,Paramount Pictures,2408957.0,-7591043.0
3089,2022,24000000,126,0,Olivia Newman,0.5335,Daisy Edgar-Jones,5.4354,Drama,Mystery,3000 Pictures,Hello Sunshine,General,PG-13,7,0,Sony Pictures Releasing,28000784.0,4000784.0
3090,2022,85000000,87,1,Kyle Balda,0.7196,Steve Carell,4.2116,Family,Comedy,Universal Pictures,Illumination,Minions,PG,6,0,Universal Pictures,164528580.0,79528580.0
3091,2022,1000000,92,1,Todd Holland,0.2743,Miia Harris,0.8176,Family,Fantasy,Mattel Television,Brightlight Pictures,Monster High,G,10,0,,,
3092,2022,49000000,116,0,Adrian Lyne,1.0136,Ben Affleck,10.0095,Drama,Mystery,New Regency Pictures,Entertainment 360,General,R,3,0,,,
3093,2022,5000000,88,0,Timo Vuorensola,0.6429,Sydney Craven,1.0919,Horror,,Orwo Studios (US),Screen Media Films,General,R,9,0,Fathom Events,1202013.0,-3797987.0
3094,2022,40000000,136,0,Michael Bay,12.8671,Jake Gyllenhaal,7.9386,Thriller,Action,Bay Films,Endeavor Content,General,R,3,0,Universal Pictures,11609040.0,-28390960.0
3095,2022,98616,101,0,Wes Miller,0.3333,Kevin Dillon,0.8416,Action,Thriller,Unknown South Productions,Hood River Entertainment,General,R,3,0,,,
3096,2022,20000000,114,0,Martin McDonagh,0.6542,Colin Farrell,5.3528,Drama,Comedy,Searchlight Pictures,Blueprint Pictures,General,R,10,0,Searchlight Pictures,250760.0,-19749240.0
3097,2022,200000000,129,0,Joe Russo,0.5991,Ryan Gosling,7.8717,Action,Thriller,AGBO,Roth-Kirschenbaum Films,General,PG-13,7,0,,,
3098,2022,6000000,90,0,Dean Fleischer Camp,0.6849,Jenny Slate,2.6668,Animation,Comedy,Cinereach,Chiodo Bros. Productions,General,PG,6,0,A24,223012.0,-5776988.0
3099,2022,60000000,108,0,George Miller,1.2448,Tilda Swinton,2.525,Drama,Fantasy,FilmNation Entertainment,Elevate Production Finance,General,R,8,0,United Artists Releasing,4217832.0,-55782168.0
3100,2022,200000000,105,0,Angus MacLane,0.3045,Chris Evans,4.899,Animation,Science Fiction,Pixar,,General,PG,6,0,Walt Disney Studios Motion Pictures,71101257.0,-128898743.0
3101,2022,1000000,85,0,Jared Cohn,0.5607,Treach,0.3345,Action,,Mutiny Films,,General,NR,4,0,,,
3102,2022,7000000,100,1,Kevin Smith,1.34,Brian O'Halloran,0.4979,Comedy,Drama,View Askew Productions,BondIt Media Capital,Clerks,R,9,0,Fathom Events,971512.0,-6028488.0
3103,2022,50000000,106,0,Will Speck,0.2293,Shawn Mendes,0.6219,Comedy,Family,Eagle Pictures,Columbia Pictures,General,PG,10,0,Sony Pictures Releasing,15357353.0,-34642647.0
3104,2022,10000000,105,0,Andrew Ahn,0.2112,Joel Kim Booster,0.5694,Comedy,Romance,Jax Media,Searchlight Pictures,General,R,6,0,,,
3105,2022,3000000,96,0,Gigi Gaston,0.2718,Lena Headey,4.247,Action,Thriller,Foresight Entertainment,Pop Films,General,NR,4,0,,,
3106,2022,21000000,117,0,Jeremiah Zagar,0.8929,Adam Sandler,4.1529,Drama,Comedy,Roth-Kirschenbaum Films,Happy Madison Productions,General,R,6,0,,,
3107,2022,85645,101,0,Randall Emmett,1.3026,Jack Huston,2.8266,Thriller,,River Bay Films,Ingenious Media,General,R,12,1,,,
3108,2022,116000000,106,0,Shawn Levy,2.0627,Ryan Reynolds,5.6859,Adventure,Science Fiction,Skydance Media,Maximum Effort,General,PG-13,3,0,,,
3109,2022,20000000,101,0,Channing Tatum,4.8758,Channing Tatum,4.8758,Drama,Comedy,FilmNation Entertainment,Free Association,General,PG-13,2,0,United Artists Releasing,20771084.0,771084.0
3110,2022,4500000,102,0,Zach Cregger,1.0632,Georgina Campbell,1.6093,Horror,Thriller,BoulderLight Pictures,Vertigo Entertainment,General,R,9,0,20th Century Studios,14615433.0,10115433.0
3111,2022,1600000,97,0,Jerren Lauder,0.0362,Odessa A'zion,2.6235,Thriller,Horror,Gravitas Ventures,Highland Film Group,General,NR,10,0,,,
3112,2022,36000000,88,1,Paul Hoen,0.3179,Meg Donnelly,2.3553,Fantasy,Comedy,Bloor Street Productions,Resonate Entertainment,Z-O-M-B-I-E-S,G,7,0,,,
3113,2022,40500000,94,0,Sean McNamara,0.747,Pierce Brosnan,4.1488,Fantasy,Adventure,Firstep,Brookwell-McNamara Entertainment,General,PG,1,0,Gravitas Ventures,1036631.0,-39463369.0
3114,2022,72000000,128,0,Scott Cooper,1.0419,Christian Bale,6.5434,Thriller,Crime,Cross Creek Pictures,Le Grisbi Productions,General,R,12,1,,,
3115,2022,15000000,114,0,James Gray,0.2373,Banks Repeta,0.6663,Drama,,RT Features,Spacemaker Productions,General,R,10,0,Focus Features,92175.0,-14907825.0
3116,2022,3000000,117,0,Darren Aronofsky,1.0906,Brendan Fraser,3.7853,Drama,,A24,Protozoa Pictures,General,R,12,1,A24,409190.0,-2590810.0
3117,2022,3500000,89,0,Steven Soderbergh,1.2462,Zoë Kravitz,3.9151,Thriller,Mystery,New Line Cinema,HBO Max,General,R,2,0,,,
3118,2022,35000000,158,0,Todd Field,1.2984,Cate Blanchett,3.8576,Music,Drama,Focus Features,Standard Film Company,General,R,9,0,,,
3119,2022,50000000,144,0,Kasi Lemmons,0.606,Naomi Ackie,1.2048,Music,History,Compelling Pictures,Black Label Media,General,PG-13,12,1,TriStar Pictures,10596629.0,-39403371.0
3120,2022,22000000,87,1,Josh Sternfeld,0.0445,Chad Michael Murray,3.7077,Action,Thriller,EFO Films,Grindstone Entertainment Group,Fortress,R,4,0,,,
3121,2022,100000000,102,1,Julius Avery,0.5271,Javon Walton,2.3408,Science Fiction,Crime,Metro-Goldwyn-Mayer,Balboa Productions,Samaritan,PG-13,8,0,,,
3122,2022,16000000,131,0,Luca Guadagnino,2.1099,Taylor Russell,2.2224,Horror,Romance,Frenesy Film,Per Capita Productions,General,R,11,1,United Artists Releasing,2798962.0,-13201038.0
3123,2022,4000000,90,0,Mary Nighy,0.4094,Anna Kendrick,4.3959,Thriller,Drama,Babe Nation Films,Elevation Pictures,General,R,12,1,Lionsgate,,
3124,2022,32000000,129,0,Maria Schrader,0.3507,Carey Mulligan,2.8127,Drama,History,Plan B Entertainment,Annapurna Pictures,General,R,11,1,Universal Pictures,3193130.0,-28806870.0
3125,2022,23000000,126,0,Petr Jákl,1.126,Ben Foster,1.3539,Action,Drama,R.U. Robot Studios,JBJ Film,General,R,9,0,The Avenue Entertainment,810000.0,-22190000.0
3126,2022,20000000,86,0,John R. Leonetti,0.4616,Oona Chaplin,2.5588,Horror,,Alcon Entertainment,Envision Media Arts,General,NR,12,1,,,
3127,2022,20000000,104,0,Sarah Polley,1.2327,Rooney Mara,2.1802,Drama,,Plan B Entertainment,Hear/Say Productions,General,PG-13,12,1,United Artists Releasing,106520.0,-19893480.0
3128,2022,10000000,96,1,Jeff Tremaine,0.412,Johnny Knoxville,2.8052,Action,Comedy,Paramount Pictures,MTV Entertainment Studios,Jackass Forever,R,2,0,Paramount Pictures,29369702.0,19369702.0
3129,2022,45000000,94,0,Rob Minkoff,0.692,Michael Cera,3.672,Animation,Adventure,Flying Tigers Entertainment,Aniventure,General,PG,7,0,Paramount Pictures,9882649.0,-35117351.0
3130,2022,85000000,159,0,Baz Luhrmann,1.0767,Austin Butler,4.4267,Drama,Music,Warner Bros. Pictures,Bazmark,General,PG-13,6,0,Warner Bros.,48320011.0,-36679989.0
3131,2022,38000000,102,0,Bernard Derriman,0.0788,H. Jon Benjamin,0.7801,Animation,Music,20th Century Studios,Bento Box Entertainment,General,PG-13,5,0,20th Century Studios,17740149.0,-20259851.0
3132,2022,1709686,97,0,Bobby Moresco,0.2735,Frank Grillo,3.8106,Drama,History,Iervolino & Lady Bacardi Entertainment,Grindstone Entertainment Group,General,R,11,1,,,
3133,2022,4500000,95,0,Riley Stearns,0.597,Karen Gillan,5.0798,Science Fiction,Comedy,XYZ Films,IPR.VC,General,R,3,0,,,
3134,2022,100000000,136,0,Noah Baumbach,1.1125,Adam Driver,2.1578,Comedy,Drama,Heyday Films,NB/GG Pictures,General,R,11,1,Universal Pictures,29041600.0,-70958400.0
3135,2022,3000000,94,0,Halina Reijn,0.6262,Amandla Stenberg,2.7531,Horror,Comedy,A24,2AM,General,R,8,0,A24,325728.0,-2674272.0
3136,2022,20000000,93,0,Chuck Russell,0.4911,John Travolta,3.7668,Action,Crime,308 Enterprises,Arcana Studio,General,R,11,1,,,
3137,2022,35000000,117,0,Francis Lawrence,1.872,Marlow Barkley,0.6762,Family,Fantasy,Chernin Entertainment,about:blank,General,PG,11,1,,,
3138,2022,35000000,123,0,Olivia Wilde,3.3847,Florence Pugh,6.5983,Science Fiction,Mystery,Vertigo Entertainment,New Line Cinema,General,R,9,0,Warner Bros.,25504643.0,-9495357.0
3139,2022,5000,84,0,Daniel Byers,0.0389,Awni Abdi-Bahri,0.0362,Horror,Thriller,Unknown,,General,NR,7,0,,,
3140,2022,3000000,83,0,Iris K. Shim,0.3026,Sandra Oh,1.5545,Horror,Mystery,Raimi Productions,Stage 6 Films,General,PG-13,3,0,Stage 6 Films,1240586.0,-1759414.0
3141,2022,20000000,105,1,Tyler Perry,2.1061,Tyler Perry,2.1061,Comedy,Drama,Tyler Perry Studios,,Tyler Perry's A Madea Homecoming,R,2,0,,,
3142,2022,2800000,127,0,Peter Farrelly,1.252,Zac Efron,7.3795,Drama,Comedy,Skydance Media,,General,R,9,0,,,
3143,2022,40000000,151,0,Steven Spielberg,3.854,Michelle Williams,3.8592,Drama,,Amblin Entertainment,Reliance Entertainment,General,PG-13,11,1,Universal Pictures,219922.0,-39780078.0
3144,2022,33000000,111,1,David Gordon Green,0.4867,Jamie Lee Curtis,5.9583,Horror,Thriller,Universal Pictures,Blumhouse Productions,Halloween Ends,R,10,0,Universal Pictures,46177440.0,13177440.0
3145,2022,55000000,147,0,Ron Howard,2.9724,Viggo Mortensen,2.9793,Drama,Thriller,Imagine Entertainment,Storyteller Productions,General,PG-13,7,0,,,
3146,2022,30000000,107,0,Tom Gormican,0.4729,Nicolas Cage,6.3482,Action,Comedy,Saturn Films,Burr! Productions,General,R,4,0,Lionsgate,9579358.0,-20420642.0
3147,2022,20000000,83,1,David Blue Garcia,0.7189,Sarah Yarkin,1.3174,Horror,,Legendary Pictures,Bad Hombre,Texas Chainsaw Massacre,R,2,0,,,
3148,2022,100000000,113,0,J.J. Perry,0.6129,Jamie Foxx,3.0171,Action,Fantasy,87Eleven,Impossible Dream Entertainment,General,R,8,0,,,
3149,2022,43000000,104,0,Mark Williams,0.4114,Liam Neeson,7.5562,Action,Thriller,The Solution,Zero Gravity Management,General,PG-13,2,0,Briarcliff Entertainment,5301030.0,-37698970.0
3150,2022,70000000,99,0,Akiva Schaffer,0.8737,Andy Samberg,4.8276,Animation,Family,Walt Disney Pictures,Mandeville Films,General,PG,5,0,,,
3151,2022,180000000,102,0,Don Hall,0.3939,Jake Gyllenhaal,7.9386,Animation,Family,Walt Disney Animation Studios,,General,PG,11,1,Walt Disney Studios Motion Pictures,7136340.0,-172863660.0
3152,2022,80000000,134,0,David O. Russell,0.5148,Christian Bale,6.5434,Mystery,Comedy,DreamCrew,Keep Your Head Productions,General,R,9,0,20th Century Studios,9068234.0,-70931766.0
3153,2022,33000000,131,0,Chinonye Chukwu,0.3055,Danielle Deadwyler,1.1327,Drama,History,EON Productions,Frederick Zollo Productions,General,PG-13,10,0,United Artists Releasing,290366.0,-32709634.0
3154,2022,14000000,121,0,David Bruckner,0.3154,Odessa A'zion,2.6235,Horror,Thriller,Phantom Four,Spyglass Media Group,General,R,9,0,,,
3155,2022,24393503,97,1,Emily Ting,0.6637,Ava Michelle,0.5477,Comedy,Romance,Wonderland Sound and Vision,,Tall Girl,NR,2,0,,,
3156,2022,2000000,97,0,John Patton Ford,0.3814,Aubrey Plaza,4.0469,Crime,Drama,Low Spark Films,Evil Hag Productions,General,R,8,0,Roadside Attractions,1041680.0,-958320.0
3157,2022,10000000,96,0,Billy Porter,0.4746,Eva Reign,0.1234,Romance,Comedy,Killer Films,Andrew Lauren Productions,General,PG-13,7,0,,,
3158,2022,13500000,115,0,Sam Mendes,1.2818,Olivia Colman,4.272,Drama,Romance,Searchlight Pictures,Neal Street Productions,General,R,12,1,Searchlight Pictures,236821.0,-13263179.0
3159,2022,10000,88,0,Glenn Campbell,0.7846,Maxi Witrak,0.08,Action,Science Fiction,The Asylum,,General,R,8,0,,,
3160,2022,12000000,94,0,Keith Thomas,0.2306,Ryan Kiera Armstrong,1.1538,Horror,Science Fiction,Blumhouse Productions,Weed Road Pictures,General,R,5,0,Universal Pictures,5059900.0,-6940100.0
3161,2022,23000000,112,0,Kat Coiro,0.4492,Jennifer Lopez,3.938,Romance,Comedy,Nuyorican Productions,Perfect World Pictures,General,PG-13,2,0,Universal Pictures,13122665.0,-9877335.0
3162,2022,90000000,139,0,J.D. Dillard,0.4061,Jonathan Majors,1.5815,War,Drama,Black Label Media,STXfilms,General,PG-13,11,1,Columbia Pictures,3101267.0,-86898733.0
3163,2022,1261569,91,0,Richard Hughes,0.1174,Antonio Banderas,5.077,Action,Crime,Born to Burn Films,Millennium Media,General,R,9,0,,,
3164,2022,12000000,108,0,Eric Appel,0.278,Daniel Radcliffe,4.9996,Music,Comedy,Tango Entertainment,Funny or Die,General,PG-13,9,0,,,
3165,2022,20000000,104,0,Ol Parker,0.7088,Julia Roberts,6.2251,Drama,Comedy,Smokehouse Pictures,Red Om Films,General,PG-13,9,0,Universal Pictures,23731570.0,3731570.0
3166,2022,10000000,105,0,Jessica M. Thompson,0.4045,Nathalie Emmanuel,4.2646,Horror,Thriller,Screen Gems,Latchkey Productions,General,PG-13,8,0,Sony Pictures Releasing,9044963.0,-955037.0
3167,2022,5000000,96,0,Chloe Okuno,0.736,Maika Monroe,2.5424,Horror,Mystery,Image Nation Abu Dhabi,Lost City,General,R,6,0,IFC Films,1239787.0,-3760213.0
3168,2022,22000000,115,0,Nicholas Stoller,0.5501,Billy Eichner,0.7099,Comedy,Romance,Universal Pictures,Apatow Productions,General,R,9,0,Universal Pictures,6744410.0,-15255590.0
3169,2022,20000000,99,0,Greg Mottola,0.4481,Jon Hamm,4.2569,Comedy,Mystery,Miramax,,General,R,9,0,Paramount Pictures,413765.0,-19586235.0
3170,2022,19500000,100,0,Krystin Ver Linden,0.0239,Keke Palmer,5.2858,Thriller,Drama,Steel Springs Pictures,Vertical,General,R,3,0,Roadside Attractions,245953.0,-19254047.0
3171,2022,8000000,106,0,Daniel Graham,0.1157,Matt Hookings,0.7824,History,Drama,Unknown,,General,NR,6,0,,,
3172,2022,70000,99,0,Alex Coletti,0.0584,Trey Parker,1.7272,Music,Comedy,MTV Entertainment Studios,Alex Coletti Productions,General,R,8,0,,,
3173,2022,30000,73,0,Tzvi Friedman,0.0634,Jon Peterson,0.0535,Thriller,,Shadow Play Films,Gigantic Studios,General,NR,11,1,,,
3174,2023,100000000,93,1,Michael Jelenic,0.2231,Chris Pratt,5.0185,Family,Comedy,Universal Pictures,Illumination,The Super Mario Bros. Movie,PG,4,0,Universal Pictures,240201260.0,140201260.0
3175,2023,20000000,110,1,Emma Tammi,0.8133,Josh Hutcherson,6.5314,Horror,Thriller,Blumhouse Productions,Scott Cawthon Productions,Five Nights at Freddy's,PG-13,10,0,Universal Pictures,94204360.0,74204360.0
3176,2023,100000000,181,0,Christopher Nolan,7.3643,Cillian Murphy,5.8855,Drama,History,Syncopy,Universal Pictures,General,R,7,0,Universal Pictures,127860430.0,27860430.0
3177,2023,145000000,114,0,Greta Gerwig,2.1343,Margot Robbie,9.8432,Comedy,Adventure,LuckyChap Entertainment,Heyday Films,General,PG-13,7,0,Warner Bros.,258402851.0,113402851.0
3178,2023,100000000,140,1,Justin K. Thompson,0.3539,Shameik Moore,1.4372,Animation,Action,Columbia Pictures,Sony Pictures Animation,Spider-Man,PG,5,0,Columbia Pictures,170020978.0,70020978.0
3179,2023,340000000,142,1,Louis Leterrier,0.9558,Vin Diesel,9.8318,Action,Crime,Universal Pictures,Original Film,Fast X,PG-13,5,0,Universal Pictures,84935340.0,-255064660.0
3180,2023,35000000,141,0,Yorgos Lanthimos,2.3406,Emma Stone,8.3629,Science Fiction,Romance,Searchlight Pictures,Film4 Productions,General,R,12,1,Searchlight Pictures,946764.0,-34053236.0
3181,2023,100000000,170,1,Chad Stahelski,1.1834,Keanu Reeves,11.5062,Action,Thriller,Thunder Road,87Eleven,John Wick,R,3,0,Lionsgate,94668306.0,-5331694.0
3182,2023,291000000,164,1,Christopher McQuarrie,0.7084,Tom Cruise,8.76,Action,Thriller,Paramount Pictures,Skydance Media,Mission,PG-13,7,0,Paramount Pictures,91069481.0,-199930519.0
3183,2023,297000000,135,0,Rob Marshall,0.6187,Halle Bailey,1.0388,Adventure,Family,Walt Disney Pictures,Lucamar Productions,General,PG,5,0,Conglomerate Media,145715084.0,-151284916.0
3184,2023,250000000,150,1,James Gunn,3.2228,Chris Pratt,5.0185,Science Fiction,Adventure,Marvel Studios,Kevin Feige Productions,Guardians of the Galaxy Vol.,PG-13,5,0,Walt Disney Studios Motion Pictures,152701178.0,-97298822.0
3185,2023,200000000,102,0,Peter Sohn,0.6663,Leah Lewis,0.8514,Family,Fantasy,Pixar,,General,PG,6,0,Walt Disney Studios Motion Pictures,47051915.0,-152948085.0
3186,2023,20000000,131,0,Emerald Fennell,1.5798,Barry Keoghan,2.7081,Drama,Comedy,LuckyChap Entertainment,MRC,General,R,11,1,Amazon MGM Studios,1362025.0,-18637975.0
3187,2023,195000000,127,0,Steven Caple Jr.,0.415,Anthony Ramos,2.991,Science Fiction,Adventure,Skydance Media,Paramount Pictures,General,PG-13,6,0,Paramount Pictures,80622183.0,-114377817.0
3188,2023,100000000,157,0,Francis Lawrence,1.872,Tom Blyth,4.3859,Science Fiction,Action,Lionsgate,Color Force,General,PG-13,11,1,Lionsgate,69558780.0,-30441220.0
3189,2023,30000000,88,1,Cal Brunker,0.1654,Mckenna Grace,10.4672,Family,Comedy,Nickelodeon Movies,Spin Master,PAW Patrol,PG,9,0,Paramount Pictures,27116988.0,-2883012.0
3190,2023,72000000,83,0,Benjamin Renner,0.3443,Kumail Nanjiani,1.4545,Family,Comedy,Universal Pictures,Illumination,General,PG,12,1,Universal Pictures,37092645.0,-34907355.0
3191,2023,40000000,117,0,Dexter Fletcher,1.108,Chris Evans,4.899,Action,Comedy,Skydance Media,,General,PG-13,4,0,,,
3192,2023,294700000,155,1,James Mangold,0.8538,Harrison Ford,6.6538,Adventure,Action,Lucasfilm Ltd.,,Indiana Jones and the Dial of Destiny,PG-13,6,0,Walt Disney Studios Motion Pictures,94705329.0,-199994671.0
3193,2023,165000000,158,0,Ridley Scott,2.3966,Joaquin Phoenix,5.028,History,War,Apple Studios,Scott Free Productions,General,R,11,1,Columbia Pictures,36211931.0,-128788069.0
3194,2023,220000000,144,0,Andy Muschietti,1.5056,Ezra Miller,2.2644,Action,Science Fiction,Warner Bros. Pictures,Double Dream,General,PG-13,6,0,Warner Bros.,72378503.0,-147621497.0
3195,2023,70000000,109,1,Antoine Fuqua,0.6658,Denzel Washington,6.0583,Action,Thriller,Columbia Pictures,Eagle Pictures,The Equalizer,R,8,0,Columbia Pictures,49765408.0,-20234592.0
3196,2023,274800000,105,1,Nia DaCosta,0.8999,Brie Larson,3.8046,Science Fiction,Adventure,Marvel Studios,Kevin Feige Productions,The Marvels,PG-13,11,1,Walt Disney Studios Motion Pictures,54824806.0,-219975194.0
3197,2023,45000000,104,0,Gene Stupnitsky,0.8771,Jennifer Lawrence,5.6721,Comedy,Romance,Excellent Cadaver,OPE Partners,General,R,6,0,Sony Pictures Releasing,21810952.0,-23189048.0
3198,2023,38500000,110,1,Michael Chaves,1.0006,Taissa Farmiga,5.7531,Horror,,New Line Cinema,Atomic Monster,The Nun,R,9,0,Warner Bros.,41793159.0,3293159.0
3199,2023,15000000,96,0,Lee Cronin,0.6241,Lily Sullivan,0.9494,Horror,Thriller,New Line Cinema,Pacific Renaissance Pictures,General,R,4,0,Warner Bros.,32216195.0,17216195.0
3200,2023,25000000,103,0,Will Gluck,0.5104,Sydney Sweeney,21.2483,Romance,Comedy,Olive Bridge Entertainment,Roth-Kirschenbaum Films,General,R,12,1,Columbia Pictures,16085414.0,-8914586.0
3201,2023,205000000,124,1,James Wan,1.9086,Jason Momoa,9.7049,Action,Adventure,Warner Bros. Pictures,The Safran Company,Aquaman and the Lost Kingdom,PG-13,12,1,Warner Bros.,58198093.0,-146801907.0
3202,2023,151000000,134,0,John Francis Daley,1.5181,Chris Pine,3.2276,Adventure,Fantasy,Entertainment One,Paramount Pictures,General,PG-13,3,0,Paramount Pictures,47777540.0,-103222460.0
3203,2023,100000000,103,1,Scott Waugh,1.0861,Jason Statham,18.2824,Action,Adventure,Millennium Media,Campbell Grobman Films,Expend4bles,R,9,0,,,
3204,2023,60000000,135,0,Neill Blomkamp,0.5274,Archie Madekwe,0.9091,Adventure,Action,PlayStation Productions,2.0 Entertainment,General,PG-13,8,0,Sony Pictures Releasing,22110546.0,-37889454.0
3205,2023,12000000,106,0,Celine Song,0.409,Greta Lee,2.0022,Drama,Romance,A24,Killer Films,General,PG-13,6,0,A24,346324.0,-11653676.0
3206,2023,7000000,111,0,Nicholas D. Johnson,0.2486,Storm Reid,1.17,Drama,Mystery,Stage 6 Films,Search Party,General,PG-13,1,0,Sony Pictures Releasing,11894417.0,4894417.0
3207,2023,65000000,93,0,Chris McKay,0.4975,Nicholas Hoult,8.1208,Comedy,Fantasy,Skybound Entertainment,Universal Pictures,General,R,4,0,Universal Pictures,10512945.0,-54487055.0
3208,2023,129000000,116,1,Ben Wheatley,0.3816,Jason Statham,18.2824,Action,Science Fiction,Apelles Entertainment,Warner Bros. Pictures,Meg 2,PG-13,8,0,Warner Bros.,41436917.0,-87563083.0
3209,2023,30000000,119,0,Ric Roman Waugh,1.0493,Gerard Butler,8.5815,Action,Thriller,Thunder Road,G-BASE,General,R,5,0,Open Road Films (II),3471887.0,-26528113.0
3210,2023,15000000,106,1,Eli Roth,1.505,Patrick Dempsey,2.8679,Horror,Mystery,Electromagnetic Productions,Dragonfly Entertainment,Thanksgiving,R,11,1,TriStar Pictures,16929532.0,1929532.0
3211,2023,25000000,96,1,Roger Kumble,0.5033,Dylan Sprouse,5.4289,Romance,Drama,Voltage Pictures,,Beautiful Disaster,R,4,0,,,
3212,2023,13000000,88,0,Samuel Bodin,0.1778,Lizzy Caplan,3.4327,Horror,,Point Grey Pictures,Vertigo Entertainment,General,R,7,0,,,
3213,2023,16000000,107,1,Patrick Wilson,2.9885,Ty Simpkins,1.8429,Horror,Thriller,Blumhouse Productions,Stage 6 Films,Insidious,PG-13,7,0,Screen Gems,45085554.0,29085554.0
3214,2023,14000000,93,1,Castille Landon,0.3935,Hero Fiennes Tiffin,3.259,Romance,Drama,Voltage Pictures,Wattpad,After Everything,R,9,0,,,
3215,2023,80000000,134,0,Gareth Edwards,0.4276,John David Washington,3.2724,Science Fiction,Action,New Regency Pictures,Entertainment One,General,PG-13,9,0,20th Century Studios,18830037.0,-61169963.0
3216,2023,20000000,91,0,Nimród Antal,0.5944,Liam Neeson,7.5562,Thriller,Action,The Picture Company,Ombra Films,General,R,8,0,Roadside Attractions,4748404.0,-15251596.0
3217,2023,95000000,91,1,Walt Dohrn,0.5318,Anna Kendrick,4.3959,Animation,Family,DreamWorks Animation,,Trolls Band Together,PG,10,0,Universal Pictures,45784065.0,-49215935.0
3218,2023,80000000,129,0,Bradley Cooper,3.143,Carey Mulligan,2.8127,Drama,Romance,Amblin Entertainment,Fred Berner Films,General,R,11,1,,,
3219,2023,55000000,123,0,Guy Ritchie,2.8818,Jake Gyllenhaal,7.9386,War,Action,STXfilms,Toff Guy Films,General,R,4,0,,,
3220,2023,175000000,95,0,Chris Buck,0.3171,Ariana DeBose,1.0309,Animation,Family,Walt Disney Animation Studios,,General,PG,11,1,Walt Disney Studios Motion Pictures,33382831.0,-141617169.0
3221,2023,199507,83,1,Suzanne Coote,0.6072,Lulu Wilson,1.8749,Action,Horror,Post Film,BoulderLight Pictures,The Wrath of Becky,R,5,0,Quiver Distribution,168109.0,-31398.0
3222,2023,200000000,206,0,Martin Scorsese,3.0015,Leonardo DiCaprio,7.7581,Crime,History,Apple Studios,Imperative Entertainment,General,R,10,0,Paramount Pictures,31679083.0,-168320917.0
3223,2023,35000000,123,1,Tyler Gillett,0.6263,Melissa Barrera,2.1137,Horror,Crime,Radio Silence,Project X Entertainment,Scream VI,R,3,0,Paramount Pictures,58529284.0,23529284.0
3224,2023,40000000,108,0,Pierre Morel,0.5911,John Cena,4.3502,Action,Comedy,Endurance Media,AGC Studios,General,R,10,0,Relativity Media,2955296.0,-37044704.0
3225,2023,75000000,100,1,Jeff Rowe,0.8142,Micah Abbey,0.2891,Animation,Comedy,Paramount Pictures,Nickelodeon Movies,Teenage Mutant Ninja Turtles,PG,7,0,Paramount Pictures,51570444.0,-23429556.0
3226,2023,32500000,126,0,Margaret Betts,0.4039,Tommy Lee Jones,3.1819,Drama,History,Double Nickel Entertainment,Bobby Shriver Productions,General,R,10,0,,,
3227,2023,20000000,109,0,Neil Jordan,0.475,Liam Neeson,7.5562,Crime,,Parallel Films,H2L Media Group,General,R,2,0,Open Road Films (II),3151051.0,-16848949.0
3228,2023,23900000,110,0,Renny Harlin,1.0392,Aaron Eckhart,3.0806,Action,Thriller,Eclectic Pictures,Millennium Media,General,R,12,1,,,
3229,2023,200000000,125,1,Peyton Reed,0.5581,Paul Rudd,3.0344,Action,Adventure,Marvel Studios,Kevin Feige Productions,Ant-Man and the Wasp,PG-13,2,0,Walt Disney Studios Motion Pictures,135114584.0,-64885416.0
3230,2023,65000000,122,1,Sam Hargrave,0.9339,Chris Hemsworth,7.7826,Action,Thriller,AGBO,TGIM Films,Extraction,R,6,0,,,
3231,2023,5000000,97,1,Tim Story,1.0149,Grace Byers,0.3412,Horror,Comedy,MRC,CatchLight Studios,The Blackening,R,6,0,Lionsgate,9241705.0,4241705.0
3232,2023,18000000,103,1,Julius Avery,0.5271,Russell Crowe,4.5456,Horror,Thriller,Screen Gems,2.0 Entertainment,The Pope's Exorcist,R,4,0,Screen Gems,11623718.0,-6376282.0
3233,2023,20000000,121,1,Marc Forster,0.3966,Ariella Glaser,0.5844,Drama,War,Participant,Mandeville Films,White Bird,PG-13,10,0,Lionsgate,2290780.0,-17709220.0
3234,2023,104000000,128,0,Ángel Manuel Soto,0.1575,Xolo Mariduena,2.0216,Action,Science Fiction,Warner Bros. Pictures,The Safran Company,General,PG-13,8,0,Warner Bros.,33543690.0,-70456310.0
3235,2023,32000000,83,0,Alberto Belli,0.5861,Winslow Fegley,0.5286,Family,Adventure,Poutine Productions,Disney Branded Television,General,G,11,1,,,
3236,2023,110000000,130,1,David F. Sandberg,0.5309,Zachary Levi,1.9849,Comedy,Action,New Line Cinema,The Safran Company,Shazam! Fury of the Gods,PG-13,3,0,Warner Bros.,36606765.0,-73393235.0
3237,2023,50000000,113,0,Guy Ritchie,2.8818,Jason Statham,18.2824,Action,Comedy,Miramax,STXfilms,General,R,1,0,Lionsgate,4282863.0,-45717137.0
3238,2023,4100000,111,0,Paul Schrader,1.1198,Joel Edgerton,4.394,Drama,Crime,Kojo Studios,Ottocento Films,General,R,5,0,Magnolia Pictures,,
3239,2023,175000000,118,0,David Fincher,2.0014,Michael Fassbender,3.7679,Crime,Thriller,Netflix,,General,R,10,0,Wide Lens Pictures,97067.0,-174902933.0
3240,2023,20000000,90,0,Phillip Noyce,0.574,Pierce Brosnan,4.1488,Action,Crime,Foresight Unlimited,Screen Media Films,General,NR,12,1,,,
3241,2023,9000000,104,0,Jim Strouse,0.4104,Priyanka Chopra Jonas,6.2674,Romance,Drama,Screen Gems,Thunder Road,General,PG-13,5,0,Screen Gems,3456881.0,-5543119.0
3242,2023,45000000,92,0,Bryan Woods,0.3379,Adam Driver,2.1578,Action,Adventure,Raimi Productions,Beck/Woods,General,PG-13,3,0,Sony Pictures Releasing,16627395.0,-28372605.0
3243,2023,13000000,133,0,Alexander Payne,0.9863,Paul Giamatti,3.3344,Comedy,Drama,Miramax,Gran Via Productions,General,R,10,0,Focus Features,278167.0,-12721833.0
3244,2023,83000000,134,1,Zack Snyder,5.3725,Sofia Boutella,3.4706,Science Fiction,Action,The Stone Quarry,Grand Electric,Rebel Moon,PG-13,12,1,,,
3245,2023,75000000,116,1,Michael B. Jordan,3.9987,Michael B. Jordan,3.9987,Drama,Action,Metro-Goldwyn-Mayer,Chartoff-Winkler Productions,Creed,PG-13,3,0,United Artists Releasing,74185274.0,-814726.0
3246,2023,45000000,119,0,André Øvredal,0.526,Corey Hawkins,0.9621,Horror,Fantasy,Phoenix Pictures,DreamWorks Pictures,General,R,8,0,Universal Pictures,8861500.0,-36138500.0
3247,2023,3000000,98,1,Cary Solomon,0.1945,Sean Patrick Flanery,1.3983,Horror,Drama,Believe Entertainment,Soli Deo Gloria Releasing,Nefarious,R,4,0,SDG Releasing,1777638.0,-1222362.0
3248,2023,35000000,104,0,Stephen Williams,0.5721,"Kelvin Harrison, Jr.",0.7837,Music,Drama,Searchlight Pictures,Element Pictures,General,PG-13,4,0,Walt Disney Studios Motion Pictures,2153053.0,-32846947.0
3249,2023,29100000,90,0,Laura Terruso,0.1459,Sebastian Maniscalco,1.535,Comedy,,Lionsgate,Depth of Field,General,PG-13,5,0,Lionsgate,6724093.0,-22375907.0
3250,2023,20000000,94,0,Adele Lim,0.3654,Ashley Park,1.0813,Comedy,,Lionsgate,Point Grey Pictures,General,R,6,0,Lionsgate,8041997.0,-11958003.0
3251,2023,13000000,118,1,Kevin Greutert,0.8303,Tobin Bell,1.9156,Horror,Mystery,Twisted Pictures,Lionsgate,Saw X,R,9,0,Lionsgate,24404793.0,11404793.0
3252,2023,16000000,98,0,William Oldroyd,0.5245,Thomasin McKenzie,2.7427,Thriller,Crime,Likely Story,Film4 Productions,General,R,12,1,Neon,131260.0,-15868740.0
3253,2023,25000000,116,0,Chris Robinson,0.1144,Mookie Cook,0.1338,Drama,,Universal Pictures,Tangerine Pictures,General,PG-13,6,0,,,
3254,2023,22800000,93,0,Brian Duffield,0.574,Kaitlyn Dever,3.8388,Horror,Science Fiction,20th Century Studios,Star Thrower Entertainment,General,PG-13,9,0,,,
3255,2023,16000000,117,0,Cord Jefferson,0.2012,Jeffrey Wright,2.0814,Comedy,Drama,MRC,T-Street,General,R,11,1,Metro-Goldwyn-Mayer (MGM),321639.0,-15678361.0
3256,2023,32000000,129,0,George Tillman Jr.,0.3631,Khris Davis,0.3954,History,Drama,Mandalay Pictures,Affirm Films,General,PG-13,4,0,Sony Pictures Releasing,3805794.0,-28194206.0
3257,2023,350000,93,0,Matthew Goodhue,0.0327,Lisa Ambalavanar,0.4308,Horror,Comedy,Renegade Studios Chicago,Talking Wolf Productions,General,PG-13,8,0,,,
3258,2023,19800000,112,1,Àlex Pastor,0.4071,Mario Casas,1.1392,Horror,Science Fiction,Nostromo Pictures,Chris Morgan Productions,Bird Box Barcelona,R,7,0,,,
3259,2023,30000000,106,0,Kelly Fremon Craig,0.3312,Abby Ryder Fortson,1.258,Comedy,Drama,Gracie Films,Lionsgate,General,PG-13,3,0,Lionsgate,9267414.0,-20732586.0
3260,2023,5000000,105,0,Andrew Haigh,0.4751,Andrew Scott,2.1474,Romance,Drama,Film4 Productions,Blueprint Pictures,General,R,12,1,Searchlight Pictures,232909.0,-4767091.0
3261,2023,7000000,92,0,George Gallo,0.5377,Morgan Freeman,9.2254,Mystery,Thriller,Wonderfilm Media,Black Diamond Films,General,NR,3,0,,,
3262,2023,30000000,111,1,David Gordon Green,0.4867,Leslie Odom Jr.,1.1047,Horror,Thriller,Universal Pictures,Blumhouse Productions,The Exorcist,R,10,0,Universal Pictures,33926950.0,3926950.0
3263,2023,90000000,141,0,Blitz Bazawule,0.1653,Fantasia Barrino,0.5403,Drama,,Warner Bros. Pictures,Harpo Films,General,PG-13,12,1,Warner Bros.,44047642.0,-45952358.0
3264,2023,70000000,91,0,Kirk DeMicco,0.5811,Lana Condor,1.7528,Animation,Family,DreamWorks Animation,,General,PG,6,0,,,
3265,2023,25000000,105,0,Wes Anderson,2.2128,Jason Schwartzman,2.2797,Comedy,Drama,Indian Paintbrush,American Empirical Pictures,General,PG-13,6,0,Focus Features,1214714.0,-23785286.0
3266,2023,35000000,99,0,Rob Savage,0.7684,Sophie Thatcher,4.7651,Horror,,21 Laps Entertainment,20th Century Studios,General,PG-13,5,0,20th Century Studios,17820895.0,-17179105.0
3267,2023,3000000,88,0,Finn Wolfhard,10.0163,Finn Wolfhard,10.0163,Horror,Comedy,30WEST,Aggregate Films,General,R,9,0,Neon,2451794.0,-548206.0
3268,2023,80000000,111,0,Ben Affleck,10.0095,Matt Damon,15.403,Drama,History,Amazon Studios,Skydance Sports,General,R,4,0,Amazon MGM Studios,23369030.0,-56630970.0
3269,2023,11300000,91,0,Emma Seligman,0.5802,Rachel Sennott,3.6258,Comedy,,Brownstone Productions,Orion Pictures,General,R,8,0,Orion Pictures,724706.0,-10575294.0
3270,2023,2000000,92,1,Edward Drake,0.3287,Bruce Willis,4.9534,Action,Crime,Arcana Studio,308 Enterprises,Detective Knight,R,1,0,,,
3271,2023,50000000,98,0,Nicol Paone,0.2214,Uma Thurman,8.3886,Comedy,Crime,Yale Productions,Idiot Savant Pictures,General,R,9,0,,,
3272,2023,15000000,105,0,Jonathan Glazer,0.3785,Christian Friedel,0.7404,Drama,History,A24,Film4 Productions,General,PG-13,12,1,A24,,
3273,2023,7500000,95,0,Michael Jacobs,0.1626,Emma Roberts,5.8354,Comedy,Romance,Fifth Season,Vincent Newman Entertainment,General,PG-13,1,0,Vertical Entertainment,793242.0,-6706758.0
3274,2023,46000000,93,0,Josh Greenbaum,0.2969,Will Ferrell,2.198,Comedy,Adventure,Universal Pictures,Lord Miller,General,R,8,0,Universal Pictures,11476230.0,-34523770.0
3275,2023,14500000,131,0,Alejandro Monteverde,0.275,Jim Caviezel,4.9482,Action,Drama,Santa Fe Films,,General,PG-13,7,0,Angel,45668594.0,31168594.0
3276,2023,60000000,104,1,Kenneth Branagh,2.7277,Kenneth Branagh,2.7277,Mystery,Thriller,20th Century Studios,Scott Free Productions,A Haunting in Venice,PG-13,9,0,20th Century Studios,19052729.0,-40947271.0
3277,2023,3000000,104,0,Meg Ryan,2.0736,Meg Ryan,2.0736,Romance,Comedy,Ten Acre Films,Rockhill Studios,General,R,11,1,Bleecker Street Media,2231346.0,-768654.0
3278,2023,80000000,103,0,Scott Waugh,1.0861,Jackie Chan,21.0428,Action,Comedy,Talent International Media,XYZ Films,General,PG-13,7,0,,,
3279,2023,45000000,112,1,Steven Soderbergh,1.2462,Channing Tatum,4.8758,Comedy,Drama,Warner Bros. Pictures,Nick Wechsler Productions,Magic Mike's Last Dance,R,2,0,Warner Bros.,12590454.0,-32409546.0
3280,2023,20000000,100,0,M. Night Shyamalan,2.3284,Dave Bautista,5.7719,Horror,Mystery,Blinding Edge Pictures,FilmNation Entertainment,General,R,2,0,Universal Pictures,17945995.0,-2054005.0
3281,2023,32500000,95,1,Elizabeth Banks,3.4881,Keri Russell,4.1076,Thriller,Comedy,Universal Pictures,Brownstone Productions,Cocaine Bear,R,2,0,Universal Pictures,30268320.0,-2231680.0
3282,2023,18000000,102,0,Sean McNamara,0.747,Dennis Quaid,3.3957,Drama,,Metro-Goldwyn-Mayer,LightWorkers Media,General,PG,3,0,,,
3283,2023,3000000,92,0,Babak Jalali,0.0749,Anaita Wali Zada,0.0264,Comedy,Drama,Butimar Productions,Extra A Productions,General,NR,8,0,,,
3284,2023,70000000,93,0,Robert Rodriguez,2.0538,Ben Affleck,10.0095,Mystery,Science Fiction,Studio 8,Solstice Studios,General,R,5,0,Ketchup Entertainment,3236216.0,-66763784.0
3285,2023,6700000,107,0,Asif Akbar,0.9271,ABM Sumon,0.1451,Action,Drama,Jaaz Multimedia,Al Bravo Films,General,NR,8,0,,,
3286,2023,38000000,141,0,Ava DuVernay,0.5243,Aunjanue Ellis-Taylor,1.0757,Drama,,ARRAY Filmworks,,General,PG-13,12,1,Neon,117063.0,-37882937.0
3287,2023,4000000,101,0,Michael Maren,0.0737,Michael Shannon,3.5204,Comedy,,CaliWood Pictures,Big Fan Films,General,NR,3,0,,,
3288,2023,6500000,113,0,Brock Heasley,0.0286,Kristoffer Polaha,1.6816,Science Fiction,,Nook Lane Entertainment,Pinnacle Peak Pictures,General,PG-13,11,1,Angel,6342800.0,-157200.0
3289,2023,10000000,89,0,Kim Burdon,0.0884,Stephen Fry,1.4751,Animation,Comedy,Arc Productions,Melmoth Films,General,PG,9,0,,,
3290,2023,157800000,123,0,Justin Simien,0.1567,Rosario Dawson,2.4611,Comedy,Drama,Walt Disney Pictures,Rideback,General,PG-13,7,0,Walt Disney Studios Motion Pictures,33049808.0,-124750192.0
3291,2023,10000000,102,0,Kristoffer Borgli,0.587,Nicolas Cage,6.3482,Comedy,Fantasy,A24,Square Peg,General,R,11,1,A24,333548.0,-9666452.0
3292,2023,20000000,113,0,Sofia Coppola,2.5363,Cailee Spaeny,4.2105,Drama,Romance,The Apartment Pictures,American Zoetrope,General,R,10,0,A24,225520.0,-19774480.0
3293,2023,15900000,132,0,Sean Durkin,0.6245,Zac Efron,7.3795,History,Drama,A24,BBC Film,General,R,12,1,A24,11315147.0,-4584853.0
3294,2023,3000000,99,0,Charlie Day,2.9081,Charlie Day,2.9081,Comedy,,Wrigley Pictures,Armory Films,General,R,5,0,Roadside Attractions,674893.0,-2325107.0
3295,2023,40000000,106,0,Chris Radtke,0.0338,Koko Marshall,0.6105,Documentary,Drama,Sypher Studios,Theora Films,General,PG-13,10,0,Angel,7021769.0,-32978231.0
3296,2023,41000000,101,0,Catherine Hardwicke,0.5487,Toni Collette,2.8332,Comedy,Crime,Idea(L),Vocab Films,General,R,4,0,Bleecker Street Media,2826060.0,-38173940.0
3297,2023,30000000,105,0,Craig Gillespie,1.0897,Paul Dano,3.0444,History,Comedy,Black Bear Pictures,Ryder Picture Company,General,R,9,0,Sony Pictures Releasing,309875.0,-29690125.0
3298,2023,10000000,109,0,Matt Brown,0.6259,Anthony Hopkins,3.8278,Drama,,WestEnd Films,CAA Media Finance,General,PG-13,12,1,Sony Pictures Releasing,17849.0,-9982151.0
3299,2023,100000,84,1,Rhys Frake-Waterfield,0.5746,Nikolai Leon,0.1829,Horror,Thriller,Jagged Edge Productions,ITN Distribution,Winnie the Pooh,NR,1,0,,,
3300,2023,35000000,179,0,Ari Aster,1.6338,Joaquin Phoenix,5.028,Comedy,Adventure,A24,Square Peg,General,R,4,0,A24,436239.0,-34563761.0
3301,2023,20000000,108,1,Bill Holderman,0.1437,Diane Keaton,3.8559,Comedy,Romance,Makeready,Fifth Season,Book Club,PG-13,5,0,Focus Features,10125220.0,-9874780.0
3302,2023,15000000,120,0,Brent McCorkle,0.0835,Joel Courtney,0.8371,Drama,History,Lionsgate,Kingdom Story Company,General,PG-13,2,0,Lionsgate,21891391.0,6891391.0
3303,2023,12000000,118,0,Susanna Fogel,0.6762,Emilia Jones,3.6908,Thriller,Comedy,StudioCanal,The New Yorker Studios,General,NR,10,0,Rialto Pictures,13055.0,-11986945.0
3304,2023,28000000,98,0,Kyle Marvin,0.2683,Lily Tomlin,0.9441,Comedy,Drama,199 Productions,Watch This Ready,General,PG-13,2,0,Paramount Pictures,18969658.0,-9030342.0
3305,2023,20000000,117,0,Todd Haynes,0.742,Natalie Portman,5.7498,Drama,,Gloria Sanchez Productions,Killer Films,General,R,11,1,,,
3306,2023,40000000,123,0,George Clooney,5.2692,Joel Edgerton,4.394,Drama,History,Smokehouse Pictures,Spyglass Media Group,General,PG-13,12,1,Amazon MGM Studios,21998472.0,-18001528.0
3307,2023,14000000,104,0,Taika Waititi,4.3475,Michael Fassbender,3.7679,Comedy,Drama,The Imaginarium,Searchlight Pictures,General,PG-13,11,1,Ketchup Entertainment,4025663.0,-9974337.0
3308,2023,250000,104,0,David Helling,0.0368,Nicolas Mouawad,1.4093,Drama,Fantasy,RockBridge Productions,Angel Studios,General,PG-13,3,0,Angel,7794046.0,7544046.0
3309,2023,15000000,169,0,Sam Wrench,0.6074,Taylor Swift,1.4904,Music,,Taylor Swift Productions,Silent House Productions,General,PG-13,10,0,,,
3310,2023,47000000,122,0,Juel Taylor,0.3043,John Boyega,1.3733,Comedy,Science Fiction,MACRO,Made With Love Media,General,R,6,0,,,
3311,2023,6000000,99,0,Adam Anders,0.6237,Fiona Palomo,1.2956,Family,Drama,Affirm Films,SPACE + ART Entertainment,General,PG,11,1,Affirm Films,3318211.0,-2681789.0
3312,2023,5000000,93,0,Molly Gordon,2.2937,Ben Platt,1.1865,Comedy,,Gloria Sanchez Productions,Topic Studios,General,PG-13,7,0,Searchlight Pictures,406487.0,-4593513.0
3313,2024,150000000,162,1,Jon M. Chu,2.3895,Cynthia Erivo,9.1655,Drama,Romance,Universal Pictures,Marc Platt Productions,Wicked,PG,11,1,Universal Pictures,182021850.0,32021850.0
3314,2024,200000000,97,1,Kelsey Mann,0.7306,Amy Poehler,1.6278,Animation,Adventure,Pixar,,Inside Out,PG,6,0,Walt Disney Studios Motion Pictures,255183116.0,55183116.0
3315,2024,200000000,128,1,Shawn Levy,2.0627,Ryan Reynolds,5.6859,Action,Comedy,Marvel Studios,Maximum Effort,Deadpool & Wolverine,R,7,0,Walt Disney Studios Motion Pictures,298575919.0,98575919.0
3316,2024,150000000,100,1,David G. Derrick Jr.,0.4091,Auliʻi Cravalho,1.9249,Family,Comedy,Walt Disney Animation Studios,Walt Disney Animation Studios,Moana,PG,11,1,Walt Disney Studios Motion Pictures,239369938.0,89369938.0
3317,2024,122000000,110,1,Jeff Fowler,0.3555,Jim Carrey,6.4951,Action,Science Fiction,Paramount Pictures,Original Film,Sonic the Hedgehog,PG,12,1,Paramount Pictures,99553692.0,-22446308.0
3318,2024,250000000,124,0,Jake Kasdan,0.8696,Dwayne Johnson,5.6007,Action,Comedy,Seven Bucks Productions,The Detective Agency,General,PG-13,10,0,Amazon MGM Studios,39624947.0,-210375053.0
3319,2024,17500000,141,0,Coralie Fargeat,1.0405,Demi Moore,5.0484,Drama,Horror,Working Title Films,Blacksmith,General,R,9,0,MUBI,5058960.0,-12441040.0
3320,2024,78000000,102,1,Chris Sanders,1.4262,Lupita Nyong'o,3.5366,Animation,Science Fiction,DreamWorks Animation,,The Wild Robot,PG,9,0,Universal Pictures,45284060.0,-32715940.0
3321,2024,200000000,118,1,Barry Jenkins,0.4703,Aaron Pierre,2.6704,Adventure,Family,Walt Disney Pictures,,Mufasa,PG,12,1,Walt Disney Studios Motion Pictures,76383537.0,-123616463.0
3322,2024,100000000,94,1,Chris Renaud,0.6278,Steve Carell,4.2116,Family,Comedy,Universal Pictures,Illumination,Despicable Me,PG,6,0,Universal Pictures,146984575.0,46984575.0
3323,2024,120000000,109,1,Kelly Marcel,0.5513,Tom Hardy,10.2616,Action,Science Fiction,Columbia Pictures,Pascal Pictures,Venom,PG-13,10,0,Sony Pictures Releasing,63947430.0,-56052570.0
3324,2024,130000000,127,0,J.C. Chandor,0.7804,Aaron Taylor-Johnson,4.0339,Action,Adventure,Columbia Pictures,Matt Tolmach Productions,General,R,12,1,Sony Pictures Releasing,14334701.0,-115665299.0
3325,2024,6000000,139,0,Sean Baker,1.2701,Mikey Madison,2.8257,Drama,Comedy,Cre Film,FilmNation Entertainment,General,R,10,0,Neon,752440.0,-5247560.0
3326,2024,310000000,148,1,Ridley Scott,2.3966,Paul Mescal,2.1726,Action,Adventure,Paramount Pictures,Scott Free Productions,Gladiator,R,11,1,Paramount Pictures,80465245.0,-229534755.0
3327,2024,150000000,115,1,Adam Wingard,0.755,Rebecca Hall,3.1338,Action,Adventure,Legendary Pictures,,Godzilla x Kong,PG-13,3,0,Warner Bros.,103337630.0,-46662370.0
3328,2024,190000000,167,1,Denis Villeneuve,2.2494,Timothée Chalamet,6.9868,Science Fiction,Adventure,Legendary Pictures,,Dune,PG-13,2,0,Warner Bros.,111027668.0,-78972332.0
3329,2024,168000000,149,1,George Miller,1.2448,Anya Taylor-Joy,12.1144,Action,Science Fiction,Warner Bros. Pictures,Kennedy Miller Mitchell,Furiosa,R,5,0,Warner Bros.,38917619.0,-129082381.0
3330,2024,80000000,119,1,Fede Álvarez,0.3897,Cailee Spaeny,4.2105,Horror,Science Fiction,20th Century Studios,Scott Free Productions,Alien,R,8,0,20th Century Studios,56439383.0,-23560617.0
3331,2024,35000000,106,1,David Ayer,1.0222,Jason Statham,18.2824,Action,Crime,Miramax,Cedar Park Entertainment,The Beekeeper,R,1,0,Metro-Goldwyn-Mayer (MGM),22653563.0,-12346437.0
3332,2024,100000000,115,1,Adil El Arbi,0.5875,Will Smith,6.4346,Action,Comedy,Westbrook,Columbia Pictures,Bad Boys,R,6,0,Sony Pictures Releasing,79240120.0,-20759880.0
3333,2024,80000000,94,1,Mike Mitchell,0.7056,Jack Black,5.4901,Animation,Family,DreamWorks Animation,,Kung Fu Panda,PG,3,0,Universal Pictures,77743755.0,-2256245.0
3334,2024,10000000,111,0,Scott Beck,0.5448,Hugh Grant,2.3643,Horror,Thriller,A24,Beck/Woods,General,R,10,0,A24,15269794.0,5269794.0
3335,2024,110000000,104,0,John Krasinski,6.0673,Cailey Fleming,1.4788,Comedy,Fantasy,Paramount Pictures,Sunday Night Productions,General,PG,5,0,Paramount Pictures,42566792.0,-67433208.0
3336,2024,9600000,215,0,Brady Corbet,1.1259,Adrien Brody,3.9002,Drama,History,Brookstreet Pictures,Kaplan Morrison,General,R,12,1,A24,484291.0,-9115709.0
3337,2024,160000000,145,1,Wes Ball,1.1809,Owen Teague,1.3817,Science Fiction,Adventure,20th Century Studios,Oddball Entertainment,Kingdom of the Planet of the Apes,PG-13,5,0,20th Century Studios,75239501.0,-84760499.0
3338,2024,2000000,125,1,Damien Leone,1.0357,Lauren LaVera,1.2183,Horror,Thriller,Cineverse,Bloody Disgusting,Terrifier,NR,10,0,Cineverse,26907151.0,24907151.0
3339,2024,60000000,107,0,Juan Carlos Fresnadillo,0.4963,Millie Bobby Brown,15.892,Fantasy,Action,PCMA Productions,Roth-Kirschenbaum Films,General,PG-13,3,0,,,
3340,2024,60000000,101,1,Mark Dindal,0.551,Chris Pratt,5.0185,Family,Comedy,Alcon Entertainment,DNEG,The Garfield Movie,PG,4,0,Sony Pictures Releasing,37572331.0,-22427669.0
3341,2024,15000000,91,0,Peter Browngardt,0.1661,Eric Bauza,0.8383,Family,Comedy,Warner Bros. Animation,,General,PG,8,0,Ketchup Entertainment,4622127.0,-10377873.0
3342,2024,47000000,120,0,Jaume Collet-Serra,0.7757,Taron Egerton,5.5431,Thriller,Action,Dylan Clark Productions,DreamWorks Pictures,General,PG-13,12,1,,,
3343,2024,35954590,104,0,Martin Campbell,1.3519,Eva Green,10.5737,Action,Drama,Millennium Media,Nu Boyana Film Studios,General,R,12,1,,,
3344,2024,50000000,133,0,Robert Eggers,1.6807,Lily-Rose Depp,2.8953,Horror,Fantasy,Focus Features,Studio 8,General,R,12,1,Focus Features,48120015.0,-1879985.0
3345,2024,125000000,127,0,David Leitch,1.2761,Ryan Gosling,7.8717,Action,Comedy,87North Productions,Entertainment 360,General,PG-13,4,0,Universal Pictures,35996920.0,-89003080.0
3346,2024,4400000,105,0,SK Dale,0.4437,Megan Fox,7.3324,Science Fiction,Horror,Millennium Media,Campbell Grobman Films,General,R,8,0,,,
3347,2024,85000000,121,1,Doug Liman,0.8618,Jake Gyllenhaal,7.9386,Action,Thriller,Silver Pictures,Amazon MGM Studios,Road House,R,3,0,,,
3348,2024,10000000,103,1,Ti West,0.6824,Mia Goth,6.0874,Horror,Thriller,A24,Motel Mojave,MaXXXine,R,7,0,A24,9705060.0,-294940.0
3349,2024,190000000,138,1,Todd Phillips,0.923,Joaquin Phoenix,5.028,Drama,Crime,Warner Bros. Pictures,Joint Effort,Joker,R,10,0,Warner Bros.,44556473.0,-145443527.0
3350,2024,28000000,109,0,Tyler Gillett,0.6263,Melissa Barrera,2.1137,Horror,Thriller,Project X Entertainment,Radio Silence,General,R,4,0,Universal Pictures,13537755.0,-14462245.0
3351,2024,25000000,131,0,Justin Baldoni,1.3272,Blake Lively,3.3428,Drama,Romance,Columbia Pictures,Wayfarer Studios,General,PG-13,8,0,Sony Pictures Releasing,73784697.0,48784697.0
3352,2024,28000000,127,1,Parker Finn,0.8334,Naomi Scott,3.8461,Horror,Mystery,Paramount Pictures,Temple Hill Entertainment,Smile,R,10,0,Paramount Pictures,31314005.0,3314005.0
3353,2024,19000000,107,0,Simon Cellan Jones,0.8105,Mark Wahlberg,13.7743,Adventure,Drama,Entertainment One,Tucker Tooley Entertainment,General,PG-13,2,0,Lionsgate,10270255.0,-8729745.0
3354,2024,75000000,104,0,Josh Cooley,0.605,Chris Hemsworth,7.7826,Animation,Science Fiction,Paramount Animation,di Bonaventura Pictures,General,PG,9,0,Paramount Pictures,29864458.0,-45135542.0
3355,2024,67000000,100,0,Michael Sarnoski,0.7506,Lupita Nyong'o,3.5366,Horror,Science Fiction,Paramount Pictures,Platinum Dunes,General,PG-13,6,0,Paramount Pictures,73358859.0,6358859.0
3356,2024,115000000,101,0,Eli Roth,1.505,Cate Blanchett,3.8576,Action,Science Fiction,Lionsgate,Arad Productions,General,PG-13,8,0,Lionsgate,11192237.0,-103807763.0
3357,2024,20000000,115,0,Halina Reijn,0.6262,Nicole Kidman,8.5751,Drama,Romance,A24,2AM,General,R,12,1,A24,9186495.0,-10813505.0
3358,2024,50000000,109,0,Alex Garland,1.104,Kirsten Dunst,6.0727,War,Action,DNA Films,IPR.VC,General,R,4,0,A24,33756661.0,-16243339.0
3359,2024,30000000,104,0,J.J. Perry,0.6129,Dave Bautista,5.7719,Action,Comedy,Dogbone Entertainment,Mad Chance,General,R,9,0,Lionsgate,3826997.0,-26173003.0
3360,2024,10000000,121,0,Dev Patel,2.2607,Dev Patel,2.2607,Action,Thriller,Thunder Road,Bron Studios,General,R,4,0,Universal Pictures,13665255.0,3665255.0
3361,2024,30000000,134,0,Kenji Kamiyama,0.6352,Brian Cox,3.074,Animation,Fantasy,New Line Cinema,Warner Bros. Animation,General,PG-13,12,1,Warner Bros.,6100171.0,-23899829.0
3362,2024,60000000,120,0,Guy Ritchie,2.8818,Henry Cavill,7.6605,Action,Comedy,Jerry Bruckheimer Films,Black Bear Pictures,General,R,4,0,Lionsgate,11588667.0,-48411333.0
3363,2024,10000000,101,0,Osgood Perkins,1.2385,Maika Monroe,2.5424,Crime,Horror,C2 Motion Picture Group,Saturn Films,General,R,7,0,Neon,32950532.0,22950532.0
3364,2024,30000000,96,0,Charles Stone III,0.3125,Snoop Dogg,2.2642,Comedy,,Death Row Pictures,Khalabo Ink Society,General,R,1,0,,,
3365,2024,15000000,110,0,James Watkins,1.046,James McAvoy,3.6316,Horror,Thriller,Blumhouse Productions,,General,R,9,0,Universal Pictures,15554590.0,554590.0
3366,2024,83000000,121,1,Zack Snyder,5.3725,Sofia Boutella,3.4706,Science Fiction,Action,The Stone Quarry,Grand Electric,Rebel Moon,PG-13,4,0,,,
3367,2024,20000000,120,0,Edward Berger,0.7257,Ralph Fiennes,4.5451,Drama,Thriller,FilmNation Entertainment,Indian Paintbrush,General,PG,10,0,Focus Features,9921960.0,-10078040.0
3368,2024,99000000,105,1,Tim Burton,2.9308,Michael Keaton,2.9912,Comedy,Fantasy,Warner Bros. Pictures,Geffen Pictures,Beetlejuice Beetlejuice,PG-13,9,0,Warner Bros.,136406079.0,37406079.0
3369,2024,8000000,92,0,Spenser Cohen,0.761,Harriet Slater,1.0568,Horror,,Screen Gems,Alloy Entertainment,General,PG-13,5,0,Screen Gems,8565419.0,565419.0
3370,2024,55000000,132,0,Luca Guadagnino,2.1099,Zendaya,6.4686,Drama,Romance,Pascal Pictures,Why Are You Acting? Productions,General,R,4,0,Amazon MGM Studios,21819429.0,-33180571.0
3371,2024,36000000,113,0,Arturo Perez Jr.,0.0744,Angourie Rice,2.2493,Comedy,,Little Stranger,Broadway Video,General,PG-13,1,0,Paramount Pictures,38348633.0,2348633.0
3372,2024,3200000,103,1,Ali Zamani,0.3063,Josh Burdett,0.1237,Horror,Action,AZ Film Studios,Bossa Nova Productions,Angels Fallen,NR,7,0,,,
3373,2024,22000000,96,0,Joshua John Miller,0.3619,Russell Crowe,4.5456,Horror,Thriller,Miramax,Outerbanks Entertainment,General,R,5,0,Vertical Entertainment,3669531.0,-18330469.0
3374,2024,12000000,86,0,E.L. Katz,0.7505,Samara Weaving,4.9274,Action,Horror,C2 Motion Picture Group,Traffic.,General,R,9,0,Shudder,401441.0,-11598559.0
3375,2024,30000000,119,1,Arkasha Stevenson,1.2522,Nell Tiger Free,1.1554,Horror,,Phantom Four,20th Century Studios,The First Omen,R,4,0,20th Century Studios,10857113.0,-19142887.0
3376,2024,155000000,123,1,Lee Isaac Chung,0.5748,Daisy Edgar-Jones,5.4354,Action,Thriller,Universal Pictures,Warner Bros. Pictures,Twisters,PG-13,7,0,Universal Pictures,119631140.0,-35368860.0
3377,2024,11500000,89,0,Justin Routt,0.0802,Jason Patric,1.6248,Action,Crime,Convergence Entertainment,TPC,General,R,10,0,,,
3378,2024,50000000,111,0,Rupert Sanders,0.3187,Bill Skarsgård,16.2748,Action,Fantasy,Davis Films,Pressman Film,General,R,8,0,Lionsgate,6331351.0,-43668649.0
3379,2024,4000000,98,0,JT Mollner,0.7077,Willa Fitzgerald,4.8244,Horror,Thriller,Miramax,Spooky Pictures,General,R,8,0,,1844504.0,-2155496.0
3380,2024,14500000,92,0,Colm McCarthy,0.1715,Sam Claflin,4.5905,Horror,Thriller,Lionsgate,Temple Hill Entertainment,General,PG-13,9,0,,,
3381,2024,30000000,114,0,Clint Eastwood,4.2252,Nicholas Hoult,8.1208,Drama,Thriller,Warner Bros. Pictures,Malpaso Productions,General,PG-13,10,0,,,
3382,2024,8500000,91,1,Renny Harlin,1.0392,Madelaine Petsch,3.2778,Horror,Thriller,Fifth Element Productions,Sherbone Media,The Strangers,R,5,0,Lionsgate,15733988.0,7233988.0
3383,2024,3000000,112,0,Adam Rehmeier,0.2847,Conor Sherry,0.4132,Comedy,,T-Street,Paperclip,General,R,3,0,Republic Pictures,405672.0,-2594328.0
3384,2024,20000000,98,0,Marielle Heller,0.7801,Amy Adams,5.3101,Comedy,Horror,Annapurna Pictures,Bond Group Entertainment,General,R,12,1,,,
3385,2024,20000000,116,0,Justin Kurzel,0.2038,Jude Law,4.5652,Crime,Drama,Riff Raff Entertainment,Chasing Epic Pictures,General,R,12,1,Vertical Entertainment,1273384.0,-18726616.0
3386,2024,40000000,90,0,Carlos Saldanha,0.3712,Zachary Levi,1.9849,Family,Comedy,Davis Entertainment,Columbia Pictures,General,PG,7,0,Columbia Pictures,9788803.0,-30211197.0
3387,2024,30000000,105,0,M. Night Shyamalan,2.3284,Josh Hartnett,3.5761,Crime,Thriller,Blinding Edge Pictures,,General,PG-13,7,0,Warner Bros.,21951303.0,-8048697.0
3388,2024,2000000,93,0,Cameron Cairnes,0.7994,David Dastmalchian,2.273,Horror,,Spooky Pictures,Future Pictures,General,R,3,0,IFC Films,4088758.0,2088758.0
3389,2024,80000000,117,0,S.J. Clarkson,0.2917,Dakota Johnson,9.3955,Action,Fantasy,Columbia Pictures,di Bonaventura Pictures,General,PG-13,2,0,Columbia Pictures,27783405.0,-52216595.0
3390,2024,40000000,104,0,Robert Zemeckis,1.7739,Tom Hanks,14.407,Drama,,Miramax,ImageMovers,General,PG-13,10,0,Sony Pictures Releasing,7076565.0,-32923435.0
3391,2024,20000000,102,0,Zoë Kravitz,3.9151,Naomi Ackie,1.2048,Mystery,Thriller,Free Association,This Is Important,General,R,8,0,Amazon MGM Studios,10653550.0,-9346450.0
3392,2024,80000000,108,0,Jon Watts,0.8295,George Clooney,5.2692,Crime,Comedy,Smokehouse Pictures,Plan B Entertainment,General,R,9,0,,,
3393,2024,18000000,91,0,George Nolfi,0.6533,Anthony Mackie,5.1843,Action,Science Fiction,Lyrical Media,Grinder Monkey,General,R,11,1,Vertical Entertainment,1743658.0,-16256342.0
3394,2024,7000000,103,0,Tilman Singer,0.2582,Hunter Schafer,3.6248,Horror,Mystery,Waypoint Entertainment,Fiction Park,General,R,2,0,Neon,4450887.0,-2549113.0
3395,2024,100000000,118,0,Brad Peyton,0.3599,Jennifer Lopez,3.938,Science Fiction,Action,Safehouse Pictures,ASAP Entertainment,General,PG-13,5,0,,,
3396,2024,836057,95,0,Anna Kendrick,4.3959,Anna Kendrick,4.3959,Crime,Drama,BoulderLight Pictures,Vertigo Entertainment,General,R,10,0,,,
3397,2024,100000000,115,1,Gil Kenan,0.7812,Mckenna Grace,10.4672,Fantasy,Adventure,Ghost Corps,Columbia Pictures,Ghostbusters,PG-13,3,0,Sony Pictures Releasing,57701133.0,-42298867.0
3398,2024,13400000,102,0,Zelda Williams,0.7767,Kathryn Newton,3.8152,Horror,Comedy,Focus Features,MXN Entertainment,General,PG-13,2,0,Focus Features,5634150.0,-7765850.0
3399,2024,40000000,116,0,Jeff Nichols,0.6699,Jodie Comer,3.0345,Crime,Drama,Tri-State Pictures,New Regency Pictures,General,R,6,0,Focus Features,12904765.0,-27095235.0
3400,2024,30000000,112,0,Hans Petter Moland,0.5787,Liam Neeson,7.5562,Action,Crime,Electromagnetic Productions,Sculptor Media,General,R,10,0,The Samuel Goldwyn Company,2055559.0,-27944441.0
3401,2024,10000000,104,0,Rose Glass,0.5917,Kristen Stewart,6.9117,Crime,Romance,Film4 Productions,Escape Plan,General,R,3,0,A24,276618.0,-9723382.0
3402,2024,8000000,84,0,Alejandro Brugués,0.4769,Bob Gunton,1.8365,Horror,,Paul Schiff Productions,,General,NR,7,0,,,
3403,2024,30000000,102,0,Ishana Night Shyamalan,0.3935,Dakota Fanning,7.9341,Fantasy,Horror,Blinding Edge Pictures,Inimitable Pictures,General,PG-13,6,0,Warner Bros.,10000279.0,-19999721.0
3404,2024,65000000,140,0,James Mangold,0.8538,Timothée Chalamet,6.9868,Drama,Music,Veritas Entertainment Group,Range Media Partners,General,R,12,1,Searchlight Pictures,28501840.0,-36498160.0
3405,2024,12000000,84,0,Chris Weitz,0.5979,John Cho,1.4577,Horror,Science Fiction,Blumhouse Productions,Depth of Field,General,PG-13,8,0,Sony Pictures Releasing,5197743.0,-6802257.0
3406,2024,40000000,129,0,Joachim Rønning,1.1432,Daisy Ridley,4.0169,History,Drama,Walt Disney Pictures,Jerry Bruckheimer Films,General,PG,5,0,Walt Disney Studios Motion Pictures,500000.0,-39500000.0
3407,2024,8800000,116,0,Richard Linklater,1.5973,Glen Powell,6.6686,Comedy,Romance,Aggregate Films,BarnStorm Productions,General,R,5,0,,,
3408,2024,15000000,98,0,Bryce McGuire,0.4208,Wyatt Russell,2.3517,Horror,,Atomic Monster,Blumhouse Productions,General,PG-13,1,0,Universal Pictures,14510415.0,-489585.0
3409,2024,7000000,90,0,Christian Sesma,0.2057,Frank Grillo,3.8106,Action,Thriller,Firebrand,Destination Films,General,R,2,0,Warner Bros.,32067032.0,25067032.0
3410,2024,40000000,108,0,Johan Renck,0.4902,Adam Sandler,4.1529,Science Fiction,Adventure,Free Association,Tango Entertainment,General,R,2,0,,,
3411,2024,20000000,101,0,Alexandre Aja,0.4412,Halle Berry,6.2711,Horror,,Lionsgate,21 Laps Entertainment,General,R,9,0,Lionsgate,6052523.0,-13947477.0
3412,2024,3000000,90,0,Jesse Eisenberg,4.9929,Jesse Eisenberg,4.9929,Comedy,Drama,Fruit Tree,Topic Studios,General,R,11,1,Searchlight Pictures,318216.0,-2681784.0
3413,2024,50000000,142,0,Alejandro Monteverde,0.275,Cristiana Dell'Anna,1.1042,History,Drama,Santa Fe Films,Lupin Film,General,PG-13,3,0,Angel,10188926.0,-39811074.0
3414,2024,5000000,98,0,Josh Margolin,0.2597,June Squibb,1.0545,Action,Comedy,Zurich Avenue,Invention Studios,General,PG-13,6,0,The Orchard,2228556.0,-2771444.0
3415,2024,13000000,118,0,Jon Gunn,0.985,Hilary Swank,2.281,Drama,,Kingdom Story Company,Vertigo Entertainment,General,PG,2,0,Lionsgate,8711122.0,-4288878.0
3416,2024,4000000,93,0,Jade Halley Bartlett,0.2662,Jenna Ortega,15.7221,Thriller,Drama,Point Grey Pictures,Lionsgate,General,R,1,0,,,
3417,2024,25000000,141,0,Sean McNamara,0.747,Dennis Quaid,3.3957,History,Drama,Rawhide Pictures,Voltage Pictures,General,PG-13,8,0,Showbiz Direct,13300040.0,-11699960.0
3418,2024,15000000,164,0,Yorgos Lanthimos,2.3406,Emma Stone,8.3629,Drama,Comedy,Searchlight Pictures,Film4 Productions,General,R,5,0,Searchlight Pictures,512762.0,-14487238.0
3419,2024,9000000,89,0,Michael Mohan,0.5959,Sydney Sweeney,21.2483,Horror,Mystery,Black Bear Pictures,Fifty-Fifty Films,General,R,3,0,Neon,7863192.0,-1136808.0
3420,2024,6000000,113,0,Richard Ramsey,0.0404,Joel Smallbone,0.5082,Drama,Music,for KING & COUNTRY,WTA Media,General,PG,4,0,Lionsgate,10143890.0,4143890.0
3421,2024,150000000,115,1,Mark Molloy,0.0546,Eddie Murphy,4.9959,Action,Comedy,Don Simpson/Jerry Bruckheimer Films,Eddie Murphy Productions,Beverly Hills Cop,R,6,0,,,
3422,2024,20000000,100,0,Brian Taylor,0.9661,Jack Kesy,1.0127,Fantasy,Horror,Dark Horse Entertainment,Millennium Media,General,R,8,0,,,
3423,2024,3500000,95,0,Max Eggers,0.4818,Brandy Norwood,1.7145,Horror,,A24,2AM,General,R,9,0,A24,2243965.0,-1256035.0
3424,2024,2000000,107,0,Greg Kwedar,0.741,Colman Domingo,2.6103,Drama,,Black Bear Pictures,Edith Productions,General,R,7,0,A24,170052.0,-1829948.0
3425,2024,100000000,132,0,Greg Berlanti,0.7794,Scarlett Johansson,27.1876,Romance,Comedy,These Pictures,Berlanti Productions,General,PG-13,7,0,Columbia Pictures,13020144.0,-86979856.0
3426,2024,100000000,87,0,Liza Johnson,0.2372,Carolyn Lawrence,0.5987,Family,Comedy,Nickelodeon Movies,,General,G,10,0,,,
3427,2024,70000000,93,1,Jeff Wamester,0.157,Matt Bomer,2.8342,Animation,Science Fiction,DC Entertainment,Warner Bros. Animation,Justice League,PG-13,1,0,,,
3428,2024,17000000,100,1,Olivier Masset-Depasse,0.0772,Tomer Sisley,0.7968,Action,Adventure,Pan-Européenne,Versus Production,The Price of Money,NR,7,0,,,
3429,2024,30000000,126,0,John Woo,1.7661,Nathalie Emmanuel,4.2646,Action,Thriller,Universal Pictures,Atlas Entertainment,General,R,8,0,Wide Lens Pictures,97067.0,-29902933.0
3430,2024,18000000,110,0,Moritz Mohr,0.2069,Bill Skarsgård,16.2748,Crime,Thriller,Vertigo Entertainment,Hammerstone Studios,General,R,4,0,Roadside Attractions,2205504.0,-15794496.0
3431,2024,25000000,109,0,Jason Reitman,1.1694,Gabriel LaBelle,0.8567,Comedy,Drama,Columbia Pictures,Right of Way Films,General,R,9,0,Sony Pictures Releasing,358249.0,-24641751.0
3432,2024,6500000,96,0,Ariel Vromen,0.2077,Tyrese Gibson,3.6074,Crime,Thriller,Trident Films,Death Row Pictures,General,R,8,0,Lionsgate,2137463.0,-4362537.0
3433,2024,70000000,104,0,Reinaldo Marcus Green,0.4778,Kingsley Ben-Adir,0.9447,Music,History,Paramount Pictures,Tuff Gong Pictures,General,PG-13,2,0,Paramount Pictures,54420777.0,-15579223.0
3434,2024,20000000,90,0,Dimitri Logothetis,0.2528,Luke Hemsworth,2.0186,Action,Thriller,magiCity Studios,120dB Films,General,NR,8,0,,,
3435,2024,5000000,111,0,Ben Smallbone,0.2643,Dawn Olivieri,2.8249,Drama,,Angel Studios,Black Autumn Show,General,PG-13,12,1,Angel,9700375.0,4700375.0
3436,2024,40000000,129,0,Jeymes Samuel,0.5521,LaKeith Stanfield,2.6452,Adventure,Comedy,Legendary Pictures,Kilburn Lane,General,PG-13,1,0,Sony Pictures Releasing,3572549.0,-36427451.0
3437,2024,1303000,105,0,Ross W. Clarkson,0.8031,Mathis Landwehr,0.2458,Action,Thriller,Lowe Media,,General,NR,5,0,,,
3438,2024,5000000,100,0,Tony Goldwyn,2.1782,Bobby Cannavale,2.3336,Comedy,Drama,Closer Media,Wayfarer Studios,General,R,5,0,Bleecker Street Media,1782031.0,-3217969.0
3439,2024,5000000,111,0,Hallie Meyers-Shyer,0.2179,Michael Keaton,2.9912,Comedy,Drama,C2 Motion Picture Group,Stay Gold Features,General,R,10,0,Ketchup Entertainment,1044772.0,-3955228.0
3440,2024,8000000,84,0,Ethan Coen,0.7866,Margaret Qualley,8.0513,Comedy,Crime,Focus Features,Working Title Films,General,R,2,0,Focus Features,3323570.0,-4676430.0
3441,2024,120000000,138,0,Francis Ford Coppola,1.3812,Adam Driver,2.1578,Science Fiction,Drama,American Zoetrope,Caesar Film,General,R,9,0,Lionsgate,5450408.0,-114549592.0
3442,2024,10000000,100,0,Jane Schoenbrun,0.291,Justice Smith,3.1753,Drama,Horror,A24,Fruit Tree,General,PG-13,5,0,A24,172654.0,-9827346.0
3443,2024,13800000,96,0,Gabriela Cowperthwaite,0.4557,Ariana DeBose,1.0309,Science Fiction,Thriller,LD Entertainment,,General,R,1,0,Bleecker Street Media,4202222.0,-9597778.0
3444,2024,12000000,109,0,Rachel Morrison,0.1883,Ryan Destiny,0.9551,Drama,History,Amazon MGM Studios,,General,PG-13,12,1,Amazon MGM Studios,5021220.0,-6978780.0
3445,2024,5000000,123,0,Alex Kendrick,0.3981,Aspen Kennedy Wilson,0.3487,Drama,Family,Affirm Films,Kendrick Brothers,General,PG,8,0,Affirm Films,9713273.0,4713273.0
3446,2024,50000000,182,1,Kevin Costner,6.6546,Kevin Costner,6.6546,Western,Drama,Territory Pictures,,Horizon,R,6,0,Warner Bros.,16710707.0,-33289293.0
3447,2024,13000000,94,0,Isaac Florentine,0.4991,Frank Grillo,3.8106,Action,Thriller,Juggernaut Productions,,General,NR,8,0,,,
3448,2024,3000000,89,0,Megan Park,1.0036,Maisy Stella,1.0669,Comedy,Drama,Indian Paintbrush,LuckyChap Entertainment,General,R,9,0,Amazon MGM Studios,230460.0,-2769540.0
3449,2024,15000000,101,1,Jonathan A. Rosenbaum,0.4484,Eric Bauza,0.8383,Family,Comedy,Universal 1440 Entertainment,Universal Animation Studios,Woody Woodpecker Goes to Camp,PG,4,0,,,
3450,2024,23200000,140,0,RaMell Ross,0.7276,Ethan Herisse,0.2047,Drama,History,Plan B Entertainment,Louverture Films,General,PG-13,12,1,Amazon MGM Studios,82779.0,-23117221.0
3451,2024,12000000,104,0,Julio Torres,0.618,Julio Torres,0.618,Comedy,,A24,Fruit Tree,General,R,3,0,A24,179998.0,-11820002.0
3452,2024,963703,114,0,Michael Keaton,2.9912,Michael Keaton,2.9912,Action,Crime,Brookstreet Pictures,TPC,General,R,3,0,,,
3453,2024,3700000,104,0,Pamela Adlon,2.1519,Ilana Glazer,0.7562,Comedy,,FilmNation Entertainment,Range Media Partners,General,R,5,0,Neon,227799.0,-3472201.0
3454,2024,16000000,122,0,Ali Abbasi,0.7911,Sebastian Stan,4.0314,History,Drama,Gidden Media,Head Gear Films,General,R,10,0,Briarcliff Entertainment,2577012.0,-13422988.0
3455,2024,70000000,91,0,Jake Johnson,2.2282,Jake Johnson,2.2282,Comedy,Thriller,The Lonely Island,Walcott Productions,General,R,1,0,,,
3456,2024,15000000,91,0,Kyle Mooney,0.442,Jaeden Martell,3.0851,Comedy,Horror,A24,Strong Baby Productions,General,R,12,1,A24,2113923.0,-12886077.0
3457,2024,10000000,99,0,Dallas Jenkins,0.5973,Judy Greer,3.1609,Comedy,Drama,Kingdom Story Company,FletChet Entertainment,General,PG,11,1,Lionsgate,14552121.0,4552121.0
3458,2024,53400000,138,0,Luca Guadagnino,2.1099,Daniel Craig,4.4069,Drama,Romance,Fremantle,The Apartment Pictures,General,R,11,1,A24,362682.0,-53037318.0
3459,2024,8500000,130,0,Joshua Weigel,0.2066,Demetrius Grosse,1.1107,Drama,,Peacetree Productions,3.16 Productions,General,PG-13,7,0,Angel,8091725.0,-408275.0
3460,2024,13000000,104,0,Jeff Wadlow,0.5543,DeWanda Wise,1.5152,Horror,Mystery,Blumhouse Productions,Tower of Babble Entertainment,General,PG-13,3,0,Lionsgate,13481668.0,481668.0
3461,2024,650000,123,1,Michael Leavy,0.4883,Jeffrey Combs,1.1782,Horror,Action,Fuzz on the Lens Productions,,Stream,R,8,0,,,
3462,2024,16000000,93,0,Morgan Neville,0.2469,Pharrell Williams,0.3765,Animation,Family,i am OTHER,The LEGO Group,General,PG,10,0,Focus Features,5501985.0,-10498015.0
3463,2024,150000,108,0,Mike Cheslik,0.3714,Ryland Brickson Cole Tews,0.1471,Comedy,Adventure,SRH,,General,NR,1,0,SRH,,
3464,2024,10000000,100,0,Chris Pine,3.2276,Chris Pine,3.2276,Mystery,Comedy,AGC Studios,Barry Linen Motion Pictures,General,R,5,0,Vertical Entertainment,131000.0,-9869000.0
3465,2024,2000000,89,0,Gia Coppola,0.5988,Pamela Anderson,2.2662,Drama,,Utopia,Pinky Promise,General,R,12,1,Roadside Attractions,50300.0,-1949700.0
3466,2024,3000000,101,0,Justin Folk,0.6435,Matt Walsh,0.2181,Comedy,Documentary,The Daily Wire,Digital Astronaut,General,PG-13,9,0,SDG Releasing,6471507.0,3471507.0
3467,2024,1500000,144,0,Tobias Forge,0.2691,Tobias Forge,0.2691,Music,Documentary,Trafalgar Releasing,Fortress Entertainment Group,General,NR,6,0,,,
3468,2025,180000000,107,1,Jared Bush,1.1642,Ginnifer Goodwin,6.9886,Animation,Family,Walt Disney Animation Studios,Walt Disney Animation Studios,Zootopia,PG,11,1,,,
3469,2025,120000000,150,0,Guillermo del Toro,6.6062,Oscar Isaac,6.0141,Drama,Horror,Double Dare You,Demilo Films,General,R,10,0,,,
3470,2025,150000000,137,1,Jon M. Chu,2.3895,Ariana Grande,5.8892,Fantasy,Adventure,Universal Pictures,Marc Platt Productions,Wicked,PG,11,1,,,
3471,2025,130000000,162,0,Paul Thomas Anderson,2.719,Leonardo DiCaprio,7.7581,Action,Thriller,Warner Bros. Pictures,Ghoulardi Film Company,General,R,9,0,IMAX,31626146.0,-98373854.0
3472,2025,105000000,107,1,Dan Trachtenberg,1.0767,Elle Fanning,27.711,Action,Science Fiction,20th Century Studios,Lawrence Gordon Productions,Predator,PG-13,11,1,Walt Disney Studios Motion Pictures,53304860.0,-51695140.0
3473,2025,90000000,112,1,Ruben Fleischer,1.0433,Jesse Eisenberg,4.9929,Thriller,Crime,Lionsgate,Cohen Pictures,Now You See Me,PG-13,11,1,Lionsgate,27709120.0,-62290880.0
3474,2025,50000000,119,0,Yorgos Lanthimos,2.3406,Emma Stone,8.3629,Comedy,Crime,Element Pictures,Square Peg,General,R,10,0,Focus Features,1014950.0,-48985050.0
3475,2025,30000000,114,1,Scott Derrickson,1.3249,Ethan Hawke,8.4233,Horror,Thriller,Blumhouse Productions,Crooked Highway,Black Phone,R,10,0,Universal Pictures,36053395.0,6053395.0
3476,2025,10000000,104,0,Clint Bentley,1.6335,Joel Edgerton,4.394,Drama,,Kamala Films,Black Bear Pictures,General,PG-13,11,1,,,
3477,2025,30000000,116,0,Josh Boone,0.6373,Mckenna Grace,10.4672,Romance,Drama,Harbinger Pictures,Frayed Pages Media,General,PG-13,10,0,Paramount Pictures International,19434159.0,-10565841.0
3478,2025,100000000,96,0,Chris Appelhans,1.098,Arden Cho,1.9662,Fantasy,Music,Sony Pictures Animation,,General,PG,6,0,Netflix,18000000.0,-82000000.0
3479,2025,1400000,91,0,Chris Stuckmann,0.2792,Camille Sullivan,0.8923,Horror,Mystery,Paper Street Pictures,Intrepid Pictures,General,R,10,0,Neon,3180063.0,1780063.0
3480,2025,55000000,136,1,Michael Chaves,1.0006,Vera Farmiga,6.1041,Horror,,New Line Cinema,Atomic Monster,The Conjuring,R,9,0,Warner Bros.,104953084.0,49953084.0
3481,2025,80000000,139,0,Luca Guadagnino,2.1099,Julia Roberts,6.2251,Drama,,Frenesy Film,Imagine Entertainment,General,R,10,0,Amazon MGM Studios,216795.0,-79783205.0
3482,2025,200000000,115,0,Matt Shakman,0.9325,Pedro Pascal,11.8081,Science Fiction,Adventure,Marvel Studios,Kevin Feige Productions,General,PG-13,7,0,,,
3483,2025,18000000,126,0,Derek Cianfrance,0.2983,Channing Tatum,4.8758,Comedy,Drama,Limelight,High Frequency Entertainment,General,R,10,0,Paramount Pictures International,11816460.0,-6183540.0
3484,2025,400000000,170,1,Christopher McQuarrie,0.7084,Tom Cruise,8.76,Action,Thriller,Paramount Pictures,Skydance Media,Mission,PG-13,5,0,Paramount Pictures International,95318108.0,-304681892.0
3485,2025,110000000,133,0,Edgar Wright,2.3907,Glen Powell,6.6686,Action,Thriller,Paramount Pictures,Complete Fiction,General,R,11,1,Paramount Pictures International,21248103.0,-88751897.0
3486,2025,180000000,134,1,Gareth Edwards,0.4276,Scarlett Johansson,27.1876,Science Fiction,Adventure,Universal Pictures,Amblin Entertainment,Jurassic World Rebirth,PG-13,7,0,,,
3487,2025,26000000,110,0,James Kent,0.3913,Kate Beckinsale,10.0026,Thriller,Action,Voltage Pictures,Vigorous Pictures,General,R,9,0,,,
3488,2025,60000000,105,0,J.J. Perry,0.6129,Dave Bautista,5.7719,Science Fiction,Action,Endurance Media,G-BASE,General,R,8,0,,,
3489,2025,250000000,156,0,Joseph Kosinski,1.6843,Brad Pitt,9.031,Action,Drama,Plan B Entertainment,Jerry Bruckheimer Films,General,PG-13,6,0,,,
3490,2025,225000000,130,1,James Gunn,3.2228,David Corenswet,3.9604,Science Fiction,Adventure,DC Studios,Troll Court Entertainment,Superman,PG-13,7,0,Warner Bros.,177783462.0,-47216538.0
3491,2025,150000000,125,1,Dean DeBlois,0.9633,Mason Thames,8.513,Fantasy,Family,DreamWorks Animation,Marc Platt Productions,How to Train Your Dragon,PG,6,0,DreamWorks,186611167.0,36611167.0
3492,2025,25000000,89,1,Timo Tjahjanto,1.0325,Bob Odenkirk,3.4088,Action,Thriller,Universal Pictures,87North Productions,Nobody,R,8,0,Universal Pictures International (UPI),12846585.0,-12153415.0
3493,2025,42000000,85,0,Akiva Schaffer,0.8737,Liam Neeson,7.5562,Action,Comedy,Fuzzy Door Productions,Paramount Pictures,General,PG-13,7,0,Paramount Pictures International,24634738.0,-17365262.0
3494,2025,80000000,104,1,Pierre Perifel,1.029,Sam Rockwell,3.1889,Family,Comedy,DreamWorks Animation,,The Bad Guys,PG,7,0,Universal Pictures,33009480.0,-46990520.0
3495,2025,180000000,119,1,Joachim Rønning,1.1432,Jared Leto,3.717,Science Fiction,Adventure,Walt Disney Pictures,Sean Bailey Productions,TRON,PG-13,10,0,,,
3496,2025,90000000,125,0,Len Wiseman,1.4315,Ana de Armas,11.3212,Action,Thriller,Thunder Road,87Eleven,General,R,6,0,Lionsgate,32432471.0,-57567529.0
3497,2025,8000000,98,1,Renny Harlin,1.0392,Madelaine Petsch,3.2778,Horror,Thriller,Lionsgate,Fifth Element Productions,The Strangers,R,9,0,Lionsgate,7892194.0,-107806.0
3498,2025,100000000,108,1,Dean Fleischer Camp,0.6849,Maia Kealoha,0.9224,Family,Science Fiction,Walt Disney Pictures,Rideback,Lilo & Stitch,PG,5,0,Walt Disney Studios Motion Pictures,217121482.0,117121482.0
3499,2025,20000000,108,0,Francis Lawrence,1.872,Cooper Hoffman,0.8328,Thriller,Science Fiction,Lionsgate,about:blank,General,R,9,0,Lionsgate,16419334.0,-3580666.0
3500,2025,100,117,0,Ilya Naishuller,1.3718,John Cena,4.3502,Action,Thriller,The Safran Company,Big Indie Pictures,General,PG-13,6,0,,,
3501,2025,70000000,128,0,Scott Derrickson,1.3249,Miles Teller,4.2421,Romance,Science Fiction,Skydance Media,Crooked Highway,General,PG-13,2,0,,,
3502,2025,150000000,98,0,Madeline Sharafian,0.2377,Yonas Kibreab,0.4783,Family,Comedy,Pixar,,General,PG,6,0,Walt Disney Studios Motion Pictures,31525747.0,-118474253.0
3503,2025,150000000,101,1,Jared Hess,1.1654,Jason Momoa,9.7049,Family,Fantasy,Warner Bros. Pictures,Legendary Pictures,A Minecraft Movie,PG,3,0,Warner Bros.,200361733.0,50361733.0
3504,2025,2500000,125,0,Shane Black,0.9573,Mark Wahlberg,13.7743,Crime,,Team Downey,Amazon MGM Studios,General,R,9,0,,,
3505,2025,10000000,86,0,Steve Barnett,0.0986,Chase Stokes,1.9206,War,Thriller,Monarch Media,Goldmann Pictures,General,R,1,0,Briarcliff Entertainment,1027402.0,-8972598.0
3506,2025,50000000,110,1,Zach Lipovsky,0.8286,Kaitlyn Santa Juana,1.4427,Horror,Mystery,New Line Cinema,Practical Pictures,Final Destination Bloodlines,R,5,0,,,
3507,2025,42000000,110,1,Nisha Ganatra,0.24,Lindsay Lohan,3.0292,Comedy,Fantasy,Walt Disney Pictures,Burr! Productions,Freakier Friday,PG,8,0,Walt Disney Studios Motion Pictures,40276337.0,-1723663.0
3508,2025,38000000,129,1,Zach Cregger,1.0632,Julia Garner,2.2811,Horror,Mystery,New Line Cinema,Subconscious,Weapons,R,8,0,Warner Bros.,64044723.0,26044723.0
3509,2025,90000000,138,0,Ryan Coogler,2.021,Michael B. Jordan,3.9987,Horror,Action,Warner Bros. Pictures,Proximity Media,General,R,4,0,Warner Bros.,77526427.0,-12473573.0
3510,2025,25000000,120,1,Gerard Johnstone,0.5324,Allison Williams,3.5357,Action,Science Fiction,Blumhouse Productions,Atomic Monster,M3GAN 2.0,PG-13,6,0,Universal Pictures,14750035.0,-10249965.0
3511,2025,50000000,123,0,Benny Safdie,1.4339,Dwayne Johnson,5.6007,History,Drama,A24,Seven Bucks Productions,General,R,10,0,A24,8010457.0,-41989543.0
3512,2025,40000000,116,0,David Ayer,1.0222,Jason Statham,18.2824,Action,Crime,Cedar Park Entertainment,BlockFilm,General,R,3,0,Amazon MGM Studios,20539948.0,-19460052.0
3513,2025,180000000,127,0,Jake Schreier,0.4085,Florence Pugh,6.5983,Action,Science Fiction,Marvel Studios,Kevin Feige Productions,General,PG-13,4,0,Walt Disney Studios Motion Pictures,95354195.0,-84645805.0
3514,2025,2000000,113,0,Louis Mandylor,1.5082,Scott Adkins,5.6607,Action,War,Brand in Motion,Myriad Entertainment Corp.,General,NR,9,0,,,
3515,2025,30600000,105,0,Jay Roach,0.7561,Olivia Colman,4.272,Comedy,Drama,Searchlight Pictures,South of the River Pictures,General,R,8,0,Walt Disney Studios Motion Pictures,9484311.0,-21115689.0
3516,2025,1000000,94,0,Mercedes Bryce Morgan,0.3538,Alex Roe,1.5152,Horror,Thriller,LD Entertainment,Door Number 3 Films,General,R,10,0,Bleecker Street Media,1133631.0,133631.0
3517,2025,45000000,94,1,Jonathan Entwistle,0.4068,Jackie Chan,21.0428,Action,Adventure,Columbia Pictures,Sunswept Entertainment,Karate Kid,PG-13,5,0,Sony Pictures Releasing,26740816.0,-18259184.0
3518,2025,30000000,97,0,Aziz Ansari,10.5947,Keanu Reeves,11.5062,Comedy,Fantasy,Lionsgate,Media Capital Technologies,General,R,10,0,Lionsgate,8698756.0,-21301244.0
3519,2025,70000,73,0,Ben Leonberg,0.648,Indy,0.1943,Horror,Thriller,What’s Wrong with Your Dog,,General,PG-13,10,0,IFC Films,3503007.0,3433007.0
3520,2025,58000000,89,0,Chris Miller,0.7786,Rihanna,1.4196,Animation,Family,Paramount Animation,Marcy Media,General,PG,7,0,Paramount Pictures International,17387352.0,-40612648.0
3521,2025,180000000,119,1,Julius Onah,0.5256,Anthony Mackie,5.1843,Action,Thriller,Marvel Studios,Kevin Feige Productions,Captain America,PG-13,2,0,Walt Disney Studios Motion Pictures,113005738.0,-66994262.0
3522,2025,10000000,97,0,Drew Hancock,0.1761,Sophie Thatcher,4.7651,Horror,Science Fiction,BoulderLight Pictures,New Line Cinema,General,R,1,0,Warner Bros.,12467009.0,2467009.0
3523,2025,27000000,96,0,Justin Tipping,0.443,Marlon Wayans,3.4424,Horror,Mystery,Monkeypaw Productions,,General,R,9,0,,,
3524,2025,2000000,98,0,Sean Byrne,0.885,Hassie Harrison,2.4033,Horror,Thriller,LD Entertainment,Brouhaha Entertainment,General,R,6,0,IFC Films,2225674.0,225674.0
3525,2025,50000000,106,0,Shawn Simmons,0.2032,Samara Weaving,4.9274,Thriller,Action,20th Century Studios,Reese Wernick Productions,General,R,8,0,,,
3526,2025,11000000,125,0,Ronan Day-Lewis,0.0748,Daniel Day-Lewis,1.5748,Drama,,Focus Features,Plan B Entertainment,General,R,10,0,Focus Features,931250.0,-10068750.0
3527,2025,17000000,102,0,Michael Shanks,0.559,Dave Franco,5.1723,Horror,Romance,Picturestart,Tango Entertainment,General,R,7,0,Universal Pictures,13254244.0,-3745756.0
3528,2025,60000000,123,0,James Hawes,0.3097,Rami Malek,5.3732,Thriller,Action,20th Century Studios,Hutch Parker Entertainment,General,PG-13,4,0,20th Century Studios,20122711.0,-39877289.0
3529,2025,20000000,119,0,Lynne Ramsay,0.6828,Jennifer Lawrence,5.6721,Drama,Thriller,Excellent Cadaver,Sikelia Productions,General,R,10,0,MUBI,3998151.0,-16001849.0
3530,2025,118000000,137,0,Bong Joon Ho,1.3982,Robert Pattinson,5.3095,Science Fiction,Comedy,Warner Bros. Pictures,Plan B Entertainment,General,R,2,0,Warner Bros.,25777032.0,-92222968.0
3531,2025,25000000,91,0,Mel Gibson,4.9984,Mark Wahlberg,13.7743,Action,Thriller,Davis Entertainment,Icon Productions,General,R,1,0,Lionsgate,15307918.0,-9692082.0
3532,2025,20000000,95,0,Ray Mendoza,0.6165,D'Pharaoh Woon-A-Tai,0.5999,War,Action,DNA Films,A24,General,R,4,0,A24,12265197.0,-7734803.0
3533,2025,10000000,97,0,Osgood Perkins,1.2385,Theo James,8.141,Horror,Comedy,Atomic Monster,C2 Motion Picture Group,General,R,2,0,Neon,18241349.0,8241349.0
3534,2025,270000000,109,0,Marc Webb,0.7434,Rachel Zegler,2.0467,Family,Fantasy,Walt Disney Pictures,Marc Platt Productions,General,PG,3,0,Walt Disney Studios Motion Pictures,52614583.0,-217385417.0
3535,2025,20000000,116,0,Celine Song,0.409,Dakota Johnson,9.3955,Romance,Drama,A24,Killer Films,General,R,6,0,A24,18104632.0,-1895368.0
3536,2025,25000000,148,0,Ari Aster,1.6338,Joaquin Phoenix,5.028,Western,Comedy,A24,Square Peg,General,R,7,0,A24,6439692.0,-18560308.0
3537,2025,20000000,105,0,Simon West,0.9977,Rebel Wilson,2.349,Action,Comedy,Balcony 9 Productions,Colleen Camp Productions,General,R,6,0,,,
3538,2025,40000000,107,0,Darren Aronofsky,1.0906,Austin Butler,4.4267,Crime,Thriller,Protozoa Pictures,TSG Entertainment,General,R,8,0,Sony Pictures Releasing,11700662.0,-28299338.0
3539,2025,40000000,89,0,Peter Hastings,0.1909,Peter Hastings,0.1909,Family,Comedy,DreamWorks Animation,,General,PG,1,0,Universal Pictures,40401650.0,401650.0
3540,2025,18000000,97,0,Josh Ruben,0.4504,Olivia Holt,2.9264,Horror,Comedy,Spyglass Media Group,Divide / Conquer,General,R,2,0,Paramount Pictures International,11530801.0,-6469199.0
3541,2025,18000000,111,1,Jennifer Kaytin Robinson,0.5234,Madelyn Cline,9.2629,Horror,Mystery,Columbia Pictures,Mandalay Pictures,I Know What You Did Last Summer,R,7,0,Sony Pictures Releasing,18452006.0,452006.0
3542,2025,15000000,107,0,Alex Scharfman,0.5928,Paul Rudd,3.0344,Horror,Fantasy,A24,Square Peg,General,R,3,0,A24,5787425.0,-9212575.0
3543,2025,2000000,84,0,Steven Soderbergh,1.2462,Callina Liang,1.0999,Horror,Thriller,Extension 765,The Spectral Spirit Company,General,R,1,0,Neon,4543377.0,2543377.0
3544,2025,80000000,133,1,Gavin O'Connor,0.603,Ben Affleck,10.0095,Mystery,Crime,Artists Equity,51 Entertainment,The Accountant²,R,4,0,,,
3545,2025,1500000,103,0,Eva Victor,0.8254,Eva Victor,0.8254,Drama,Comedy,PASTEL,Big Beach,General,R,6,0,A24,129643.0,-1370357.0
3546,2025,20000000,95,0,Michael Polish,0.2563,Scott Eastwood,3.782,Action,Crime,BondIt Media Capital,Buffalo 8 Productions,General,R,1,0,,,
3547,2025,50000000,129,0,Ron Howard,2.9724,Jude Law,4.5652,Thriller,Drama,Imagine Entertainment,AGC Studios,General,R,4,0,Liberation Entertainment,1339219.0,-48660781.0
3548,2025,1000000,96,0,Eli Craig,0.3471,Katie Douglas,1.5648,Horror,Mystery,Temple Hill Entertainment,Rhea Films,General,R,5,0,RLJ Entertainment,4996779.0,3996779.0
3549,2025,90000000,107,0,Gareth Evans,0.8996,Tom Hardy,10.2616,Action,Crime,XYZ Films,Severn Screen,General,R,4,0,,,
3550,2025,45000000,109,0,Kogonada,0.3391,Colin Farrell,5.3528,Romance,Fantasy,Imperative Entertainment,30WEST,General,R,9,0,Sony Pictures Releasing,4672586.0,-40327414.0
3551,2025,25000000,111,0,Mike Flanagan,1.6771,Tom Hiddleston,3.6928,Fantasy,Drama,Intrepid Pictures,Red Room Pictures,General,R,6,0,Neon,297173.0,-24702827.0
3552,2025,15000000,103,0,David F. Sandberg,0.5309,Ella Rubin,1.2544,Horror,Mystery,PlayStation Productions,Coin Operated,General,R,4,0,Screen Gems,10558890.0,-4441110.0
3553,2025,30000000,102,0,Wes Anderson,2.2128,Benicio del Toro,3.8168,Comedy,Adventure,Indian Paintbrush,American Empirical Pictures,General,PG-13,5,0,Focus Features,732078.0,-29267922.0
3554,2025,18000000,83,0,Jonathan Eusebio,0.4439,Ke Huy Quan,2.5185,Action,Comedy,87North Productions,Universal Pictures,General,R,2,0,Universal Pictures,7918760.0,-10081240.0
3555,2025,40000000,103,0,Joe Carnahan,0.538,Kerry Washington,2.2131,Action,Thriller,Lionsgate,Made With Love Media,General,R,5,0,Lionsgate,2915220.0,-37084780.0
3556,2025,18000000,110,0,Dan Berk,0.7118,Jack Quaid,2.7905,Action,Comedy,Safehouse Pictures,Paramount Pictures,General,R,3,0,Paramount Pictures International,12009062.0,-5990938.0
3557,2025,20000000,105,0,Michael Angelo Covino,0.643,Dakota Johnson,9.3955,Comedy,,NEON,Topic Studios,General,R,8,0,Neon,150004.0,-19849996.0
3558,2025,45000000,122,0,Barry Levinson,0.9426,Robert De Niro,6.5125,Crime,Drama,Warner Bros. Pictures,Winkler Films,General,R,3,0,Warner Bros.,4400740.0,-40599260.0
3559,2025,40000000,144,1,Christian Gudegast,0.883,Gerard Butler,8.5815,Action,Crime,Diamond Film Productions,G-BASE,Den of Thieves 2,R,1,0,,,
3560,2025,320000000,125,0,Joe Russo,0.5991,Millie Bobby Brown,15.892,Science Fiction,Adventure,AGBO,Skybound Entertainment,General,PG-13,3,0,,,
3561,2025,20000000,89,0,Ethan Coen,0.7866,Margaret Qualley,8.0513,Comedy,Crime,Focus Features,Working Title Films,General,R,8,0,Focus Features,4196240.0,-15803760.0
3562,2025,25000000,133,0,Spike Lee,1.2793,Denzel Washington,6.0583,Thriller,Crime,A24,40 Acres and a Mule Filmworks,General,R,8,0,,,
3563,2025,55000000,120,0,Scott Cooper,1.0419,Jeremy Allen White,3.6496,Drama,Music,20th Century Studios,The Gotham Group,General,PG-13,10,0,Walt Disney Studios Motion Pictures,12470557.0,-42529443.0
3564,2025,10000000,95,0,Isaiah Saxon,0.1917,Helena Zengel,0.7497,Family,Fantasy,A24,Encyclopedia Pictura,General,PG,4,0,A24,66471.0,-9933529.0
3565,2025,50000000,94,0,Steven Soderbergh,1.2462,Cate Blanchett,3.8576,Drama,Mystery,Casey Silver Productions,Focus Features,General,R,3,0,Focus Features,10480265.0,-39519735.0
3566,2025,152000000,115,1,Kyle Newacheck,0.6171,Adam Sandler,4.1529,Comedy,,Happy Madison Productions,,Happy Gilmore,PG-13,7,0,,,
3567,2025,50000000,124,1,Michael Morris,0.7765,Renée Zellweger,3.2988,Romance,Comedy,StudioCanal,Miramax,Bridget Jones,R,2,0,,,
3568,2025,1500000,89,0,Marty Murray,0.6991,Kellan Lutz,2.4834,Action,Crime,Premiere Entertainment Group,Al Bravo Films,General,R,5,0,,,
3569,2025,50000000,123,1,Simon Curtis,0.3302,Michelle Dockery,3.2237,Drama,Romance,Carnival Films,Focus Features,Downton Abbey,PG,9,0,Focus Features,25325620.0,-24674380.0
3570,2025,20000000,95,0,David Yarovesky,0.379,Bill Skarsgård,16.2748,Horror,Thriller,north.five.six,ZQ Entertainment,General,R,3,0,The Avenue Entertainment,330000.0,-19670000.0
3571,2025,45000000,87,0,Brad Furman,0.6188,Scott Eastwood,3.782,Action,Thriller,Unified Pictures,Romulus Entertainment,General,NR,5,0,,,
3572,2025,8000000,114,0,Fleur Fortuné,0.1361,Elizabeth Olsen,9.7367,Science Fiction,Drama,Augenschein Filmproduktion,Number 9 Films,General,R,3,0,,,
3573,2025,11000000,95,0,Christopher Landon,0.9686,Meghann Fahy,2.9399,Mystery,Thriller,Blumhouse Productions,Platinum Dunes,General,PG-13,4,0,Universal Pictures International (UPI),10131650.0,-868350.0
3574,2025,4800000,93,0,Seth Worley,0.0398,Tony Hale,1.5557,Adventure,Fantasy,Morphan Time,Wonder Project,General,PG,8,0,Angel,5628958.0,828958.0
3575,2025,40000000,101,0,James Madigan,0.1505,Josh Hartnett,3.5761,Action,Comedy,The Royal Budapest Film Company,Asbury Park Pictures,General,R,4,0,Vertical Entertainment,2724914.0,-37275086.0
3576,2025,14000000,97,1,Lawrence Lamont,0.7175,Keke Palmer,5.2858,Comedy,,TriStar Pictures,HOORAE,One of Them Days,R,1,0,Sony Pictures Releasing,17090885.0,3090885.0
3577,2025,5000000,94,0,Jimmy Warden,0.6446,Samara Weaving,4.9274,Comedy,Horror,LuckyChap Entertainment,Productivity Media,General,R,3,0,,,
3578,2025,6000000,108,0,Jon Gunn,0.985,Zachary Levi,1.9849,Family,Drama,Kingdom Story Company,Lionsgate,General,PG,2,0,Lionsgate,3332392.0,-2667608.0
3579,2025,25000000,102,0,Leigh Whannell,1.2703,Christopher Abbott,0.8385,Horror,Thriller,Universal Pictures,Cloak & Co.,General,R,1,0,Universal Pictures,14409710.0,-10590290.0
3580,2025,12000000,88,0,Jaume Collet-Serra,0.7757,Danielle Deadwyler,1.1327,Drama,Horror,Blumhouse Productions,Homegrown Pictures,General,PG-13,3,0,Universal Pictures,12166985.0,166985.0
3581,2025,2000000,100,0,Andrew DeYoung,0.5604,Tim Robinson,5.3582,Comedy,,BoulderLight Pictures,Fifth Season,General,R,5,0,Yash Raj Films,1408410.0,-591590.0
3582,2025,10000000,104,0,Mark Anthony Green,0.2375,Ayo Edebiri,2.0294,Horror,Mystery,A24,Makeready,General,R,3,0,A24,1521347.0,-8478653.0
3583,2025,3000000,87,0,Genndy Tartakovsky,0.5195,Adam Devine,1.4131,Animation,Comedy,Sony Pictures Animation,,General,R,8,0,,,
3584,2025,2500000,92,0,Andrew Zuchero,0.3594,Kristen Stewart,6.9117,Romance,Drama,AgX,2AM,General,R,1,0,Bleecker Street Media,324009.0,-2175991.0
3585,2025,23800000,93,0,Alex Parkinson,0.0618,Woody Harrelson,6.0845,Thriller,Drama,Dark Castle Entertainment,MetFilm Production,General,PG-13,2,0,Focus Features,10456885.0,-13343115.0
3586,2025,9000000,107,0,Tony Tost,0.1493,Sydney Sweeney,21.2483,Crime,Thriller,Bron Studios,Creative Wealth Media Finance,General,R,8,0,,,
3587,2025,8500000,118,0,Jon Avnet,0.387,Neal McDonough,4.5676,Drama,,Angel Studios,Unity Productions Foundation,General,PG,5,0,Angel,8607185.0,107185.0
3588,2025,13000000,105,0,Johnny Martin,0.3193,Josh Duhamel,2.9623,Action,Thriller,Buffalo 8,Iervolino & Lady Bacardi Entertainment,General,R,6,0,,,
3589,2025,15000000,105,0,Trey Edward Shults,0.6177,The Weeknd,1.0771,Music,Thriller,Manic Phase,Live Nation Productions,General,R,5,0,Lionsgate,4073964.0,-10926036.0
